{
  "Registration" : {
    "transaction" : "Registration",
    "sampleCount" : 5000,
    "errorCount" : 1377,
    "errorPct" : 27.54,
    "meanResTime" : 8145.682600000005,
    "medianResTime" : 6121.0,
    "minResTime" : 196.0,
    "maxResTime" : 23543.0,
    "pct1ResTime" : 17005.800000000003,
    "pct2ResTime" : 19731.749999999996,
    "pct3ResTime" : 22374.11999999998,
    "throughput" : 50.512703945042176,
    "receivedKBytesPerSec" : 132.89561904897207,
    "sentKBytesPerSec" : 32.6063450270243
  },
  "Total" : {
    "transaction" : "Total",
    "sampleCount" : 28623,
    "errorCount" : 1377,
    "errorPct" : 4.8108163,
    "meanResTime" : 3804.1923627851793,
    "medianResTime" : 3570.5,
    "minResTime" : 0.0,
    "maxResTime" : 23543.0,
    "pct1ResTime" : 14326.0,
    "pct2ResTime" : 16501.0,
    "pct3ResTime" : 21547.970000000005,
    "throughput" : 287.41991846243445,
    "receivedKBytesPerSec" : 16026.576099269727,
    "sentKBytesPerSec" : 214.55822221183197
  },
  "Welcome" : {
    "transaction" : "Welcome",
    "sampleCount" : 5000,
    "errorCount" : 0,
    "errorPct" : 0.0,
    "meanResTime" : 3774.530200000002,
    "medianResTime" : 1491.5,
    "minResTime" : 3.0,
    "maxResTime" : 15692.0,
    "pct1ResTime" : 11980.600000000002,
    "pct2ResTime" : 14102.9,
    "pct3ResTime" : 15314.0,
    "throughput" : 64.83738783131905,
    "receivedKBytesPerSec" : 10204.290452046269,
    "sentKBytesPerSec" : 102.44813819440843
  },
  "Welcome-0" : {
    "transaction" : "Welcome-0",
    "sampleCount" : 5000,
    "errorCount" : 0,
    "errorPct" : 0.0,
    "meanResTime" : 2666.0418000000004,
    "medianResTime" : 1189.0,
    "minResTime" : 0.0,
    "maxResTime" : 11566.0,
    "pct1ResTime" : 6996.0,
    "pct2ResTime" : 8141.849999999999,
    "pct3ResTime" : 10819.98,
    "throughput" : 68.26031754699723,
    "receivedKBytesPerSec" : 162.58487743859985,
    "sentKBytesPerSec" : 34.53012157162556
  },
  "Welcome-1" : {
    "transaction" : "Welcome-1",
    "sampleCount" : 5000,
    "errorCount" : 0,
    "errorPct" : 0.0,
    "meanResTime" : 782.0063999999998,
    "medianResTime" : 89.0,
    "minResTime" : 1.0,
    "maxResTime" : 8154.0,
    "pct1ResTime" : 2963.800000000001,
    "pct2ResTime" : 4747.849999999999,
    "pct3ResTime" : 6892.859999999997,
    "throughput" : 64.93169186016311,
    "receivedKBytesPerSec" : 7700.175782264557,
    "sentKBytesPerSec" : 34.93883028803698
  },
  "Welcome-2" : {
    "transaction" : "Welcome-2",
    "sampleCount" : 5000,
    "errorCount" : 0,
    "errorPct" : 0.0,
    "meanResTime" : 849.2841999999995,
    "medianResTime" : 95.0,
    "minResTime" : 1.0,
    "maxResTime" : 8112.0,
    "pct1ResTime" : 3710.9000000000005,
    "pct2ResTime" : 5001.749999999999,
    "pct3ResTime" : 6890.969999999999,
    "throughput" : 64.92494676154367,
    "receivedKBytesPerSec" : 2364.05426264738,
    "sentKBytesPerSec" : 34.80839430867917
  },
  "Registration-0" : {
    "transaction" : "Registration-0",
    "sampleCount" : 3623,
    "errorCount" : 0,
    "errorPct" : 0.0,
    "meanResTime" : 7673.108473640618,
    "medianResTime" : 5801.0,
    "minResTime" : 196.0,
    "maxResTime" : 23543.0,
    "pct1ResTime" : 16768.6,
    "pct2ResTime" : 20037.6,
    "pct3ResTime" : 22359.19999999998,
    "throughput" : 36.60150527857756,
    "receivedKBytesPerSec" : 91.32504490895086,
    "sentKBytesPerSec" : 23.626557606581805
  }
}