{
  "Login Welcome-1" : {
    "transaction" : "Login Welcome-1",
    "sampleCount" : 3000,
    "errorCount" : 9,
    "errorPct" : 0.3,
    "meanResTime" : 12572.336333333331,
    "medianResTime" : 12430.0,
    "minResTime" : 4.0,
    "maxResTime" : 65701.0,
    "pct1ResTime" : 25535.0,
    "pct2ResTime" : 29336.8,
    "pct3ResTime" : 49933.49999999971,
    "throughput" : 17.43091547168057,
    "receivedKBytesPerSec" : 2065.3723901743383,
    "sentKBytesPerSec" : 10.471299044422688
  },
  "Login Welcome-0" : {
    "transaction" : "Login Welcome-0",
    "sampleCount" : 3000,
    "errorCount" : 0,
    "errorPct" : 0.0,
    "meanResTime" : 9126.769333333345,
    "medianResTime" : 9663.5,
    "minResTime" : 2.0,
    "maxResTime" : 29521.0,
    "pct1ResTime" : 16117.0,
    "pct2ResTime" : 28544.0,
    "pct3ResTime" : 29335.0,
    "throughput" : 28.09620139357159,
    "receivedKBytesPerSec" : 72.24345534108788,
    "sentKBytesPerSec" : 14.020663000112386
  },
  "Login" : {
    "transaction" : "Login",
    "sampleCount" : 3000,
    "errorCount" : 1411,
    "errorPct" : 47.033333,
    "meanResTime" : 61190.97033333327,
    "medianResTime" : 69003.5,
    "minResTime" : 619.0,
    "maxResTime" : 123671.0,
    "pct1ResTime" : 99115.0,
    "pct2ResTime" : 100782.6,
    "pct3ResTime" : 110340.60999999997,
    "throughput" : 14.368366604084448,
    "receivedKBytesPerSec" : 4317.035160702697,
    "sentKBytesPerSec" : 66.37117565717317
  },
  "Login-0" : {
    "transaction" : "Login-0",
    "sampleCount" : 2991,
    "errorCount" : 0,
    "errorPct" : 0.0,
    "meanResTime" : 24860.136743564068,
    "medianResTime" : 16827.0,
    "minResTime" : 276.0,
    "maxResTime" : 76766.0,
    "pct1ResTime" : 64811.4,
    "pct2ResTime" : 69201.0,
    "pct3ResTime" : 74597.52,
    "throughput" : 14.57900739917527,
    "receivedKBytesPerSec" : 6.250179929919867,
    "sentKBytesPerSec" : 10.677983934942825
  },
  "Logout-2" : {
    "transaction" : "Logout-2",
    "sampleCount" : 2712,
    "errorCount" : 206,
    "errorPct" : 7.59587,
    "meanResTime" : 4208.965339233031,
    "medianResTime" : 1286.5,
    "minResTime" : 2.0,
    "maxResTime" : 75776.0,
    "pct1ResTime" : 10369.700000000019,
    "pct2ResTime" : 18352.6,
    "pct3ResTime" : 54996.96,
    "throughput" : 13.495693022746613,
    "receivedKBytesPerSec" : 1484.6714195918946,
    "sentKBytesPerSec" : 7.5140101945479785
  },
  "Login-1" : {
    "transaction" : "Login-1",
    "sampleCount" : 2991,
    "errorCount" : 274,
    "errorPct" : 9.160816,
    "meanResTime" : 15880.618856569728,
    "medianResTime" : 7831.0,
    "minResTime" : 2.0,
    "maxResTime" : 67061.0,
    "pct1ResTime" : 49187.000000000015,
    "pct2ResTime" : 57995.2,
    "pct3ResTime" : 64213.16,
    "throughput" : 14.494228476724915,
    "receivedKBytesPerSec" : 66.3196523532526,
    "sentKBytesPerSec" : 7.9847251575538625
  },
  "Logout-1" : {
    "transaction" : "Logout-1",
    "sampleCount" : 2752,
    "errorCount" : 40,
    "errorPct" : 1.4534883,
    "meanResTime" : 6191.284156976734,
    "medianResTime" : 804.0,
    "minResTime" : 1.0,
    "maxResTime" : 66886.0,
    "pct1ResTime" : 16666.40000000002,
    "pct2ResTime" : 38374.9499999996,
    "pct3ResTime" : 61769.85999999997,
    "throughput" : 13.824005143815867,
    "receivedKBytesPerSec" : 36.80686107929714,
    "sentKBytesPerSec" : 6.891360122366557
  },
  "Login-2" : {
    "transaction" : "Login-2",
    "sampleCount" : 2717,
    "errorCount" : 120,
    "errorPct" : 4.416636,
    "meanResTime" : 3000.5465587044523,
    "medianResTime" : 1464.0,
    "minResTime" : 3.0,
    "maxResTime" : 19643.0,
    "pct1ResTime" : 8519.000000000002,
    "pct2ResTime" : 10375.2,
    "pct3ResTime" : 11923.460000000001,
    "throughput" : 13.039805722732552,
    "receivedKBytesPerSec" : 75.78228954445868,
    "sentKBytesPerSec" : 7.169168209954311
  },
  "Logout-0" : {
    "transaction" : "Logout-0",
    "sampleCount" : 2752,
    "errorCount" : 0,
    "errorPct" : 0.0,
    "meanResTime" : 9621.325218023292,
    "medianResTime" : 1104.5,
    "minResTime" : 3.0,
    "maxResTime" : 66549.0,
    "pct1ResTime" : 30527.000000000007,
    "pct2ResTime" : 46555.09999999996,
    "pct3ResTime" : 61940.449999999975,
    "throughput" : 13.85253493335481,
    "receivedKBytesPerSec" : 6.114595497926147,
    "sentKBytesPerSec" : 7.819106632303789
  },
  "Login-3" : {
    "transaction" : "Login-3",
    "sampleCount" : 2717,
    "errorCount" : 275,
    "errorPct" : 10.121457,
    "meanResTime" : 12318.793522267226,
    "medianResTime" : 5990.0,
    "minResTime" : 2.0,
    "maxResTime" : 79403.0,
    "pct1ResTime" : 46355.800000000185,
    "pct2ResTime" : 57778.89999999999,
    "pct3ResTime" : 65980.12000000007,
    "throughput" : 13.143191613898791,
    "receivedKBytesPerSec" : 645.0504664605535,
    "sentKBytesPerSec" : 7.336923987654978
  },
  "Login-4" : {
    "transaction" : "Login-4",
    "sampleCount" : 2717,
    "errorCount" : 386,
    "errorPct" : 14.206846,
    "meanResTime" : 11870.287817445716,
    "medianResTime" : 6013.0,
    "minResTime" : 0.0,
    "maxResTime" : 79371.0,
    "pct1ResTime" : 33680.00000000008,
    "pct2ResTime" : 57148.799999999996,
    "pct3ResTime" : 66804.52000000005,
    "throughput" : 13.134995068938178,
    "receivedKBytesPerSec" : 1723.2238121564571,
    "sentKBytesPerSec" : 7.06508873191944
  },
  "Login-5" : {
    "transaction" : "Login-5",
    "sampleCount" : 2717,
    "errorCount" : 396,
    "errorPct" : 14.574899,
    "meanResTime" : 11396.818917924194,
    "medianResTime" : 5863.0,
    "minResTime" : 2.0,
    "maxResTime" : 78665.0,
    "pct1ResTime" : 28510.0,
    "pct2ResTime" : 56210.799999999916,
    "pct3ResTime" : 67292.44,
    "throughput" : 13.142937303787122,
    "receivedKBytesPerSec" : 244.76609606963532,
    "sentKBytesPerSec" : 7.0719258142985675
  },
  "Login-6" : {
    "transaction" : "Login-6",
    "sampleCount" : 2717,
    "errorCount" : 439,
    "errorPct" : 16.157526,
    "meanResTime" : 11021.693779904275,
    "medianResTime" : 5886.0,
    "minResTime" : 2.0,
    "maxResTime" : 79391.0,
    "pct1ResTime" : 26511.200000000244,
    "pct2ResTime" : 56280.49999999992,
    "pct3ResTime" : 67961.58,
    "throughput" : 13.134804573251795,
    "receivedKBytesPerSec" : 942.7576504752726,
    "sentKBytesPerSec" : 6.850577321674604
  },
  "Logout-4" : {
    "transaction" : "Logout-4",
    "sampleCount" : 2712,
    "errorCount" : 407,
    "errorPct" : 15.007375,
    "meanResTime" : 3842.5460914454356,
    "medianResTime" : 1211.5,
    "minResTime" : 1.0,
    "maxResTime" : 73521.0,
    "pct1ResTime" : 8758.800000000003,
    "pct2ResTime" : 15778.89999999999,
    "pct3ResTime" : 52669.479999999996,
    "throughput" : 13.49576018153589,
    "receivedKBytesPerSec" : 425.91607697360564,
    "sentKBytesPerSec" : 6.88896147307566
  },
  "Login-7" : {
    "transaction" : "Login-7",
    "sampleCount" : 2717,
    "errorCount" : 469,
    "errorPct" : 17.261686,
    "meanResTime" : 10585.503864556515,
    "medianResTime" : 5724.0,
    "minResTime" : 2.0,
    "maxResTime" : 83181.0,
    "pct1ResTime" : 25207.400000000107,
    "pct2ResTime" : 55216.3,
    "pct3ResTime" : 73434.82,
    "throughput" : 13.142365142016871,
    "receivedKBytesPerSec" : 84.47399306210578,
    "sentKBytesPerSec" : 6.78548819508939
  },
  "Logout-3" : {
    "transaction" : "Logout-3",
    "sampleCount" : 2712,
    "errorCount" : 332,
    "errorPct" : 12.241888,
    "meanResTime" : 3780.0707964601816,
    "medianResTime" : 902.0,
    "minResTime" : 2.0,
    "maxResTime" : 69712.0,
    "pct1ResTime" : 8704.1,
    "pct2ResTime" : 17351.75,
    "pct3ResTime" : 55041.659999999996,
    "throughput" : 13.51526447458911,
    "receivedKBytesPerSec" : 1014.3172388456708,