{
  "Login Welcome-1" : {
    "transaction" : "Login Welcome-1",
    "sampleCount" : 6036,
    "errorCount" : 887,
    "errorPct" : 14.695163,
    "meanResTime" : 8998.215540092815,
    "medianResTime" : 8658.0,
    "minResTime" : 1.0,
    "maxResTime" : 59861.0,
    "pct1ResTime" : 17371.6,
    "pct2ResTime" : 21374.499999999996,
    "pct3ResTime" : 43538.46000000001,
    "throughput" : 17.915285276283022,
    "receivedKBytesPerSec" : 1823.0446164823743,
    "sentKBytesPerSec" : 9.208366499997032
  },
  "Login Welcome-0" : {
    "transaction" : "Login Welcome-0",
    "sampleCount" : 6036,
    "errorCount" : 0,
    "errorPct" : 0.0,
    "meanResTime" : 12915.209078860198,
    "medianResTime" : 11165.5,
    "minResTime" : 3.0,
    "maxResTime" : 65583.0,
    "pct1ResTime" : 27188.0,
    "pct2ResTime" : 39643.0,
    "pct3ResTime" : 58928.78,
    "throughput" : 18.85678403733868,
    "receivedKBytesPerSec" : 48.48624254913355,
    "sentKBytesPerSec" : 9.409977190507878
  },
  "Login" : {
    "transaction" : "Login",
    "sampleCount" : 10000,
    "errorCount" : 9245,
    "errorPct" : 92.45,
    "meanResTime" : 42537.96660000006,
    "medianResTime" : 48312.5,
    "minResTime" : 2.0,
    "maxResTime" : 130346.0,
    "pct1ResTime" : 80054.7,
    "pct2ResTime" : 87135.59999999998,
    "pct3ResTime" : 97551.86999999998,
    "throughput" : 25.123166322898005,
    "receivedKBytesPerSec" : 3616.9990198235914,
    "sentKBytesPerSec" : 57.84122775186602
  },
  "Login-0" : {
    "transaction" : "Login-0",
    "sampleCount" : 6558,
    "errorCount" : 0,
    "errorPct" : 0.0,
    "meanResTime" : 25740.14943580355,
    "medianResTime" : 21074.0,
    "minResTime" : 20.0,
    "maxResTime" : 64922.0,
    "pct1ResTime" : 49311.2,
    "pct2ResTime" : 53620.0,
    "pct3ResTime" : 60527.28999999998,
    "throughput" : 16.823105989672182,
    "receivedKBytesPerSec" : 7.220403823966641,
    "sentKBytesPerSec" : 12.18461886994287
  },
  "Logout-2" : {
    "transaction" : "Logout-2",
    "sampleCount" : 5747,
    "errorCount" : 1395,
    "errorPct" : 24.273535,
    "meanResTime" : 9621.658082477827,
    "medianResTime" : 4868.0,
    "minResTime" : 2.0,
    "maxResTime" : 65535.0,
    "pct1ResTime" : 24934.2,
    "pct2ResTime" : 41921.999999999956,
    "pct3ResTime" : 48890.55999999998,
    "throughput" : 16.978244685251052,
    "receivedKBytesPerSec" : 1538.494271444192,
    "sentKBytesPerSec" : 7.746859600817744
  },
  "Login-1" : {
    "transaction" : "Login-1",
    "sampleCount" : 6558,
    "errorCount" : 787,
    "errorPct" : 12.00061,
    "meanResTime" : 14357.566178713067,
    "medianResTime" : 10701.5,
    "minResTime" : 2.0,
    "maxResTime" : 52483.0,
    "pct1ResTime" : 39927.400000000016,
    "pct2ResTime" : 43956.0,
    "pct3ResTime" : 46934.25,
    "throughput" : 16.66031552473135,
    "receivedKBytesPerSec" : 71.43382387965856,
    "sentKBytesPerSec" : 8.899155575985063
  },
  "Logout-1" : {
    "transaction" : "Logout-1",
    "sampleCount" : 6040,
    "errorCount" : 293,
    "errorPct" : 4.850993,
    "meanResTime" : 12763.5660596027,
    "medianResTime" : 9574.5,
    "minResTime" : 1.0,
    "maxResTime" : 58395.0,
    "pct1ResTime" : 36499.5,
    "pct2ResTime" : 45432.14999999999,
    "pct3ResTime" : 47872.770000000004,
    "throughput" : 17.874740683087357,
    "receivedKBytesPerSec" : 47.73759114471586,
    "sentKBytesPerSec" : 8.60347322821072
  },
  "Login-2" : {
    "transaction" : "Login-2",
    "sampleCount" : 5771,
    "errorCount" : 2230,
    "errorPct" : 38.641483,
    "meanResTime" : 13508.702131346417,
    "medianResTime" : 7718.0,
    "minResTime" : 0.0,
    "maxResTime" : 90384.0,
    "pct1ResTime" : 37710.8,
    "pct2ResTime" : 50671.59999999999,
    "pct3ResTime" : 68541.87999999999,
    "throughput" : 14.647170946266634,
    "receivedKBytesPerSec" : 172.44701879325814,
    "sentKBytesPerSec" : 5.237388059452895
  },
  "Logout-0" : {
    "transaction" : "Logout-0",
    "sampleCount" : 6040,
    "errorCount" : 0,
    "errorPct" : 0.0,
    "meanResTime" : 15901.252483443732,
    "medianResTime" : 9887.5,
    "minResTime" : 3.0,
    "maxResTime" : 60100.0,
    "pct1ResTime" : 44045.8,
    "pct2ResTime" : 48458.24999999999,
    "pct3ResTime" : 52526.0,
    "throughput" : 17.944253976553632,
    "receivedKBytesPerSec" : 7.770095002049922,
    "sentKBytesPerSec" : 10.032182306490235
  },
  "Login-3" : {
    "transaction" : "Login-3",
    "sampleCount" : 5771,
    "errorCount" : 1653,
    "errorPct" : 28.643215,
    "meanResTime" : 9079.890313637137,
    "medianResTime" : 5631.0,
    "minResTime" : 1.0,
    "maxResTime" : 59786.0,
    "pct1ResTime" : 22591.600000000006,
    "pct2ResTime" : 42270.799999999996,
    "pct3ResTime" : 47112.479999999996,
    "throughput" : 14.548507208708433,
    "receivedKBytesPerSec" : 594.6298154233776,
    "sentKBytesPerSec" : 6.460492962717402
  },
  "Login-4" : {
    "transaction" : "Login-4",
    "sampleCount" : 5771,
    "errorCount" : 1951,
    "errorPct" : 33.806965,
    "meanResTime" : 8660.038121642698,
    "medianResTime" : 4392.0,
    "minResTime" : 0.0,
    "maxResTime" : 63764.0,
    "pct1ResTime" : 21901.800000000003,
    "pct2ResTime" : 41202.399999999994,
    "pct3ResTime" : 46949.84,
    "throughput" : 14.547920411203739,
    "receivedKBytesPerSec" : 1412.9315122725232,
    "sentKBytesPerSec" : 6.05021246965507
  },
  "Login-5" : {
    "transaction" : "Login-5",
    "sampleCount" : 5120,
    "errorCount" : 1672,
    "errorPct" : 32.65625,
    "meanResTime" : 8963.907812500014,
    "medianResTime" : 5235.0,
    "minResTime" : 0.0,
    "maxResTime" : 65541.0,
    "pct1ResTime" : 22582.20000000001,
    "pct2ResTime" : 40710.8,
    "pct3ResTime" : 47227.43,
    "throughput" : 12.903128252558574,
    "receivedKBytesPerSec" : 196.41532556378732,
    "sentKBytesPerSec" : 5.473335477554353
  },
  "Login-6" : {
    "transaction" : "Login-6",
    "sampleCount" : 5120,
    "errorCount" : 1816,
    "errorPct" : 35.46875,
    "meanResTime" : 8538.993359375,
    "medianResTime" : 4612.5,
    "minResTime" : 0.0,
    "maxResTime" : 65502.0,
    "pct1ResTime" : 21552.20000000002,
    "pct2ResTime" : 37093.299999999996,
    "pct3ResTime" : 47060.34,
    "throughput" : 12.908170468526249,
    "receivedKBytesPerSec" : 721.0193417912418,
    "sentKBytesPerSec" : 5.181723625229422
  },
  "Logout-4" : {
    "transaction" : "Logout-4",
    "sampleCount" : 5747,
    "errorCount" : 2068,
    "errorPct" : 35.983994,
    "meanResTime" : 8864.247259439699,
    "medianResTime" : 3679.0,
    "minResTime" : 1.0,
    "maxResTime" : 65554.0,
    "pct1ResTime" : 21078.59999999999,
    "pct2ResTime" : 40890.39999999997,
    "pct3ResTime" : 49094.0,
    "throughput" : 16.97724157489247,
    "receivedKBytesPerSec" : 414.81120695592034,
    "sentKBytesPerSec" : 6.527259488769969
  },
  "Login-7" : {
    "transaction" : "Login-7",
    "sampleCount" : 5120,
    "errorCount" : 1865,
    "errorPct" : 36.42578,
    "meanResTime" : 8406.786132812475,
    "medianResTime" : 4649.0,
    "minResTime" : 0.0,
    "maxResTime" : 59966.0,
    "pct1ResTime" : 20826.900000000034,
    "pct2ResTime" : 36205.849999999984,
    "pct3ResTime" : 46939.909999999996,
    "throughput" : 12.908072839851659,
    "receivedKBytesPerSec" : 71.42516047640116,
    "sentKBytesPerSec" : 5.120865166260768
  },
  "Logout-3" : {
    "transaction" : "Logout-3",
    "sampleCount" : 5747,
    "errorCount" : 1824,
    "errorPct" : 31.738298,
    "meanResTime" : 9058.982425613332,
    "medianResTime" : 3772.0,
    "minResTime" : 2.0,
    "maxResTime" : 65677.0,
    "pct1ResTime" : 22378.599999999995,
    "pct2ResTime" : 41578.2,
    "pct3ResTime" : 49026.719999999994,
    "throughput" : 16.984215643683157,