{
  "Login Welcome-1" : {
    "transaction" : "Login Welcome-1",
    "sampleCount" : 3000,
    "errorCount" : 563,
    "errorPct" : 18.766666,
    "meanResTime" : 28995.05600000001,
    "medianResTime" : 33425.5,
    "minResTime" : 0.0,
    "maxResTime" : 65374.0,
    "pct1ResTime" : 53820.9,
    "pct2ResTime" : 55604.9,
    "pct3ResTime" : 57551.60999999999,
    "throughput" : 19.325040743627568,
    "receivedKBytesPerSec" : 1873.4271354371324,
    "sentKBytesPerSec" : 9.458884013118482
  },
  "Login Welcome-0" : {
    "transaction" : "Login Welcome-0",
    "sampleCount" : 3000,
    "errorCount" : 0,
    "errorPct" : 0.0,
    "meanResTime" : 26928.56433333334,
    "medianResTime" : 29084.0,
    "minResTime" : 56.0,
    "maxResTime" : 50357.0,
    "pct1ResTime" : 45372.8,
    "pct2ResTime" : 46975.5,
    "pct3ResTime" : 48596.99,
    "throughput" : 27.293073018068014,
    "receivedKBytesPerSec" : 70.09841995851453,
    "sentKBytesPerSec" : 13.6198831174148
  },
  "Login" : {
    "transaction" : "Login",
    "sampleCount" : 3000,
    "errorCount" : 2469,
    "errorPct" : 82.3,
    "meanResTime" : 84136.15466666693,
    "medianResTime" : 87599.0,
    "minResTime" : 0.0,
    "maxResTime" : 143190.0,
    "pct1ResTime" : 119307.1,
    "pct2ResTime" : 129711.24999999999,
    "pct3ResTime" : 139526.87,
    "throughput" : 11.2990520095364,
    "receivedKBytesPerSec" : 2136.9202571169903,
    "sentKBytesPerSec" : 34.86951080872023
  },
  "Login-0" : {
    "transaction" : "Login-0",
    "sampleCount" : 2918,
    "errorCount" : 0,
    "errorPct" : 0.0,
    "meanResTime" : 18527.761137765563,
    "medianResTime" : 5635.5,
    "minResTime" : 182.0,
    "maxResTime" : 59231.0,
    "pct1ResTime" : 45876.399999999994,
    "pct2ResTime" : 48726.24999999999,
    "pct3ResTime" : 55741.62999999999,
    "throughput" : 14.597590747188537,
    "receivedKBytesPerSec" : 5.405467092888302,
    "sentKBytesPerSec" : 10.69159478553848
  },
  "Logout-2" : {
    "transaction" : "Logout-2",
    "sampleCount" : 2220,
    "errorCount" : 447,
    "errorPct" : 20.135136,
    "meanResTime" : 20419.67702702708,
    "medianResTime" : 16829.0,
    "minResTime" : 1.0,
    "maxResTime" : 59314.0,
    "pct1ResTime" : 44110.5,
    "pct2ResTime" : 47847.399999999994,
    "pct3ResTime" : 52267.32,
    "throughput" : 8.593925410921255,
    "receivedKBytesPerSec" : 819.9524804253509,
    "sentKBytesPerSec" : 4.135543073421931
  },
  "Login-1" : {
    "transaction" : "Login-1",
    "sampleCount" : 2918,
    "errorCount" : 30,
    "errorPct" : 1.0281014,
    "meanResTime" : 38008.52535983564,
    "medianResTime" : 42605.0,
    "minResTime" : 0.0,
    "maxResTime" : 60041.0,
    "pct1ResTime" : 50904.2,
    "pct2ResTime" : 53113.45,
    "pct3ResTime" : 56283.7,
    "throughput" : 12.24635400272794,
    "receivedKBytesPerSec" : 40.33849248504879,
    "sentKBytesPerSec" : 7.435777003986989
  },
  "Logout-1" : {
    "transaction" : "Logout-1",
    "sampleCount" : 2249,
    "errorCount" : 29,
    "errorPct" : 1.289462,
    "meanResTime" : 31860.191196087188,
    "medianResTime" : 36227.0,
    "minResTime" : 0.0,
    "maxResTime" : 56481.0,
    "pct1ResTime" : 48513.0,
    "pct2ResTime" : 49368.5,
    "pct3ResTime" : 52724.0,
    "throughput" : 8.54275556095782,
    "receivedKBytesPerSec" : 22.642592576985457,
    "sentKBytesPerSec" : 4.265709753327458
  },
  "Login-2" : {
    "transaction" : "Login-2",
    "sampleCount" : 2888,
    "errorCount" : 651,
    "errorPct" : 22.541552,
    "meanResTime" : 17894.183864265906,
    "medianResTime" : 114.0,
    "minResTime" : 1.0,
    "maxResTime" : 58553.0,
    "pct1ResTime" : 47099.3,
    "pct2ResTime" : 49417.299999999996,
    "pct3ResTime" : 50953.520000000004,
    "throughput" : 11.078292224481185,
    "receivedKBytesPerSec" : 595.7509285753673,
    "sentKBytesPerSec" : 5.294333068011815
  },
  "Logout-0" : {
    "transaction" : "Logout-0",
    "sampleCount" : 2249,
    "errorCount" : 0,
    "errorPct" : 0.0,
    "meanResTime" : 9612.457092040933,
    "medianResTime" : 2233.0,
    "minResTime" : 20.0,
    "maxResTime" : 64167.0,
    "pct1ResTime" : 40365.0,
    "pct2ResTime" : 48533.5,
    "pct3ResTime" : 54884.0,
    "throughput" : 8.797286883867208,
    "receivedKBytesPerSec" : 3.88317741358201,
    "sentKBytesPerSec" : 4.965656073120358
  },
  "Login-3" : {
    "transaction" : "Login-3",
    "sampleCount" : 2888,
    "errorCount" : 957,
    "errorPct" : 33.13712,
    "meanResTime" : 26762.08483379501,
    "medianResTime" : 35498.0,
    "minResTime" : 0.0,
    "maxResTime" : 67798.0,
    "pct1ResTime" : 49491.7,
    "pct2ResTime" : 50894.0,
    "pct3ResTime" : 55592.0,
    "throughput" : 11.096723623187849,
    "receivedKBytesPerSec" : 558.8086292467638,
    "sentKBytesPerSec" : 4.701317471768291
  },
  "Login-4" : {
    "transaction" : "Login-4",
    "sampleCount" : 2888,
    "errorCount" : 979,
    "errorPct" : 33.89889,
    "meanResTime" : 26504.860803324147,
    "medianResTime" : 35267.0,
    "minResTime" : 0.0,
    "maxResTime" : 65607.0,
    "pct1ResTime" : 49488.7,
    "pct2ResTime" : 50832.1,
    "pct3ResTime" : 55587.68000000001,
    "throughput" : 11.081565386224018,
    "receivedKBytesPerSec" : 577.0477209322348,
    "sentKBytesPerSec" : 4.694348336901843
  },
  "Login-5" : {
    "transaction" : "Login-5",
    "sampleCount" : 994,
    "errorCount" : 336,
    "errorPct" : 33.80282,
    "meanResTime" : 24563.57847082491,
    "medianResTime" : 28176.5,
    "minResTime" : 0.0,
    "maxResTime" : 88411.0,
    "pct1ResTime" : 51308.5,
    "pct2ResTime" : 54582.0,
    "pct3ResTime" : 58170.49999999992,
    "throughput" : 4.543065426540826,
    "receivedKBytesPerSec" : 67.49699883166892,
    "sentKBytesPerSec" : 1.8942978158778767
  },
  "Login-6" : {
    "transaction" : "Login-6",
    "sampleCount" : 994,
    "errorCount" : 380,
    "errorPct" : 38.229378,
    "meanResTime" : 22688.827967806876,
    "medianResTime" : 23608.0,
    "minResTime" : 0.0,
    "maxResTime" : 67018.0,
    "pct1ResTime" : 51176.0,
    "pct2ResTime" : 54361.75,
    "pct3ResTime" : 57318.149999999994,
    "throughput" : 4.535437094765084,
    "receivedKBytesPerSec" : 242.22934064771425,
    "sentKBytesPerSec" : 1.742772146187997
  },
  "Logout-4" : {
    "transaction" : "Logout-4",
    "sampleCount" : 2220,
    "errorCount" : 472,
    "errorPct" : 21.261261,
    "meanResTime" : 20057.73108108106,
    "medianResTime" : 16209.0,
    "minResTime" : 1.0,
    "maxResTime" : 57944.0,
    "pct1ResTime" : 43762.6,
    "pct2ResTime" : 48001.69999999999,
    "pct3ResTime" : 52488.18999999999,
    "throughput" : 8.594158295104814,
    "receivedKBytesPerSec" : 252.67158072508371,
    "sentKBytesPerSec" : 4.064124107194704
  },
  "Login-7" : {
    "transaction" : "Login-7",
    "sampleCount" : 994,
    "errorCount" : 379,
    "errorPct" : 38.128773,
    "meanResTime" : 22831.583501006055,
    "medianResTime" : 24519.0,
    "minResTime" : 0.0,
    "maxResTime" : 67415.0,
    "pct1ResTime" : 50787.5,
    "pct2ResTime" : 54250.25,
    "pct3ResTime" : 56647.69999999999,
    "throughput" : 4.544519373642702,
    "receivedKBytesPerSec" : 24.00603372528289,
    "sentKBytesPerSec" : 1.7545978468967882
  },
  "Logout-3" : {
    "transaction" : "Logout-3",
    "sampleCount" : 2220,
    "errorCount" : 467,
    "errorPct" : 21.036036,
    "meanResTime" : 20109.58648648653,
    "medianResTime" : 16519.5,
    "minResTime" : 0.0,
    "maxResTime" : 57475.0,
    "pct1ResTime" : 43769.200000000004,
    "pct2ResTime" : 47546.89999999999,
    "pct3ResTime" : 51853.1,
    "throughput" : 8.594790472945768,
    "receivedKBytesPerSec" : 582.4104328222272,
    "sentKBytesPerSec" : 4.023027208851473
  },
  "Login-8" : {
    "transaction" : "Login-8",
    "sampleCount" : 994,
    "errorCount" : 447,
    "errorPct" : 44.96982,
    "meanResTime" : 21260.655935613664,
    "medianResTime" : 19933.5,
    "minResTime" : 0.0,
    "maxResTime" : 87464.0,
    "pct1ResTime" : 50033.0,
    "pct2ResTime" : 53439.0,