{
  "Registration" : {
    "transaction" : "Registration",
    "sampleCount" : 10000,
    "errorCount" : 3364,
    "errorPct" : 33.64,
    "meanResTime" : 36340.867999999966,
    "medianResTime" : 28839.0,
    "minResTime" : 260.0,
    "maxResTime" : 89001.0,
    "pct1ResTime" : 78968.79999999999,
    "pct2ResTime" : 83894.95,
    "pct3ResTime" : 88375.98,
    "throughput" : 54.02631081336611,
    "receivedKBytesPerSec" : 903.8360949360464,
    "sentKBytesPerSec" : 42.450224040357654
  },
  "Total" : {
    "transaction" : "Total",
    "sampleCount" : 59035,
    "errorCount" : 10648,
    "errorPct" : 18.036758,
    "meanResTime" : 15029.747336325927,
    "medianResTime" : 24927.0,
    "minResTime" : 0.0,
    "maxResTime" : 89001.0,
    "pct1ResTime" : 76373.5,
    "pct2ResTime" : 83420.95,
    "pct3ResTime" : 88336.96,
    "throughput" : 317.5785809963904,
    "receivedKBytesPerSec" : 16465.332695806952,
    "sentKBytesPerSec" : 221.8268198836953
  },
  "Welcome" : {
    "transaction" : "Welcome",
    "sampleCount" : 10000,
    "errorCount" : 3642,
    "errorPct" : 36.42,
    "meanResTime" : 14079.152200000028,
    "medianResTime" : 15907.5,
    "minResTime" : 3.0,
    "maxResTime" : 35613.0,
    "pct1ResTime" : 24998.8,
    "pct2ResTime" : 26780.899999999998,
    "pct3ResTime" : 29008.97,
    "throughput" : 102.18262077985776,
    "receivedKBytesPerSec" : 13979.699656139514,
    "sentKBytesPerSec" : 141.48435184924998
  },
  "Welcome-0" : {
    "transaction" : "Welcome-0",
    "sampleCount" : 10000,
    "errorCount" : 0,
    "errorPct" : 0.0,
    "meanResTime" : 11234.696899999977,
    "medianResTime" : 11658.0,
    "minResTime" : 0.0,
    "maxResTime" : 30999.0,
    "pct1ResTime" : 20818.199999999997,
    "pct2ResTime" : 23098.49999999999,
    "pct3ResTime" : 27691.779999999995,
    "throughput" : 102.20873066977381,
    "receivedKBytesPerSec" : 243.44442783552572,
    "sentKBytesPerSec" : 51.70324461615511
  },
  "Welcome-1" : {
    "transaction" : "Welcome-1",
    "sampleCount" : 10000,
    "errorCount" : 1004,
    "errorPct" : 10.04,
    "meanResTime" : 1879.010899999999,
    "medianResTime" : 596.0,
    "minResTime" : 1.0,
    "maxResTime" : 12890.0,
    "pct1ResTime" : 6044.9,
    "pct2ResTime" : 8365.899999999976,
    "pct3ResTime" : 11016.669999999993,
    "throughput" : 102.30074372640689,
    "receivedKBytesPerSec" : 10940.207223343623,
    "sentKBytesPerSec" : 49.519913798835816
  },
  "Registration-1" : {
    "transaction" : "Registration-1",
    "sampleCount" : 2399,
    "errorCount" : 0,
    "errorPct" : 0.0,
    "meanResTime" : 24.985827428095018,
    "medianResTime" : 4.0,
    "minResTime" : 1.0,
    "maxResTime" : 328.0,
    "pct1ResTime" : 82.0,
    "pct2ResTime" : 104.0,
    "pct3ResTime" : 175.0,
    "throughput" : 28.191689386105104,
    "receivedKBytesPerSec" : 1653.2547500580226,
    "sentKBytesPerSec" : 16.478401966602426
  },
  "Welcome-2" : {
    "transaction" : "Welcome-2",
    "sampleCount" : 10000,
    "errorCount" : 2638,
    "errorPct" : 26.38,
    "meanResTime" : 1579.205800000005,
    "medianResTime" : 229.0,
    "minResTime" : 1.0,
    "maxResTime" : 12891.0,
    "pct1ResTime" : 5494.399999999998,
    "pct2ResTime" : 7937.599999999991,
    "pct3ResTime" : 10771.99,
    "throughput" : 102.3059767151597,
    "receivedKBytesPerSec" : 2812.1331971065315,
    "sentKBytesPerSec" : 40.38026891765392
  },
  "Registration-0" : {
    "transaction" : "Registration-0",
    "sampleCount" : 6636,
    "errorCount" : 0,
    "errorPct" : 0.0,
    "meanResTime" : 35577.43444846298,
    "medianResTime" : 27351.0,
    "minResTime" : 260.0,
    "maxResTime" : 88986.0,
    "pct1ResTime" : 79460.90000000001,
    "pct2ResTime" : 83857.05,
    "pct3ResTime" : 88440.0,
    "throughput" : 35.85476550680787,
    "receivedKBytesPerSec" : 89.46184166981845,
    "sentKBytesPerSec" : 23.14453125
  }
}