{
  "Welcome-3" : {
    "transaction" : "Welcome-3",
    "sampleCount" : 3000,
    "errorCount" : 0,
    "errorPct" : 0.0,
    "meanResTime" : 4.960333333333318,
    "medianResTime" : 4.0,
    "minResTime" : 2.0,
    "maxResTime" : 510.0,
    "pct1ResTime" : 5.0,
    "pct2ResTime" : 6.0,
    "pct3ResTime" : 25.0,
    "throughput" : 50.31615316237022,
    "receivedKBytesPerSec" : 1844.9419949096825,
    "sentKBytesPerSec" : 30.219174018415714
  },
  "Registration-4" : {
    "transaction" : "Registration-4",
    "sampleCount" : 3000,
    "errorCount" : 2,
    "errorPct" : 0.06666667,
    "meanResTime" : 4.950000000000012,
    "medianResTime" : 3.0,
    "minResTime" : 0.0,
    "maxResTime" : 486.0,
    "pct1ResTime" : 4.0,
    "pct2ResTime" : 5.0,
    "pct3ResTime" : 34.0,
    "throughput" : 51.12910097997444,
    "receivedKBytesPerSec" : 1873.5572006817215,
    "sentKBytesPerSec" : 33.131923732424376
  },
  "Registration" : {
    "transaction" : "Registration",
    "sampleCount" : 3000,
    "errorCount" : 7,
    "errorPct" : 0.23333333,
    "meanResTime" : 19.172999999999952,
    "medianResTime" : 12.0,
    "minResTime" : 9.0,
    "maxResTime" : 747.0,
    "pct1ResTime" : 15.0,
    "pct2ResTime" : 18.0,
    "pct3ResTime" : 233.85999999999694,
    "throughput" : 51.08208891688945,
    "receivedKBytesPerSec" : 12501.474513097235,
    "sentKBytesPerSec" : 170.26874100742393
  },
  "Total" : {
    "transaction" : "Total",
    "sampleCount" : 33000,
    "errorCount" : 15,
    "errorPct" : 0.045454547,
    "meanResTime" : 7.034333333333325,
    "medianResTime" : 4.0,
    "minResTime" : 0.0,
    "maxResTime" : 747.0,
    "pct1ResTime" : 8.0,
    "pct2ResTime" : 11.0,
    "pct3ResTime" : 12.0,
    "throughput" : 552.1164463777815,
    "receivedKBytesPerSec" : 49119.50481402668,
    "sentKBytesPerSec" : 565.6679380332943
  },
  "Welcome" : {
    "transaction" : "Welcome",
    "sampleCount" : 3000,
    "errorCount" : 0,
    "errorPct" : 0.0,
    "meanResTime" : 10.80666666666665,
    "medianResTime" : 8.0,
    "minResTime" : 6.0,
    "maxResTime" : 603.0,
    "pct1ResTime" : 10.0,
    "pct2ResTime" : 12.0,
    "pct3ResTime" : 74.96999999999935,
    "throughput" : 50.20248334950969,
    "receivedKBytesPerSec" : 12278.478273829445,
    "sentKBytesPerSec" : 115.55395825663508
  },
  "Registration-3" : {
    "transaction" : "Registration-3",
    "sampleCount" : 3000,
    "errorCount" : 3,
    "errorPct" : 0.1,
    "meanResTime" : 5.463666666666672,
    "medianResTime" : 4.0,
    "minResTime" : 0.0,
    "maxResTime" : 452.0,
    "pct1ResTime" : 5.0,
    "pct2ResTime" : 6.0,
    "pct3ResTime" : 34.98999999999978,
    "throughput" : 51.12997238981491,
    "receivedKBytesPerSec" : 4349.568181418729,
    "sentKBytesPerSec" : 32.722383423662954
  },
  "Welcome-0" : {
    "transaction" : "Welcome-0",
    "sampleCount" : 3000,
    "errorCount" : 0,
    "errorPct" : 0.0,
    "meanResTime" : 3.776666666666672,
    "medianResTime" : 3.0,
    "minResTime" : 2.0,
    "maxResTime" : 486.0,
    "pct1ResTime" : 4.0,
    "pct2ResTime" : 4.0,
    "pct3ResTime" : 21.979999999999563,
    "throughput" : 50.205843960236976,
    "receivedKBytesPerSec" : 196.9500734260468,
    "sentKBytesPerSec" : 25.397096847073
  },
  "Registration-2" : {
    "transaction" : "Registration-2",
    "sampleCount" : 3000,
    "errorCount" : 3,
    "errorPct" : 0.1,
    "meanResTime" : 5.64666666666665,
    "medianResTime" : 4.0,
    "minResTime" : 0.0,
    "maxResTime" : 474.0,
    "pct1ResTime" : 5.0,
    "pct2ResTime" : 6.0,
    "pct3ResTime" : 34.0,
    "throughput" : 51.12735824939926,
    "receivedKBytesPerSec" : 6069.826690238509,
    "sentKBytesPerSec" : 33.21950173193926
  },
  "Welcome-1" : {
    "transaction" : "Welcome-1",
    "sampleCount" : 3000,
    "errorCount" : 0,
    "errorPct" : 0.0,
    "meanResTime" : 5.419666666666667,
    "medianResTime" : 4.0,
    "minResTime" : 3.0,
    "maxResTime" : 397.0,
    "pct1ResTime" : 5.0,
    "pct2ResTime" : 7.0,
    "pct3ResTime" : 31.969999999999345,
    "throughput" : 50.31699708161417,
    "receivedKBytesPerSec" : 5979.5166580708465,
    "sentKBytesPerSec" : 30.317956249371036
  },
  "Registration-1" : {
    "transaction" : "Registration-1",
    "sampleCount" : 3000,
    "errorCount" : 0,
    "errorPct" : 0.0,
    "meanResTime" : 4.603666666666661,
    "medianResTime" : 3.0,
    "minResTime" : 2.0,
    "maxResTime" : 294.0,
    "pct1ResTime" : 4.0,
    "pct2ResTime" : 5.0,
    "pct3ResTime" : 44.0,
    "throughput" : 51.10645474523432,
    "receivedKBytesPerSec" : 200.73257908723872,
    "sentKBytesPerSec" : 31.991442862983593
  },
  "Welcome-2" : {
    "transaction" : "Welcome-2",
    "sampleCount" : 3000,
    "errorCount" : 0,
    "errorPct" : 0.0,
    "meanResTime" : 5.268000000000005,
    "medianResTime" : 4.0,
    "minResTime" : 3.0,
    "maxResTime" : 113.0,
    "pct1ResTime" : 6.0,
    "pct2ResTime" : 7.0,
    "pct3ResTime" : 26.98999999999978,
    "throughput" : 50.31530927143432,
    "receivedKBytesPerSec" : 4284.466510968738,
    "sentKBytesPerSec" : 29.82557883570374
  },
  "Registration-0" : {
    "transaction" : "Registration-0",
    "sampleCount" : 3000,
    "errorCount" : 0,
    "errorPct" : 0.0,
    "meanResTime" : 7.309333333333329,
    "medianResTime" : 4.0,
    "minResTime" : 3.0,
    "maxResTime" : 601.0,
    "pct1ResTime" : 5.0,
    "pct2ResTime" : 6.0,
    "pct3ResTime" : 80.0,
    "throughput" : 51.08817819556555,
    "receivedKBytesPerSec" : 19.058285225298864,
    "sentKBytesPerSec" : 39.313949627056296
  }
}