{
  "Welcome-3" : {
    "transaction" : "Welcome-3",
    "sampleCount" : 4829,
    "errorCount" : 2517,
    "errorPct" : 52.122593,
    "meanResTime" : 24389.610685442116,
    "medianResTime" : 4931.0,
    "minResTime" : 43.0,
    "maxResTime" : 104742.0,
    "pct1ResTime" : 72273.0,
    "pct2ResTime" : 82604.5,
    "pct3ResTime" : 88981.6,
    "throughput" : 22.892982772188986,
    "receivedKBytesPerSec" : 436.2316650434607,
    "sentKBytesPerSec" : 6.582762174193365
  },
  "Registration-4" : {
    "transaction" : "Registration-4",
    "sampleCount" : 2492,
    "errorCount" : 322,
    "errorPct" : 12.921349,
    "meanResTime" : 27694.229935794454,
    "medianResTime" : 25504.5,
    "minResTime" : 1840.0,
    "maxResTime" : 91886.0,
    "pct1ResTime" : 45889.300000000025,
    "pct2ResTime" : 68441.7,
    "pct3ResTime" : 87593.61,
    "throughput" : 9.385392382466037,
    "receivedKBytesPerSec" : 303.1574629546285,
    "sentKBytesPerSec" : 5.299467740538342
  },
  "Registration" : {
    "transaction" : "Registration",
    "sampleCount" : 7000,
    "errorCount" : 4866,
    "errorPct" : 69.51428,
    "meanResTime" : 40912.561857142886,
    "medianResTime" : 4632.5,
    "minResTime" : 3445.0,
    "maxResTime" : 182431.0,
    "pct1ResTime" : 110550.00000000001,
    "pct2ResTime" : 129852.74999999999,
    "pct3ResTime" : 157906.99999999997,
    "throughput" : 26.285452504064857,
    "receivedKBytesPerSec" : 2063.56590296866,
    "sentKBytesPerSec" : 29.419633343753635
  },
  "Total" : {
    "transaction" : "Total",
    "sampleCount" : 46142,
    "errorCount" : 17886,
    "errorPct" : 38.76295,
    "meanResTime" : 37527.85065666803,
    "medianResTime" : 36498.5,
    "minResTime" : 26.0,
    "maxResTime" : 182431.0,
    "pct1ResTime" : 118956.40000000069,
    "pct2ResTime" : 127261.9,
    "pct3ResTime" : 144295.79000000004,
    "throughput" : 172.35428588504237,
    "receivedKBytesPerSec" : 9032.485917913013,
    "sentKBytesPerSec" : 110.53613163062722
  },
  "Welcome" : {
    "transaction" : "Welcome",
    "sampleCount" : 7000,
    "errorCount" : 4944,
    "errorPct" : 70.62857,
    "meanResTime" : 60278.41299999993,
    "medianResTime" : 70582.5,
    "minResTime" : 224.0,
    "maxResTime" : 157069.0,
    "pct1ResTime" : 126376.3,
    "pct2ResTime" : 128704.55,
    "pct3ResTime" : 135693.66999999998,
    "throughput" : 33.01357329484894,
    "receivedKBytesPerSec" : 3152.74438039713,
    "sentKBytesPerSec" : 32.831957190533124
  },
  "Registration-3" : {
    "transaction" : "Registration-3",
    "sampleCount" : 2492,
    "errorCount" : 314,
    "errorPct" : 12.600321,
    "meanResTime" : 27884.41252006418,
    "medianResTime" : 25771.0,
    "minResTime" : 1842.0,
    "maxResTime" : 96897.0,
    "pct1ResTime" : 46257.8,
    "pct2ResTime" : 69333.9,
    "pct3ResTime" : 87918.14,
    "throughput" : 9.385675169766978,
    "receivedKBytesPerSec" : 701.9124428342893,
    "sentKBytesPerSec" : 5.2550788856205575
  },
  "Welcome-0" : {
    "transaction" : "Welcome-0",
    "sampleCount" : 4829,
    "errorCount" : 0,
    "errorPct" : 0.0,
    "meanResTime" : 45845.9150962931,
    "medianResTime" : 49335.0,
    "minResTime" : 34.0,
    "maxResTime" : 107228.0,
    "pct1ResTime" : 83261.0,
    "pct2ResTime" : 87187.5,
    "pct3ResTime" : 98670.1,
    "throughput" : 30.329675851196793,
    "receivedKBytesPerSec" : 118.97881630298585,
    "sentKBytesPerSec" : 15.342550870039002
  },
  "Registration-2" : {
    "transaction" : "Registration-2",
    "sampleCount" : 2492,
    "errorCount" : 317,
    "errorPct" : 12.720706,
    "meanResTime" : 27790.863964687043,
    "medianResTime" : 25540.0,
    "minResTime" : 1840.0,
    "maxResTime" : 92848.0,
    "pct1ResTime" : 46542.800000000076,
    "pct2ResTime" : 70070.5,
    "pct3ResTime" : 88009.36000000003,
    "throughput" : 9.386276149366841,
    "receivedKBytesPerSec" : 976.9809931556832,
    "sentKBytesPerSec" : 5.328179203202332
  },
  "Welcome-1" : {
    "transaction" : "Welcome-1",
    "sampleCount" : 4829,
    "errorCount" : 2067,
    "errorPct" : 42.803894,
    "meanResTime" : 31361.016773659096,
    "medianResTime" : 11732.0,
    "minResTime" : 26.0,
    "maxResTime" : 104354.0,
    "pct1ResTime" : 79926.0,
    "pct2ResTime" : 86397.5,
    "pct3ResTime" : 89950.5,
    "throughput" : 22.79841180664076,
    "receivedKBytesPerSec" : 1577.6946519084643,
    "sentKBytesPerSec" : 7.856991264110325
  },
  "Registration-1" : {
    "transaction" : "Registration-1",
    "sampleCount" : 2675,
    "errorCount" : 183,
    "errorPct" : 6.8411217,
    "meanResTime" : 40759.374953271,
    "medianResTime" : 39581.0,
    "minResTime" : 277.0,
    "maxResTime" : 95511.0,
    "pct1ResTime" : 76850.40000000001,
    "pct2ResTime" : 85474.0,
    "pct3ResTime" : 89935.12,
    "throughput" : 10.172224313707595,
    "receivedKBytesPerSec" : 39.433111059536984,
    "sentKBytesPerSec" : 5.931514905635982
  },
  "Welcome-2" : {
    "transaction" : "Welcome-2",
    "sampleCount" : 4829,
    "errorCount" : 2356,
    "errorPct" : 48.78857,
    "meanResTime" : 26816.0126320149,
    "medianResTime" : 5679.0,
    "minResTime" : 43.0,
    "maxResTime" : 106836.0,
    "pct1ResTime" : 75172.0,
    "pct2ResTime" : 84361.0,
    "pct3ResTime" : 89732.4,
    "throughput" : 23.015952452445294,
    "receivedKBytesPerSec" : 1035.9902409192082,
    "sentKBytesPerSec" : 6.986901120234402
  },
  "Registration-0" : {
    "transaction" : "Registration-0",
    "sampleCount" : 2675,
    "errorCount" : 0,
    "errorPct" : 0.0,
    "meanResTime" : 32291.92299065421,
    "medianResTime" : 37524.0,
    "minResTime" : 59.0,
    "maxResTime" : 100299.0,
    "pct1ResTime" : 65151.200000000004,
    "pct2ResTime" : 77744.39999999995,
    "pct3ResTime" : 90674.11999999997,
    "throughput" : 11.417912677511193,
    "receivedKBytesPerSec" : 4.261484139238777,
    "sentKBytesPerSec" : 8.783672838386382
  }
}