{
  "Login-0" : {
    "transaction" : "Login-0",
    "sampleCount" : 247,
    "errorCount" : 0,
    "errorPct" : 0.0,
    "meanResTime" : 29240.955465587038,
    "medianResTime" : 23112.0,
    "minResTime" : 19392.0,
    "maxResTime" : 73748.0,
    "pct1ResTime" : 41100.4,
    "pct2ResTime" : 51416.8,
    "pct3ResTime" : 62373.24000000003,
    "throughput" : 1.9168684422921711,
    "receivedKBytesPerSec" : 1.166219765183616,
    "sentKBytesPerSec" : 1.5181448307606942
  },
  "Login-1" : {
    "transaction" : "Login-1",
    "sampleCount" : 247,
    "errorCount" : 74,
    "errorPct" : 29.959515,
    "meanResTime" : 39819.13360323884,
    "medianResTime" : 47949.0,
    "minResTime" : 4852.0,
    "maxResTime" : 80662.0,
    "pct1ResTime" : 72420.2,
    "pct2ResTime" : 74307.8,
    "pct3ResTime" : 76164.36,
    "throughput" : 2.0650792589124474,
    "receivedKBytesPerSec" : 163.58801707975218,
    "sentKBytesPerSec" : 1.3662387627708847
  },
  "Login-2" : {
    "transaction" : "Login-2",
    "sampleCount" : 173,
    "errorCount" : 0,
    "errorPct" : 0.0,
    "meanResTime" : 107.19075144508675,
    "medianResTime" : 99.0,
    "minResTime" : 80.0,
    "maxResTime" : 417.0,
    "pct1ResTime" : 125.6,
    "pct2ResTime" : 147.79999999999956,
    "pct3ResTime" : 379.99999999999955,
    "throughput" : 1.5059454377687633,
    "receivedKBytesPerSec" : 8.991553131365448,
    "sentKBytesPerSec" : 0.8662127566853531
  },
  "Login-3" : {
    "transaction" : "Login-3",
    "sampleCount" : 173,
    "errorCount" : 8,
    "errorPct" : 4.6242776,
    "meanResTime" : 7706.260115606937,
    "medianResTime" : 6271.0,
    "minResTime" : 1550.0,
    "maxResTime" : 33234.0,
    "pct1ResTime" : 11426.199999999999,
    "pct2ResTime" : 13661.4,
    "pct3ResTime" : 32918.02,
    "throughput" : 1.4556653147771066,
    "receivedKBytesPerSec" : 75.23926545434848,
    "sentKBytesPerSec" : 0.9558473386777847
  },
  "Welcome-3" : {
    "transaction" : "Welcome-3",
    "sampleCount" : 450,
    "errorCount" : 94,
    "errorPct" : 20.88889,
    "meanResTime" : 3633.5133333333333,
    "medianResTime" : 1121.5,
    "minResTime" : 3.0,
    "maxResTime" : 33017.0,
    "pct1ResTime" : 10851.100000000002,
    "pct2ResTime" : 13095.899999999994,
    "pct3ResTime" : 23666.690000000017,
    "throughput" : 4.721435316336166,
    "receivedKBytesPerSec" : 215.60866760439617,
    "sentKBytesPerSec" : 2.2469441821424825
  },
  "Save Poll-0" : {
    "transaction" : "Save Poll-0",
    "sampleCount" : 915,
    "errorCount" : 0,
    "errorPct" : 0.0,
    "meanResTime" : 8429.712568306015,
    "medianResTime" : 8679.0,
    "minResTime" : 32.0,
    "maxResTime" : 19683.0,
    "pct1ResTime" : 12733.8,
    "pct2ResTime" : 13766.999999999996,
    "pct3ResTime" : 17204.60000000001,
    "throughput" : 3.806979879175196,
    "receivedKBytesPerSec" : 1.1748101970892206,
    "sentKBytesPerSec" : 3.0837772209462946
  },
  "Login-4" : {
    "transaction" : "Login-4",
    "sampleCount" : 173,
    "errorCount" : 11,
    "errorPct" : 6.3583813,
    "meanResTime" : 7418.289017341041,
    "medianResTime" : 6189.0,
    "minResTime" : 2927.0,
    "maxResTime" : 42315.0,
    "pct1ResTime" : 11409.8,
    "pct2ResTime" : 12906.199999999997,
    "pct3ResTime" : 35250.95999999991,
    "throughput" : 1.4686531686404347,
    "receivedKBytesPerSec" : 209.78934370887984,
    "sentKBytesPerSec" : 0.9548997994397046
  },
  "Show New Poll Form-0" : {
    "transaction" : "Show New Poll Form-0",
    "sampleCount" : 960,
    "errorCount" : 0,
    "errorPct" : 0.0,
    "meanResTime" : 9212.19687500001,
    "medianResTime" : 7235.5,
    "minResTime" : 2.0,
    "maxResTime" : 30530.0,
    "pct1ResTime" : 20664.59999999999,
    "pct2ResTime" : 24628.949999999997,
    "pct3ResTime" : 27124.199999999997,
    "throughput" : 3.9945906584833035,
    "receivedKBytesPerSec" : 1.14688442733798,
    "sentKBytesPerSec" : 2.3052442005617393
  },
  "Login-5" : {
    "transaction" : "Login-5",
    "sampleCount" : 173,
    "errorCount" : 12,
    "errorPct" : 6.936416,
    "meanResTime" : 7122.196531791907,
    "medianResTime" : 6290.0,
    "minResTime" : 1089.0,
    "maxResTime" : 15738.0,
    "pct1ResTime" : 11367.4,
    "pct2ResTime" : 12989.299999999997,
    "pct3ResTime" : 15422.759999999997,
    "throughput" : 1.455763308032784,
    "receivedKBytesPerSec" : 28.876051983582695,
    "sentKBytesPerSec" : 0.9446453628048268
  },
  "Show New Poll Form-1" : {
    "transaction" : "Show New Poll Form-1",
    "sampleCount" : 960,
    "errorCount" : 8,
    "errorPct" : 0.8333333,
    "meanResTime" : 10692.710416666667,
    "medianResTime" : 9602.0,
    "minResTime" : 89.0,
    "maxResTime" : 46757.0,
    "pct1ResTime" : 17090.0,
    "pct2ResTime" : 21097.899999999972,
    "pct3ResTime" : 39610.09,
    "throughput" : 3.9796210240062346,
    "receivedKBytesPerSec" : 11.311525433301966,
    "sentKBytesPerSec" : 2.3004917008319894
  },
  "Login-6" : {
    "transaction" : "Login-6",
    "sampleCount" : 173,
    "errorCount" : 13,
    "errorPct" : 7.514451,
    "meanResTime" : 7702.838150289016,
    "medianResTime" : 6258.0,
    "minResTime" : 1229.0,
    "maxResTime" : 41480.0,
    "pct1ResTime" : 12491.4,
    "pct2ResTime" : 13673.199999999999,
    "pct3ResTime" : 25291.0199999998,
    "throughput" : 1.4585370788790342,
    "receivedKBytesPerSec" : 21.52594468993441,
    "sentKBytesPerSec" : 0.9323664026405423
  },
  "Save Poll-2" : {
    "transaction" : "Save Poll-2",
    "sampleCount" : 57,
    "errorCount" : 0,
    "errorPct" : 0.0,
    "meanResTime" : 6446.771929824562,
    "medianResTime" : 6522.0,
    "minResTime" : 334.0,
    "maxResTime" : 15060.0,
    "pct1ResTime" : 9038.400000000003,
    "pct2ResTime" : 10753.09999999999,
    "pct3ResTime" : 15060.0,
    "throughput" : 0.3674242912578803,
    "receivedKBytesPerSec" : 26.11442592573195,
    "sentKBytesPerSec" : 0.24033532099668675
  },
  "Show New Poll Form-2" : {
    "transaction" : "Show New Poll Form-2",
    "sampleCount" : 952,
    "errorCount" : 0,
    "errorPct" : 0.0,
    "meanResTime" : 8951.676470588242,
    "medianResTime" : 9212.0,
    "minResTime" : 68.0,
    "maxResTime" : 46973.0,
    "pct1ResTime" : 15800.5,
    "pct2ResTime" : 17625.74999999998,
    "pct3ResTime" : 42101.4,
    "throughput" : 3.958419958419958,
    "receivedKBytesPerSec" : 144.1331454651767,
    "sentKBytesPerSec" : 2.1931807107588357
  },
  "Save Poll-1" : {
    "transaction" : "Save Poll-1",
    "sampleCount" : 915,
    "errorCount" : 61,
    "errorPct" : 6.6666665,
    "meanResTime" : 16499.68852459018,
    "medianResTime" : 8617.0,
    "minResTime" : 2642.0,
    "maxResTime" : 98042.0,
    "pct1ResTime" : 35789.8,
    "pct2ResTime" : 81171.3999999996,
    "pct3ResTime" : 97029.00000000001,
    "throughput" : 3.583555592109128,
    "receivedKBytesPerSec" : 100.38511978108001,
    "sentKBytesPerSec" : 2.29037224795659
  },
  "Login-7" : {
    "transaction" : "Login-7",
    "sampleCount" : 45,
    "errorCount" : 2,
    "errorPct" : 4.4444447,
    "meanResTime" : 7328.222222222222,
    "medianResTime" : 6783.0,
    "minResTime" : 3301.0,
    "maxResTime" : 14608.0,
    "pct1ResTime" : 10993.4,
    "pct2ResTime" : 11317.599999999999,
    "pct3ResTime" : 14608.0,
    "throughput" : 0.5564348600257196,
    "receivedKBytesPerSec" : 19.22911118418612,
    "sentKBytesPerSec" : 0.3679256456190029
  },
  "Polls-0" : {
    "transaction" : "Polls-0",
    "sampleCount" : 682,
    "errorCount" : 0,
    "errorPct" : 0.0,
    "meanResTime" : 26478.743401759515,
    "medianResTime" : 21656.5,
    "minResTime" : 1.0,
    "maxResTime" : 97929.0,
    "pct1ResTime" : 64610.00000000001,
    "pct2ResTime" : 88952.5,
    "pct3ResTime" : 94299.70999999993,
    "throughput" : 2.814402145878469,
    "receivedKBytesPerSec" : 16.17997523986382,
    "sentKBytesPerSec" : 1.566352651397916
  },
  "Polls-2" : {
    "transaction" : "Polls-2",
    "sampleCount" : 459,
    "errorCount" : 2,
    "errorPct" : 0.43572986,