{
  "Welcome-3" : {
    "transaction" : "Welcome-3",
    "sampleCount" : 4976,
    "errorCount" : 531,
    "errorPct" : 10.671222,
    "meanResTime" : 38.86495176848868,
    "medianResTime" : 12.0,
    "minResTime" : 2.0,
    "maxResTime" : 2504.0,
    "pct1ResTime" : 80.0,
    "pct2ResTime" : 141.0,
    "pct3ResTime" : 447.0,
    "throughput" : 80.87637746643696,
    "receivedKBytesPerSec" : 2671.3148963446347,
    "sentKBytesPerSec" : 43.3898594445844
  },
  "Registration-4" : {
    "transaction" : "Registration-4",
    "sampleCount" : 5707,
    "errorCount" : 779,
    "errorPct" : 13.649903,
    "meanResTime" : 41.790257578412366,
    "medianResTime" : 12.0,
    "minResTime" : 2.0,
    "maxResTime" : 2494.0,
    "pct1ResTime" : 87.0,
    "pct2ResTime" : 200.0,
    "pct3ResTime" : 493.84000000000015,
    "throughput" : 94.4039170926174,
    "receivedKBytesPerSec" : 3022.2596253752913,
    "sentKBytesPerSec" : 52.85924602583825
  },
  "Registration" : {
    "transaction" : "Registration",
    "sampleCount" : 10000,
    "errorCount" : 5791,
    "errorPct" : 57.91,
    "meanResTime" : 153.4625,
    "medianResTime" : 29.0,
    "minResTime" : 2.0,
    "maxResTime" : 3923.0,
    "pct1ResTime" : 416.0,
    "pct2ResTime" : 726.8999999999978,
    "pct3ResTime" : 2107.0,
    "throughput" : 165.17186132170522,
    "receivedKBytesPerSec" : 20633.737301122757,
    "sentKBytesPerSec" : 290.6078408372975
  },
  "Total" : {
    "transaction" : "Total",
    "sampleCount" : 68439,
    "errorCount" : 15270,
    "errorPct" : 22.31184,
    "meanResTime" : 81.09252034658617,
    "medianResTime" : 14.0,
    "minResTime" : 2.0,
    "maxResTime" : 3923.0,
    "pct1ResTime" : 404.0,
    "pct2ResTime" : 912.9500000000007,
    "pct3ResTime" : 2408.9900000000016,
    "throughput" : 1104.9241201162415,
    "receivedKBytesPerSec" : 76183.15114362186,
    "sentKBytesPerSec" : 910.1197983936067
  },
  "Welcome" : {
    "transaction" : "Welcome",
    "sampleCount" : 10000,
    "errorCount" : 5923,
    "errorPct" : 59.23,
    "meanResTime" : 111.61649999999996,
    "medianResTime" : 19.0,
    "minResTime" : 2.0,
    "maxResTime" : 3730.0,
    "pct1ResTime" : 238.0,
    "pct2ResTime" : 439.8999999999978,
    "pct3ResTime" : 2216.99,
    "throughput" : 162.06667422977813,
    "receivedKBytesPerSec" : 18177.92749390224,
    "sentKBytesPerSec" : 171.6632845799637
  },
  "Registration-3" : {
    "transaction" : "Registration-3",
    "sampleCount" : 5707,
    "errorCount" : 713,
    "errorPct" : 12.493429,
    "meanResTime" : 39.21762747503069,
    "medianResTime" : 12.0,
    "minResTime" : 2.0,
    "maxResTime" : 2393.0,
    "pct1ResTime" : 85.0,
    "pct2ResTime" : 191.59999999999945,
    "pct3ResTime" : 450.6800000000003,
    "throughput" : 94.4039170926174,
    "receivedKBytesPerSec" : 7064.819903349503,
    "sentKBytesPerSec" : 52.921794617306006
  },
  "Welcome-0" : {
    "transaction" : "Welcome-0",
    "sampleCount" : 4976,
    "errorCount" : 0,
    "errorPct" : 0.0,
    "meanResTime" : 118.37680868167199,
    "medianResTime" : 12.0,
    "minResTime" : 2.0,
    "maxResTime" : 2942.0,
    "pct1ResTime" : 196.0,
    "pct2ResTime" : 679.2999999999993,
    "pct3ResTime" : 2245.3799999999974,
    "throughput" : 81.0146366877778,
    "receivedKBytesPerSec" : 317.808394116019,
    "sentKBytesPerSec" : 40.98201348073135
  },
  "Registration-2" : {
    "transaction" : "Registration-2",
    "sampleCount" : 5707,
    "errorCount" : 625,
    "errorPct" : 10.951463,
    "meanResTime" : 42.73488698090059,
    "medianResTime" : 12.0,
    "minResTime" : 2.0,
    "maxResTime" : 2518.0,
    "pct1ResTime" : 86.0,
    "pct2ResTime" : 202.59999999999945,
    "pct3ResTime" : 482.7600000000002,
    "throughput" : 94.40547872692385,
    "receivedKBytesPerSec" : 10013.576047421922,
    "sentKBytesPerSec" : 54.67619195808245
  },
  "Welcome-1" : {
    "transaction" : "Welcome-1",
    "sampleCount" : 4976,
    "errorCount" : 436,
    "errorPct" : 8.762058,
    "meanResTime" : 37.24557877813499,
    "medianResTime" : 12.0,
    "minResTime" : 2.0,
    "maxResTime" : 2812.0,
    "pct1ResTime" : 88.0,
    "pct2ResTime" : 148.0,
    "pct3ResTime" : 346.06999999999607,
    "throughput" : 80.8947847574457,
    "receivedKBytesPerSec" : 8789.24697873992,
    "sentKBytesPerSec" : 44.47144205602159
  },
  "Registration-1" : {
    "transaction" : "Registration-1",
    "sampleCount" : 5707,
    "errorCount" : 0,
    "errorPct" : 0.0,
    "meanResTime" : 49.217277028210965,
    "medianResTime" : 12.0,
    "minResTime" : 2.0,
    "maxResTime" : 723.0,
    "pct1ResTime" : 133.0,
    "pct2ResTime" : 249.0,
    "pct3ResTime" : 559.9200000000001,
    "throughput" : 94.36177248677248,
    "receivedKBytesPerSec" : 353.02916834594083,
    "sentKBytesPerSec" : 58.89120757895172
  },
  "Welcome-2" : {
    "transaction" : "Welcome-2",
    "sampleCount" : 4976,
    "errorCount" : 472,
    "errorPct" : 9.485531,
    "meanResTime" : 39.83842443729899,
    "medianResTime" : 13.0,
    "minResTime" : 2.0,
    "maxResTime" : 2496.0,
    "pct1ResTime" : 83.0,
    "pct2ResTime" : 151.0,
    "pct3ResTime" : 401.22999999999956,
    "throughput" : 80.8369614659822,
    "receivedKBytesPerSec" : 6250.315388629866,
    "sentKBytesPerSec" : 43.372726663525896
  },
  "Registration-0" : {
    "transaction" : "Registration-0",
    "sampleCount" : 5707,
    "errorCount" : 0,
    "errorPct" : 0.0,
    "meanResTime" : 130.7189416506045,
    "medianResTime" : 27.0,
    "minResTime" : 3.0,
    "maxResTime" : 3253.0,
    "pct1ResTime" : 302.0,
    "pct2ResTime" : 504.0,
    "pct3ResTime" : 2248.76,
    "throughput" : 94.29940515532056,
    "receivedKBytesPerSec" : 35.90942302131526,
    "sentKBytesPerSec" : 71.58730778564937
  }
}