{
  "Login Welcome-1" : {
    "transaction" : "Login Welcome-1",
    "sampleCount" : 4559,
    "errorCount" : 610,
    "errorPct" : 13.380127,
    "meanResTime" : 8369.625795130523,
    "medianResTime" : 5278.0,
    "minResTime" : 1.0,
    "maxResTime" : 45776.0,
    "pct1ResTime" : 21111.0,
    "pct2ResTime" : 32156.0,
    "pct3ResTime" : 36339.99999999998,
    "throughput" : 14.161903578528827,
    "receivedKBytesPerSec" : 1462.5612960421067,
    "sentKBytesPerSec" : 7.391360455431474
  },
  "Login Welcome-0" : {
    "transaction" : "Login Welcome-0",
    "sampleCount" : 4559,
    "errorCount" : 0,
    "errorPct" : 0.0,
    "meanResTime" : 7868.29809168677,
    "medianResTime" : 6455.0,
    "minResTime" : 3.0,
    "maxResTime" : 46251.0,
    "pct1ResTime" : 17852.0,
    "pct2ResTime" : 20359.0,
    "pct3ResTime" : 34200.8,
    "throughput" : 14.564238867573723,
    "receivedKBytesPerSec" : 37.4488681038297,
    "sentKBytesPerSec" : 7.267896544267747
  },
  "Login" : {
    "transaction" : "Login",
    "sampleCount" : 7000,
    "errorCount" : 5830,
    "errorPct" : 83.28571,
    "meanResTime" : 31415.575285714356,
    "medianResTime" : 21843.0,
    "minResTime" : 1.0,
    "maxResTime" : 120877.0,
    "pct1ResTime" : 84462.70000000001,
    "pct2ResTime" : 92345.6,
    "pct3ResTime" : 103494.78,
    "throughput" : 21.356569280710744,
    "receivedKBytesPerSec" : 4163.567649102223,
    "sentKBytesPerSec" : 63.61253484267073
  },
  "Login-0" : {
    "transaction" : "Login-0",
    "sampleCount" : 4896,
    "errorCount" : 0,
    "errorPct" : 0.0,
    "meanResTime" : 14881.286151960809,
    "medianResTime" : 8241.0,
    "minResTime" : 77.0,
    "maxResTime" : 73286.0,
    "pct1ResTime" : 45249.0,
    "pct2ResTime" : 45584.0,
    "pct3ResTime" : 45726.03,
    "throughput" : 15.05062987623808,
    "receivedKBytesPerSec" : 6.457548125472638,
    "sentKBytesPerSec" : 10.93641206863161
  },
  "Logout-2" : {
    "transaction" : "Logout-2",
    "sampleCount" : 4929,
    "errorCount" : 857,
    "errorPct" : 17.386894,
    "meanResTime" : 6754.913775613705,
    "medianResTime" : 4454.0,
    "minResTime" : 2.0,
    "maxResTime" : 47057.0,
    "pct1ResTime" : 16092.0,
    "pct2ResTime" : 21170.5,
    "pct3ResTime" : 45332.899999999994,
    "throughput" : 16.512839411045412,
    "receivedKBytesPerSec" : 1628.556687114734,
    "sentKBytesPerSec" : 8.219699031809578
  },
  "Login-1" : {
    "transaction" : "Login-1",
    "sampleCount" : 4896,
    "errorCount" : 31,
    "errorPct" : 0.63316995,
    "meanResTime" : 11268.917075163392,
    "medianResTime" : 7896.0,
    "minResTime" : 3.0,
    "maxResTime" : 45730.0,
    "pct1ResTime" : 22826.2,
    "pct2ResTime" : 33670.649999999994,
    "pct3ResTime" : 45400.18,
    "throughput" : 15.017437527030468,
    "receivedKBytesPerSec" : 68.19572445103229,
    "sentKBytesPerSec" : 9.054757256817812
  },
  "Logout-1" : {
    "transaction" : "Logout-1",
    "sampleCount" : 5055,
    "errorCount" : 126,
    "errorPct" : 2.4925816,
    "meanResTime" : 7732.40969337286,
    "medianResTime" : 5944.0,
    "minResTime" : 2.0,
    "maxResTime" : 45580.0,
    "pct1ResTime" : 17299.800000000003,
    "pct2ResTime" : 21589.39999999992,
    "pct3ResTime" : 34139.679999999935,
    "throughput" : 16.92860515661053,
    "receivedKBytesPerSec" : 45.05641900348953,
    "sentKBytesPerSec" : 8.350257403543788
  },
  "Login-2" : {
    "transaction" : "Login-2",
    "sampleCount" : 4865,
    "errorCount" : 1399,
    "errorPct" : 28.756424,
    "meanResTime" : 9486.569167523117,
    "medianResTime" : 4988.0,
    "minResTime" : 2.0,
    "maxResTime" : 63644.0,
    "pct1ResTime" : 26835.4,
    "pct2ResTime" : 31193.6,
    "pct3ResTime" : 47667.740000000005,
    "throughput" : 14.883866072739734,
    "receivedKBytesPerSec" : 151.56825186660203,
    "sentKBytesPerSec" : 6.149866372176196
  },
  "Logout-0" : {
    "transaction" : "Logout-0",
    "sampleCount" : 5055,
    "errorCount" : 0,
    "errorPct" : 0.0,
    "meanResTime" : 10349.639762611274,
    "medianResTime" : 6306.0,
    "minResTime" : 4.0,
    "maxResTime" : 47071.0,
    "pct1ResTime" : 27945.4,
    "pct2ResTime" : 36331.399999999994,
    "pct3ResTime" : 45563.0,
    "throughput" : 16.82235526285138,
    "receivedKBytesPerSec" : 7.325071840275814,
    "sentKBytesPerSec" : 9.431298108441794
  },
  "Login-3" : {
    "transaction" : "Login-3",
    "sampleCount" : 4865,
    "errorCount" : 1002,
    "errorPct" : 20.596094,
    "meanResTime" : 8327.784583761551,
    "medianResTime" : 3419.0,
    "minResTime" : 2.0,
    "maxResTime" : 63039.0,
    "pct1ResTime" : 23596.2,
    "pct2ResTime" : 33888.1,
    "pct3ResTime" : 45299.04,
    "throughput" : 14.902969872413424,
    "receivedKBytesPerSec" : 664.5181065148801,
    "sentKBytesPerSec" : 7.358652491231295
  },
  "Login-4" : {
    "transaction" : "Login-4",
    "sampleCount" : 4865,
    "errorCount" : 1237,
    "errorPct" : 25.426516,
    "meanResTime" : 7935.350256937312,
    "medianResTime" : 2899.0,
    "minResTime" : 0.0,
    "maxResTime" : 46597.0,
    "pct1ResTime" : 23056.000000000036,
    "pct2ResTime" : 33900.1,
    "pct3ResTime" : 45304.36,
    "throughput" : 14.904933180556492,
    "receivedKBytesPerSec" : 1656.7707493606429,
    "sentKBytesPerSec" : 6.9777476279250745
  },
  "Login-5" : {
    "transaction" : "Login-5",
    "sampleCount" : 4520,
    "errorCount" : 1199,
    "errorPct" : 26.526548,
    "meanResTime" : 7835.952212389367,
    "medianResTime" : 2772.0,
    "minResTime" : 0.0,
    "maxResTime" : 62773.0,
    "pct1ResTime" : 22797.000000000007,
    "pct2ResTime" : 34005.149999999994,
    "pct3ResTime" : 45309.43,
    "throughput" : 13.844094666654415,
    "receivedKBytesPerSec" : 226.4666243322981,
    "sentKBytesPerSec" : 6.407000518579265
  },
  "Login-6" : {
    "transaction" : "Login-6",
    "sampleCount" : 4520,
    "errorCount" : 1295,
    "errorPct" : 28.650442,
    "meanResTime" : 7731.188938053117,
    "medianResTime" : 2564.5,
    "minResTime" : 0.0,
    "maxResTime" : 73355.0,
    "pct1ResTime" : 22654.7,
    "pct2ResTime" : 34553.0,
    "pct3ResTime" : 45357.38,
    "throughput" : 13.846681697872757,
    "receivedKBytesPerSec" : 851.1557615033529,
    "sentKBytesPerSec" : 6.145772344048684
  },
  "Logout-4" : {
    "transaction" : "Logout-4",
    "sampleCount" : 4929,
    "errorCount" : 1397,
    "errorPct" : 28.342463,
    "meanResTime" : 5831.3154798133255,
    "medianResTime" : 2307.0,
    "minResTime" : 1.0,
    "maxResTime" : 47566.0,
    "pct1ResTime" : 15745.0,
    "pct2ResTime" : 20142.5,
    "pct3ResTime" : 45301.7,
    "throughput" : 16.512839411045412,
    "receivedKBytesPerSec" : 446.0983204544883,
    "sentKBytesPerSec" : 7.106549628134474
  },
  "Login-7" : {
    "transaction" : "Login-7",
    "sampleCount" : 4520,
    "errorCount" : 1363,
    "errorPct" : 30.154867,
    "meanResTime" : 7361.44225663718,
    "medianResTime" : 2472.5,
    "minResTime" : 0.0,
    "maxResTime" : 62940.0,
    "pct1ResTime" : 21324.600000000002,
    "pct2ResTime" : 33882.0,
    "pct3ResTime" : 45303.37,
    "throughput" : 13.847742235920187,
    "receivedKBytesPerSec" : 80.37352283728598,
    "sentKBytesPerSec" : 6.0355384295909715
  },
  "Logout-3" : {
    "transaction" : "Logout-3",
    "sampleCount" : 4929,
    "errorCount" : 1126,
    "errorPct" : 22.84439,
    "meanResTime" : 6250.30026374517,
    "medianResTime" : 3068.0,
    "minResTime" : 0.0,
    "maxResTime" : 47162.0,
    "pct1ResTime" : 16001.0,
    "pct2ResTime" : 20894.0,
    "pct3ResTime" : 45337.299999999996,
    "throughput" : 16.512784090909093,
    "receivedKBytesPerSec" : 1094.6056536090518,
    "sentKBytesPerSec" : 7.552253238946251
  },
  "Login-8" : {
    "transaction" : "Login-8",