{
  "Login Welcome-1" : {
    "transaction" : "Login Welcome-1",
    "sampleCount" : 3000,
    "errorCount" : 552,
    "errorPct" : 18.4,
    "meanResTime" : 24596.688333333324,
    "medianResTime" : 28988.0,
    "minResTime" : 0.0,
    "maxResTime" : 61996.0,
    "pct1ResTime" : 45105.0,
    "pct2ResTime" : 45990.0,
    "pct3ResTime" : 48099.23999999998,
    "throughput" : 21.12571915468956,
    "receivedKBytesPerSec" : 2057.032110983085,
    "sentKBytesPerSec" : 10.386921947509629
  },
  "Login Welcome-0" : {
    "transaction" : "Login Welcome-0",
    "sampleCount" : 3000,
    "errorCount" : 0,
    "errorPct" : 0.0,
    "meanResTime" : 23616.617999999955,
    "medianResTime" : 26480.0,
    "minResTime" : 64.0,
    "maxResTime" : 44407.0,
    "pct1ResTime" : 37738.3,
    "pct2ResTime" : 39062.0,
    "pct3ResTime" : 40735.67999999999,
    "throughput" : 28.89477486154587,
    "receivedKBytesPerSec" : 74.21216590416566,
    "sentKBytesPerSec" : 14.419169877197206
  },
  "Login" : {
    "transaction" : "Login",
    "sampleCount" : 3000,
    "errorCount" : 2472,
    "errorPct" : 82.4,
    "meanResTime" : 75298.61433333332,
    "medianResTime" : 77617.5,
    "minResTime" : 0.0,
    "maxResTime" : 127049.0,
    "pct1ResTime" : 104058.50000000001,
    "pct2ResTime" : 115650.05,
    "pct3ResTime" : 122626.59999999998,
    "throughput" : 12.686652373038326,
    "receivedKBytesPerSec" : 2416.1756287954236,
    "sentKBytesPerSec" : 39.36110712450681
  },
  "Login-0" : {
    "transaction" : "Login-0",
    "sampleCount" : 2937,
    "errorCount" : 0,
    "errorPct" : 0.0,
    "meanResTime" : 16943.20326864148,
    "medianResTime" : 5545.0,
    "minResTime" : 192.0,
    "maxResTime" : 51389.0,
    "pct1ResTime" : 40763.0,
    "pct2ResTime" : 43681.2,
    "pct3ResTime" : 48059.37999999999,
    "throughput" : 15.910334404134412,
    "receivedKBytesPerSec" : 5.888439580545729,
    "sentKBytesPerSec" : 11.653076956153132
  },
  "Logout-2" : {
    "transaction" : "Logout-2",
    "sampleCount" : 2210,
    "errorCount" : 637,
    "errorPct" : 28.82353,
    "meanResTime" : 15847.726696832555,
    "medianResTime" : 9174.0,
    "minResTime" : 0.0,
    "maxResTime" : 59734.0,
    "pct1ResTime" : 40040.6,
    "pct2ResTime" : 43193.04999999999,
    "pct3ResTime" : 45739.56,
    "throughput" : 9.539431087322486,
    "receivedKBytesPerSec" : 813.8520545118056,
    "sentKBytesPerSec" : 4.091138020945742
  },
  "Login-1" : {
    "transaction" : "Login-1",
    "sampleCount" : 2937,
    "errorCount" : 21,
    "errorPct" : 0.7150153,
    "meanResTime" : 33331.25672454886,
    "medianResTime" : 36896.0,
    "minResTime" : 1.0,
    "maxResTime" : 50501.0,
    "pct1ResTime" : 44300.200000000004,
    "pct2ResTime" : 45450.0,
    "pct3ResTime" : 47153.23999999999,
    "throughput" : 13.682548112535114,
    "receivedKBytesPerSec" : 44.99624557570824,
    "sentKBytesPerSec" : 8.334622659885955
  },
  "Logout-1" : {
    "transaction" : "Logout-1",
    "sampleCount" : 2248,
    "errorCount" : 38,
    "errorPct" : 1.6903914,
    "meanResTime" : 27592.873665480394,
    "medianResTime" : 31411.0,
    "minResTime" : 1.0,
    "maxResTime" : 59268.0,
    "pct1ResTime" : 43343.700000000004,
    "pct2ResTime" : 44110.55,
    "pct3ResTime" : 45628.57,
    "throughput" : 9.754488887346067,
    "receivedKBytesPerSec" : 25.874918775872395,
    "sentKBytesPerSec" : 4.850988981723351
  },
  "Login-2" : {
    "transaction" : "Login-2",
    "sampleCount" : 2916,
    "errorCount" : 706,
    "errorPct" : 24.211248,
    "meanResTime" : 15348.052469135797,
    "medianResTime" : 127.0,
    "minResTime" : 0.0,
    "maxResTime" : 48080.0,
    "pct1ResTime" : 42557.1,
    "pct2ResTime" : 43880.05,
    "pct3ResTime" : 44973.07,
    "throughput" : 12.645218364187492,
    "receivedKBytesPerSec" : 660.7416217229652,
    "sentKBytesPerSec" : 5.909316680922893
  },
  "Logout-0" : {
    "transaction" : "Logout-0",
    "sampleCount" : 2248,
    "errorCount" : 0,
    "errorPct" : 0.0,
    "meanResTime" : 8497.649021352341,
    "medianResTime" : 1951.0,
    "minResTime" : 21.0,
    "maxResTime" : 55730.0,
    "pct1ResTime" : 34074.1,
    "pct2ResTime" : 42032.59999999998,
    "pct3ResTime" : 46721.67,
    "throughput" : 10.09597463431284,
    "receivedKBytesPerSec" : 4.456426303427152,
    "sentKBytesPerSec" : 5.698704432258615
  },
  "Login-3" : {
    "transaction" : "Login-3",
    "sampleCount" : 2916,
    "errorCount" : 981,
    "errorPct" : 33.641975,
    "meanResTime" : 23241.29080932788,
    "medianResTime" : 30118.5,
    "minResTime" : 0.0,
    "maxResTime" : 60783.0,
    "pct1ResTime" : 43766.6,
    "pct2ResTime" : 44657.15,
    "pct3ResTime" : 46622.32,
    "throughput" : 12.69559311407748,
    "receivedKBytesPerSec" : 634.2242779272572,
    "sentKBytesPerSec" : 5.337704926508364
  },
  "Login-4" : {
    "transaction" : "Login-4",
    "sampleCount" : 2916,
    "errorCount" : 992,
    "errorPct" : 34.019203,
    "meanResTime" : 23206.241769547356,
    "medianResTime" : 30098.0,
    "minResTime" : 0.0,
    "maxResTime" : 60805.0,
    "pct1ResTime" : 43741.4,
    "pct2ResTime" : 44715.6,
    "pct3ResTime" : 46719.43,
    "throughput" : 12.746092247438542,
    "receivedKBytesPerSec" : 674.7241126418418,
    "sentKBytesPerSec" : 5.387417031288247
  },
  "Login-5" : {
    "transaction" : "Login-5",
    "sampleCount" : 993,
    "errorCount" : 336,
    "errorPct" : 33.836857,
    "meanResTime" : 21192.033232628393,
    "medianResTime" : 23978.0,
    "minResTime" : 0.0,
    "maxResTime" : 60981.0,
    "pct1ResTime" : 43798.4,
    "pct2ResTime" : 45832.9,
    "pct3ResTime" : 51076.87999999991,
    "throughput" : 5.200423156285023,
    "receivedKBytesPerSec" : 77.24571222033978,
    "sentKBytesPerSec" : 2.167277700567176
  },
  "Login-6" : {
    "transaction" : "Login-6",
    "sampleCount" : 993,
    "errorCount" : 339,
    "errorPct" : 34.138973,
    "meanResTime" : 21211.9133937563,
    "medianResTime" : 23979.0,
    "minResTime" : 0.0,
    "maxResTime" : 61044.0,
    "pct1ResTime" : 43820.2,
    "pct2ResTime" : 45731.6,
    "pct3ResTime" : 55693.399999999994,
    "throughput" : 5.231299290376622,
    "receivedKBytesPerSec" : 297.1449580340351,
    "sentKBytesPerSec" : 2.1432732464874436
  },
  "Logout-4" : {
    "transaction" : "Logout-4",
    "sampleCount" : 2210,
    "errorCount" : 671,
    "errorPct" : 30.361992,
    "meanResTime" : 15641.485067873264,
    "medianResTime" : 8783.5,
    "minResTime" : 0.0,
    "maxResTime" : 59371.0,
    "pct1ResTime" : 40160.8,
    "pct2ResTime" : 43333.649999999994,
    "pct3ResTime" : 45905.59,
    "throughput" : 9.53947226430813,
    "receivedKBytesPerSec" : 250.91260743372007,
    "sentKBytesPerSec" : 3.989751575793481
  },
  "Login-7" : {
    "transaction" : "Login-7",
    "sampleCount" : 993,
    "errorCount" : 366,
    "errorPct" : 36.858006,
    "meanResTime" : 20066.825780463223,
    "medianResTime" : 20935.0,
    "minResTime" : 0.0,
    "maxResTime" : 73782.0,
    "pct1ResTime" : 43508.6,
    "pct2ResTime" : 45403.299999999996,
    "pct3ResTime" : 56008.579999999994,
    "throughput" : 5.2295911649928115,
    "receivedKBytesPerSec" : 27.970684599828314,
    "sentKBytesPerSec" : 2.060567909967295
  },
  "Logout-3" : {
    "transaction" : "Logout-3",
    "sampleCount" : 2210,
    "errorCount" : 676,
    "errorPct" : 30.588236,
    "meanResTime" : 15425.494570135685,
    "medianResTime" : 8570.5,
    "minResTime" : 0.0,
    "maxResTime" : 59902.0,
    "pct1ResTime" : 39674.200000000004,
    "pct2ResTime" : 43093.0,
    "pct3ResTime" : 46013.459999999985,
    "throughput" : 9.539431087322486,
    "receivedKBytesPerSec" : 571.2213307857081,
    "sentKBytesPerSec" : 3.9250418833901675
  },
  "Login-8" : {
    "transaction" : "Login-8",
    "sampleCount" : 993,
    "errorCount" : 458,
    "errorPct" : 46.12286,
    "meanResTime" : 17731.017119838874,
    "medianResTime" : 15616.0,
    "minResTime" : 0.0,
    "maxResTime" : 82543.0,
    "pct1ResTime" : 42008.6,