{
  "Login Welcome-1" : {
    "transaction" : "Login Welcome-1",
    "sampleCount" : 3000,
    "errorCount" : 507,
    "errorPct" : 16.9,
    "meanResTime" : 28281.15233333337,
    "medianResTime" : 31328.5,
    "minResTime" : 0.0,
    "maxResTime" : 64293.0,
    "pct1ResTime" : 52477.0,
    "pct2ResTime" : 53765.299999999996,
    "pct3ResTime" : 58834.92999999991,
    "throughput" : 18.670184959298997,
    "receivedKBytesPerSec" : 1850.6280183465685,
    "sentKBytesPerSec" : 9.3483475816665
  },
  "Login Welcome-0" : {
    "transaction" : "Login Welcome-0",
    "sampleCount" : 3000,
    "errorCount" : 0,
    "errorPct" : 0.0,
    "meanResTime" : 25903.10133333337,
    "medianResTime" : 24669.5,
    "minResTime" : 12.0,
    "maxResTime" : 55461.0,
    "pct1ResTime" : 46151.9,
    "pct2ResTime" : 48757.85,
    "pct3ResTime" : 50740.51999999999,
    "throughput" : 25.699013157894736,
    "receivedKBytesPerSec" : 66.0043013723273,
    "sentKBytesPerSec" : 12.824409886410361
  },
  "Login" : {
    "transaction" : "Login",
    "sampleCount" : 3000,
    "errorCount" : 2479,
    "errorPct" : 82.63333,
    "meanResTime" : 81108.00800000006,
    "medianResTime" : 84339.0,
    "minResTime" : 0.0,
    "maxResTime" : 145454.0,
    "pct1ResTime" : 116787.20000000001,
    "pct2ResTime" : 127019.89999999998,
    "pct3ResTime" : 134150.66,
    "throughput" : 10.76090348545664,
    "receivedKBytesPerSec" : 2060.311900584048,
    "sentKBytesPerSec" : 33.41112359637465
  },
  "Login-0" : {
    "transaction" : "Login-0",
    "sampleCount" : 2912,
    "errorCount" : 0,
    "errorPct" : 0.0,
    "meanResTime" : 18827.169299450554,
    "medianResTime" : 5416.5,
    "minResTime" : 207.0,
    "maxResTime" : 56094.0,
    "pct1ResTime" : 45239.200000000004,
    "pct2ResTime" : 48013.75,
    "pct3ResTime" : 53973.61,
    "throughput" : 14.06308103174335,
    "receivedKBytesPerSec" : 5.208421368445962,
    "sentKBytesPerSec" : 10.300108177546397
  },
  "Logout-2" : {
    "transaction" : "Logout-2",
    "sampleCount" : 2215,
    "errorCount" : 450,
    "errorPct" : 20.316027,
    "meanResTime" : 19194.8681715576,
    "medianResTime" : 13181.0,
    "minResTime" : 1.0,
    "maxResTime" : 62309.0,
    "pct1ResTime" : 42677.600000000006,
    "pct2ResTime" : 46676.2,
    "pct3ResTime" : 53609.480000000054,
    "throughput" : 6.871818100027611,
    "receivedKBytesPerSec" : 654.2159974674713,
    "sentKBytesPerSec" : 3.29934584421759
  },
  "Login-1" : {
    "transaction" : "Login-1",
    "sampleCount" : 2912,
    "errorCount" : 33,
    "errorPct" : 1.1332418,
    "meanResTime" : 36503.94814560424,
    "medianResTime" : 40099.0,
    "minResTime" : 1.0,
    "maxResTime" : 58671.0,
    "pct1ResTime" : 51276.3,
    "pct2ResTime" : 53405.149999999994,
    "pct3ResTime" : 55510.799999999996,
    "throughput" : 12.05881987551919,
    "receivedKBytesPerSec" : 39.695696746768924,
    "sentKBytesPerSec" : 7.314215862244962
  },
  "Logout-1" : {
    "transaction" : "Logout-1",
    "sampleCount" : 2235,
    "errorCount" : 20,
    "errorPct" : 0.8948546,
    "meanResTime" : 29604.976286353507,
    "medianResTime" : 33341.0,
    "minResTime" : 1.0,
    "maxResTime" : 55473.0,
    "pct1ResTime" : 46517.8,
    "pct2ResTime" : 47814.99999999999,
    "pct3ResTime" : 53496.92,
    "throughput" : 8.14323346486386,
    "receivedKBytesPerSec" : 21.58303428128222,
    "sentKBytesPerSec" : 4.082468968724154
  },
  "Login-2" : {
    "transaction" : "Login-2",
    "sampleCount" : 2879,
    "errorCount" : 634,
    "errorPct" : 22.021536,
    "meanResTime" : 17088.577631121938,
    "medianResTime" : 129.0,
    "minResTime" : 0.0,
    "maxResTime" : 65640.0,
    "pct1ResTime" : 45500.0,
    "pct2ResTime" : 46793.0,
    "pct3ResTime" : 47690.2,
    "throughput" : 10.367302844796544,
    "receivedKBytesPerSec" : 564.5901039791141,
    "sentKBytesPerSec" : 4.990128876710479
  },
  "Logout-0" : {
    "transaction" : "Logout-0",
    "sampleCount" : 2235,
    "errorCount" : 0,
    "errorPct" : 0.0,
    "meanResTime" : 8185.402237136483,
    "medianResTime" : 2027.0,
    "minResTime" : 22.0,
    "maxResTime" : 57151.0,
    "pct1ResTime" : 34556.8,
    "pct2ResTime" : 44654.799999999945,
    "pct3ResTime" : 53351.15999999999,
    "throughput" : 8.098677034905842,
    "receivedKBytesPerSec" : 3.574806659938907,
    "sentKBytesPerSec" : 4.571323560718336
  },
  "Login-3" : {
    "transaction" : "Login-3",
    "sampleCount" : 2879,
    "errorCount" : 916,
    "errorPct" : 31.816603,
    "meanResTime" : 25294.22091003818,
    "medianResTime" : 33568.0,
    "minResTime" : 0.0,
    "maxResTime" : 63366.0,
    "pct1ResTime" : 46986.0,
    "pct2ResTime" : 50700.0,
    "pct3ResTime" : 55084.799999999996,
    "throughput" : 10.981340494026822,
    "receivedKBytesPerSec" : 563.8416727317848,
    "sentKBytesPerSec" : 4.744574291877088
  },
  "Login-4" : {
    "transaction" : "Login-4",
    "sampleCount" : 2879,
    "errorCount" : 943,
    "errorPct" : 32.75443,
    "meanResTime" : 25037.533865925623,
    "medianResTime" : 33439.0,
    "minResTime" : 0.0,
    "maxResTime" : 64234.0,
    "pct1ResTime" : 47010.0,
    "pct2ResTime" : 50397.0,
    "pct3ResTime" : 54584.79999999997,
    "throughput" : 11.065926632022386,
    "receivedKBytesPerSec" : 585.9912363117294,
    "sentKBytesPerSec" : 4.768846175836383
  },
  "Login-5" : {
    "transaction" : "Login-5",
    "sampleCount" : 989,
    "errorCount" : 319,
    "errorPct" : 32.254803,
    "meanResTime" : 22881.770475227524,
    "medianResTime" : 22362.0,
    "minResTime" : 0.0,
    "maxResTime" : 63414.0,
    "pct1ResTime" : 52322.0,
    "pct2ResTime" : 54027.0,
    "pct3ResTime" : 58647.900000000016,
    "throughput" : 4.613755428976623,
    "receivedKBytesPerSec" : 69.9295632560331,
    "sentKBytesPerSec" : 1.9687602777350146
  },
  "Login-6" : {
    "transaction" : "Login-6",
    "sampleCount" : 989,
    "errorCount" : 353,
    "errorPct" : 35.69262,
    "meanResTime" : 21597.736097067733,
    "medianResTime" : 19959.0,
    "minResTime" : 0.0,
    "maxResTime" : 63423.0,
    "pct1ResTime" : 52275.0,
    "pct2ResTime" : 53823.5,
    "pct3ResTime" : 58804.80000000001,
    "throughput" : 4.662191465691174,
    "receivedKBytesPerSec" : 258.8251682251499,
    "sentKBytesPerSec" : 1.8650496801519807
  },
  "Logout-4" : {
    "transaction" : "Logout-4",
    "sampleCount" : 2215,
    "errorCount" : 472,
    "errorPct" : 21.309256,
    "meanResTime" : 18962.539051918797,
    "medianResTime" : 13088.0,
    "minResTime" : 1.0,
    "maxResTime" : 61646.0,
    "pct1ResTime" : 42101.200000000026,
    "pct2ResTime" : 46672.799999999996,
    "pct3ResTime" : 53345.600000000006,
    "throughput" : 8.134978202665629,
    "receivedKBytesPerSec" : 239.06238594618245,
    "sentKBytesPerSec" : 3.8446358323294683
  },
  "Login-7" : {
    "transaction" : "Login-7",
    "sampleCount" : 989,
    "errorCount" : 352,
    "errorPct" : 35.591507,
    "meanResTime" : 21564.14256825078,
    "medianResTime" : 20329.0,
    "minResTime" : 0.0,
    "maxResTime" : 64980.0,
    "pct1ResTime" : 52284.0,
    "pct2ResTime" : 53836.0,
    "pct3ResTime" : 58598.70000000001,
    "throughput" : 4.662257399978315,
    "receivedKBytesPerSec" : 25.233889962004252,
    "sentKBytesPerSec" : 1.8738735848823123
  },
  "Logout-3" : {
    "transaction" : "Logout-3",
    "sampleCount" : 2215,
    "errorCount" : 449,
    "errorPct" : 20.27088,
    "meanResTime" : 19255.388261851014,
    "medianResTime" : 13381.0,
    "minResTime" : 0.0,
    "maxResTime" : 57857.0,
    "pct1ResTime" : 42838.8,
    "pct2ResTime" : 46749.399999999994,
    "pct3ResTime" : 53315.24000000002,
    "throughput" : 8.134589818358098,
    "receivedKBytesPerSec" : 556.3977629361555,
    "sentKBytesPerSec" : 3.8445132490065888
  },
  "Login-8" : {
    "transaction" : "Login-8",
    "sampleCount" : 989,
    "errorCount" : 461,
    "errorPct" : 46.61274,
    "meanResTime" : 18897.14155712843,
    "medianResTime" : 12594.0,
    "minResTime" : 0.0,