{
  "Registration" : {
    "transaction" : "Registration",
    "sampleCount" : 3000,
    "errorCount" : 374,
    "errorPct" : 12.466666,
    "meanResTime" : 2450.4443333333334,
    "medianResTime" : 802.5,
    "minResTime" : 184.0,
    "maxResTime" : 9332.0,
    "pct1ResTime" : 6328.200000000001,
    "pct2ResTime" : 7183.0,
    "pct3ResTime" : 8745.939999999999,
    "throughput" : 41.003211918266935,
    "receivedKBytesPerSec" : 104.82874218376271,
    "sentKBytesPerSec" : 26.467893630834414
  },
  "Total" : {
    "transaction" : "Total",
    "sampleCount" : 17626,
    "errorCount" : 374,
    "errorPct" : 2.1218655,
    "meanResTime" : 913.8139680018143,
    "medianResTime" : 115.0,
    "minResTime" : 0.0,
    "maxResTime" : 9332.0,
    "pct1ResTime" : 4059.0,
    "pct2ResTime" : 5618.0,
    "pct3ResTime" : 7655.0,
    "throughput" : 239.18146906761837,
    "receivedKBytesPerSec" : 13006.918535766627,
    "sentKBytesPerSec" : 177.92864591107704
  },
  "Welcome" : {
    "transaction" : "Welcome",
    "sampleCount" : 3000,
    "errorCount" : 0,
    "errorPct" : 0.0,
    "meanResTime" : 579.029333333333,
    "medianResTime" : 27.0,
    "minResTime" : 3.0,
    "maxResTime" : 5470.0,
    "pct1ResTime" : 1764.5000000000005,
    "pct2ResTime" : 3982.5999999999985,
    "pct3ResTime" : 4680.99,
    "throughput" : 45.57815894623297,
    "receivedKBytesPerSec" : 7173.2188435301805,
    "sentKBytesPerSec" : 72.01705192871576
  },
  "Welcome-0" : {
    "transaction" : "Welcome-0",
    "sampleCount" : 3000,
    "errorCount" : 0,
    "errorPct" : 0.0,
    "meanResTime" : 429.4366666666668,
    "medianResTime" : 2.0,
    "minResTime" : 0.0,
    "maxResTime" : 4968.0,
    "pct1ResTime" : 1351.5000000000005,
    "pct2ResTime" : 3302.0,
    "pct3ResTime" : 3842.99,
    "throughput" : 45.694789270863474,
    "receivedKBytesPerSec" : 108.83749124183204,
    "sentKBytesPerSec" : 23.115137541315704
  },
  "Welcome-1" : {
    "transaction" : "Welcome-1",
    "sampleCount" : 3000,
    "errorCount" : 0,
    "errorPct" : 0.0,
    "meanResTime" : 92.0633333333335,
    "medianResTime" : 3.0,
    "minResTime" : 1.0,
    "maxResTime" : 1616.0,
    "pct1ResTime" : 288.9000000000001,
    "pct2ResTime" : 441.89999999999964,
    "pct3ResTime" : 1191.0,
    "throughput" : 45.64473183720045,
    "receivedKBytesPerSec" : 5412.957041650819,
    "sentKBytesPerSec" : 24.560788322556107
  },
  "Welcome-2" : {
    "transaction" : "Welcome-2",
    "sampleCount" : 3000,
    "errorCount" : 0,
    "errorPct" : 0.0,
    "meanResTime" : 88.5459999999999,
    "medianResTime" : 3.0,
    "minResTime" : 1.0,
    "maxResTime" : 1449.0,
    "pct1ResTime" : 269.9000000000001,
    "pct2ResTime" : 420.0,
    "pct3ResTime" : 1227.8999999999978,
    "throughput" : 45.64264849074976,
    "receivedKBytesPerSec" : 1661.945109009859,
    "sentKBytesPerSec" : 24.47052150529455
  },
  "Registration-0" : {
    "transaction" : "Registration-0",
    "sampleCount" : 2626,
    "errorCount" : 0,
    "errorPct" : 0.0,
    "meanResTime" : 1975.7524752475244,
    "medianResTime" : 475.5,
    "minResTime" : 184.0,
    "maxResTime" : 9332.0,
    "pct1ResTime" : 6116.3,
    "pct2ResTime" : 6720.65,
    "pct3ResTime" : 8840.73,
    "throughput" : 35.89147816578965,
    "receivedKBytesPerSec" : 89.55344405624272,
    "sentKBytesPerSec" : 23.16822955819039
  }
}