{
  "Login Welcome-1" : {
    "transaction" : "Login Welcome-1",
    "sampleCount" : 3000,
    "errorCount" : 387,
    "errorPct" : 12.9,
    "meanResTime" : 36158.66166666673,
    "medianResTime" : 46111.5,
    "minResTime" : 24.0,
    "maxResTime" : 76689.0,
    "pct1ResTime" : 59608.4,
    "pct2ResTime" : 60592.9,
    "pct3ResTime" : 63864.40999999999,
    "throughput" : 17.034517610852124,
    "receivedKBytesPerSec" : 1769.515113787029,
    "sentKBytesPerSec" : 8.939911138374226
  },
  "Login Welcome-0" : {
    "transaction" : "Login Welcome-0",
    "sampleCount" : 3000,
    "errorCount" : 0,
    "errorPct" : 0.0,
    "meanResTime" : 29623.317999999967,
    "medianResTime" : 28603.5,
    "minResTime" : 16.0,
    "maxResTime" : 61956.0,
    "pct1ResTime" : 53904.0,
    "pct2ResTime" : 55537.899999999994,
    "pct3ResTime" : 57410.50999999999,
    "throughput" : 24.686887970902387,
    "receivedKBytesPerSec" : 63.477125026744126,
    "sentKBytesPerSec" : 12.31933569641711
  },
  "Login" : {
    "transaction" : "Login",
    "sampleCount" : 3000,
    "errorCount" : 2503,
    "errorPct" : 83.433334,
    "meanResTime" : 84219.4833333333,
    "medianResTime" : 97033.0,
    "minResTime" : 4174.0,
    "maxResTime" : 175388.0,
    "pct1ResTime" : 127459.0,
    "pct2ResTime" : 137319.25,
    "pct3ResTime" : 153997.63999999984,
    "throughput" : 10.329155763668917,
    "receivedKBytesPerSec" : 1763.5325625290507,
    "sentKBytesPerSec" : 28.59788838701625
  },
  "Login-0" : {
    "transaction" : "Login-0",
    "sampleCount" : 2641,
    "errorCount" : 0,
    "errorPct" : 0.0,
    "meanResTime" : 29636.220371071544,
    "medianResTime" : 40890.0,
    "minResTime" : 658.0,
    "maxResTime" : 69742.0,
    "pct1ResTime" : 54043.4,
    "pct2ResTime" : 57957.700000000004,
    "pct3ResTime" : 63046.92,
    "throughput" : 11.520576508667697,
    "receivedKBytesPerSec" : 4.302852580460823,
    "sentKBytesPerSec" : 8.437922247559348
  },
  "Logout-2" : {
    "transaction" : "Logout-2",
    "sampleCount" : 2110,
    "errorCount" : 310,
    "errorPct" : 14.691943,
    "meanResTime" : 19675.125118483393,
    "medianResTime" : 15797.5,
    "minResTime" : 3.0,
    "maxResTime" : 74853.0,
    "pct1ResTime" : 36628.8,
    "pct2ResTime" : 44059.85,
    "pct3ResTime" : 59033.929999999986,
    "throughput" : 6.795972661509028,
    "receivedKBytesPerSec" : 691.606300657776,
    "sentKBytesPerSec" : 3.4932275797318972
  },
  "Login-1" : {
    "transaction" : "Login-1",
    "sampleCount" : 2641,
    "errorCount" : 222,
    "errorPct" : 8.405907,
    "meanResTime" : 36757.25028398336,
    "medianResTime" : 39022.0,
    "minResTime" : 41.0,
    "maxResTime" : 76377.0,
    "pct1ResTime" : 58309.8,
    "pct2ResTime" : 60185.9,
    "pct3ResTime" : 63208.9,
    "throughput" : 10.191756293149025,
    "receivedKBytesPerSec" : 34.3106013162744,
    "sentKBytesPerSec" : 5.723543153607635
  },
  "Logout-1" : {
    "transaction" : "Logout-1",
    "sampleCount" : 2185,
    "errorCount" : 75,
    "errorPct" : 3.4324942,
    "meanResTime" : 29350.87002288331,
    "medianResTime" : 29769.0,
    "minResTime" : 3.0,
    "maxResTime" : 78016.0,
    "pct1ResTime" : 47750.6,
    "pct2ResTime" : 50439.99999999998,
    "pct3ResTime" : 59222.82,
    "throughput" : 7.050365747806643,
    "receivedKBytesPerSec" : 18.8342392411338,
    "sentKBytesPerSec" : 3.4440739215521776
  },
  "Login-2" : {
    "transaction" : "Login-2",
    "sampleCount" : 2419,
    "errorCount" : 477,
    "errorPct" : 19.718893,
    "meanResTime" : 15484.307151715593,
    "medianResTime" : 244.0,
    "minResTime" : 3.0,
    "maxResTime" : 55059.0,
    "pct1ResTime" : 39291.0,
    "pct2ResTime" : 45768.0,
    "pct3ResTime" : 49911.6,
    "throughput" : 8.422203421106689,
    "receivedKBytesPerSec" : 448.26306742811187,
    "sentKBytesPerSec" : 4.158022968043326
  },
  "Logout-0" : {
    "transaction" : "Logout-0",
    "sampleCount" : 2185,
    "errorCount" : 0,
    "errorPct" : 0.0,
    "meanResTime" : 18287.619679633855,
    "medianResTime" : 4103.0,
    "minResTime" : 20.0,
    "maxResTime" : 89827.0,
    "pct1ResTime" : 48228.0,
    "pct2ResTime" : 50996.299999999996,
    "pct3ResTime" : 59830.759999999995,
    "throughput" : 7.375154000641317,
    "receivedKBytesPerSec" : 3.255439070595582,
    "sentKBytesPerSec" : 4.162928723018244
  },
  "Login-3" : {
    "transaction" : "Login-3",
    "sampleCount" : 2419,
    "errorCount" : 770,
    "errorPct" : 31.831335,
    "meanResTime" : 26001.176519222805,
    "medianResTime" : 31071.0,
    "minResTime" : 3.0,
    "maxResTime" : 73721.0,
    "pct1ResTime" : 49019.0,
    "pct2ResTime" : 57585.0,
    "pct3ResTime" : 61165.600000000006,
    "throughput" : 8.399947218190277,
    "receivedKBytesPerSec" : 425.0492977924963,
    "sentKBytesPerSec" : 3.624151085325962
  },
  "Login-4" : {
    "transaction" : "Login-4",
    "sampleCount" : 2419,
    "errorCount" : 748,
    "errorPct" : 30.92187,
    "meanResTime" : 26408.78503513851,
    "medianResTime" : 31631.0,
    "minResTime" : 3.0,
    "maxResTime" : 72777.0,
    "pct1ResTime" : 49355.0,
    "pct2ResTime" : 57586.0,
    "pct3ResTime" : 61140.400000000016,
    "throughput" : 8.423112547269017,
    "receivedKBytesPerSec" : 487.1649934896287,
    "sentKBytesPerSec" : 3.723502853986615
  },
  "Login-5" : {
    "transaction" : "Login-5",
    "sampleCount" : 915,
    "errorCount" : 272,
    "errorPct" : 29.726776,
    "meanResTime" : 28827.688524590136,
    "medianResTime" : 29621.0,
    "minResTime" : 102.0,
    "maxResTime" : 69201.0,
    "pct1ResTime" : 58644.6,
    "pct2ResTime" : 59579.0,
    "pct3ResTime" : 61585.16,
    "throughput" : 3.9720265149048672,
    "receivedKBytesPerSec" : 62.94279600143905,
    "sentKBytesPerSec" : 1.7581736858127028
  },
  "Login-6" : {
    "transaction" : "Login-6",
    "sampleCount" : 915,
    "errorCount" : 267,
    "errorPct" : 29.180328,
    "meanResTime" : 29135.245901639366,
    "medianResTime" : 30594.0,
    "minResTime" : 522.0,
    "maxResTime" : 79278.0,
    "pct1ResTime" : 58753.2,
    "pct2ResTime" : 60025.2,
    "pct3ResTime" : 62553.840000000004,
    "throughput" : 3.9612104420104766,
    "receivedKBytesPerSec" : 242.10644180348714,
    "sentKBytesPerSec" : 1.7451039547166542
  },
  "Logout-4" : {
    "transaction" : "Logout-4",
    "sampleCount" : 2110,
    "errorCount" : 300,
    "errorPct" : 14.21801,
    "meanResTime" : 19799.068246445484,
    "medianResTime" : 15821.0,
    "minResTime" : 3.0,
    "maxResTime" : 74698.0,
    "pct1ResTime" : 36890.8,
    "pct2ResTime" : 44475.79999999999,
    "pct3ResTime" : 58942.09999999999,
    "throughput" : 6.795928884308168,
    "receivedKBytesPerSec" : 216.3216342940769,
    "sentKBytesPerSec" : 3.5012256727486473
  },
  "Login-7" : {
    "transaction" : "Login-7",
    "sampleCount" : 915,
    "errorCount" : 262,
    "errorPct" : 28.63388,
    "meanResTime" : 29326.155191256843,
    "medianResTime" : 31088.0,
    "minResTime" : 513.0,
    "maxResTime" : 74470.0,
    "pct1ResTime" : 58830.0,
    "pct2ResTime" : 59890.2,
    "pct3ResTime" : 63076.28000000001,
    "throughput" : 3.9738550737226124,
    "receivedKBytesPerSec" : 23.682511135751668,
    "sentKBytesPerSec" : 1.7697218505027035
  },
  "Logout-3" : {
    "transaction" : "Logout-3",
    "sampleCount" : 2110,
    "errorCount" : 297,
    "errorPct" : 14.0758295,
    "meanResTime" : 19844.934123222774,
    "medianResTime" : 15814.0,
    "minResTime" : 3.0,
    "maxResTime" : 74547.0,
    "pct1ResTime" : 36965.90000000001,
    "pct2ResTime" : 43720.29999999995,
    "pct3ResTime" : 58854.14,
    "throughput" : 6.796038328367823,
    "receivedKBytesPerSec" : 499.78080146851596,
    "sentKBytesPerSec" : 3.4614646660359125
  },
  "Login-8" : {
    "transaction" : "Login-8",
    "sampleCount" : 915,
    "errorCount" : 330,
    "errorPct" : 36.065575,
    "meanResTime" : 27588.289617486353,
    "medianResTime" : 25466.0,
    "minResTime" : 0.0,
    "maxResTime" : 91452.0,
    "pct1ResTime" : 58413.0,