{
  "Login Welcome-1" : {
    "transaction" : "Login Welcome-1",
    "sampleCount" : 992,
    "errorCount" : 109,
    "errorPct" : 10.987904,
    "meanResTime" : 41197.20362903224,
    "medianResTime" : 35307.0,
    "minResTime" : 219.0,
    "maxResTime" : 161208.0,
    "pct1ResTime" : 148371.00000000003,
    "pct2ResTime" : 152807.35,
    "pct3ResTime" : 156244.71,
    "throughput" : 5.7121140580194165,
    "receivedKBytesPerSec" : 605.5358294171715,
    "sentKBytesPerSec" : 3.0874469977571892
  },
  "Login Welcome-0" : {
    "transaction" : "Login Welcome-0",
    "sampleCount" : 992,
    "errorCount" : 0,
    "errorPct" : 0.0,
    "meanResTime" : 9631.331653225809,
    "medianResTime" : 7904.0,
    "minResTime" : 104.0,
    "maxResTime" : 44240.0,
    "pct1ResTime" : 19091.8,
    "pct2ResTime" : 23394.5,
    "pct3ResTime" : 25943.90999999998,
    "throughput" : 17.9414371235825,
    "receivedKBytesPerSec" : 46.13262104139915,
    "sentKBytesPerSec" : 8.98823949648225
  },
  "Login" : {
    "transaction" : "Login",
    "sampleCount" : 1002,
    "errorCount" : 160,
    "errorPct" : 15.968064,
    "meanResTime" : 148172.83532934147,
    "medianResTime" : 156597.5,
    "minResTime" : 24791.0,
    "maxResTime" : 264094.0,
    "pct1ResTime" : 179623.30000000002,
    "pct2ResTime" : 187539.59999999998,
    "pct3ResTime" : 206034.05000000005,
    "throughput" : 2.7747547166676356,
    "receivedKBytesPerSec" : 965.6115747096477,
    "sentKBytesPerSec" : 14.212583409659857
  },
  "Login-0" : {
    "transaction" : "Login-0",
    "sampleCount" : 932,
    "errorCount" : 0,
    "errorPct" : 0.0,
    "meanResTime" : 55498.6137339056,
    "medianResTime" : 56573.5,
    "minResTime" : 707.0,
    "maxResTime" : 115068.0,
    "pct1ResTime" : 83830.5,
    "pct2ResTime" : 91634.75,
    "pct3ResTime" : 102693.23,
    "throughput" : 3.7145533169924874,
    "receivedKBytesPerSec" : 1.587086777116837,
    "sentKBytesPerSec" : 2.7290038186763916
  },
  "Logout-2" : {
    "transaction" : "Logout-2",
    "sampleCount" : 855,
    "errorCount" : 204,
    "errorPct" : 23.85965,
    "meanResTime" : 33041.378947368416,
    "medianResTime" : 21357.0,
    "minResTime" : 9795.0,
    "maxResTime" : 100518.0,
    "pct1ResTime" : 69708.59999999999,
    "pct2ResTime" : 75249.0,
    "pct3ResTime" : 85305.43999999999,
    "throughput" : 3.047324413523705,
    "receivedKBytesPerSec" : 277.2850464026424,
    "sentKBytesPerSec" : 1.402569069345342
  },
  "Login-1" : {
    "transaction" : "Login-1",
    "sampleCount" : 932,
    "errorCount" : 18,
    "errorPct" : 1.9313304,
    "meanResTime" : 46500.83476394846,
    "medianResTime" : 45082.0,
    "minResTime" : 4369.0,
    "maxResTime" : 159065.0,
    "pct1ResTime" : 62828.3,
    "pct2ResTime" : 67631.79999999999,
    "pct3ResTime" : 96168.6899999998,
    "throughput" : 3.4246701182834025,
    "receivedKBytesPerSec" : 15.601485105027505,
    "sentKBytesPerSec" : 2.066967521440934
  },
  "Logout-1" : {
    "transaction" : "Logout-1",
    "sampleCount" : 961,
    "errorCount" : 106,
    "errorPct" : 11.030177,
    "meanResTime" : 30241.8876170655,
    "medianResTime" : 21298.0,
    "minResTime" : 9590.0,
    "maxResTime" : 101886.0,
    "pct1ResTime" : 66245.60000000002,
    "pct2ResTime" : 68661.2,
    "pct3ResTime" : 76614.14,
    "throughput" : 2.927218563622075,
    "receivedKBytesPerSec" : 7.718037899256164,
    "sentKBytesPerSec" : 1.330738859968687
  },
  "Login-2" : {
    "transaction" : "Login-2",
    "sampleCount" : 914,
    "errorCount" : 0,
    "errorPct" : 0.0,
    "meanResTime" : 1648.4004376367607,
    "medianResTime" : 112.0,
    "minResTime" : 83.0,
    "maxResTime" : 61285.0,
    "pct1ResTime" : 167.5,
    "pct2ResTime" : 1857.75,
    "pct3ResTime" : 47793.05,
    "throughput" : 3.3979968919853376,
    "receivedKBytesPerSec" : 35.38120478902863,
    "sentKBytesPerSec" : 1.964978865918537
  },
  "Logout-0" : {
    "transaction" : "Logout-0",
    "sampleCount" : 961,
    "errorCount" : 0,
    "errorPct" : 0.0,
    "meanResTime" : 28719.753381893886,
    "medianResTime" : 25253.0,
    "minResTime" : 153.0,
    "maxResTime" : 87153.0,
    "pct1ResTime" : 47852.6,
    "pct2ResTime" : 52578.2,
    "pct3ResTime" : 61702.68,
    "throughput" : 3.569823291889703,
    "receivedKBytesPerSec" : 1.5700106518920804,
    "sentKBytesPerSec" : 2.021970223921902
  },
  "Login-3" : {
    "transaction" : "Login-3",
    "sampleCount" : 914,
    "errorCount" : 5,
    "errorPct" : 0.54704595,
    "meanResTime" : 41678.75711159735,
    "medianResTime" : 44032.0,
    "minResTime" : 13737.0,
    "maxResTime" : 150450.0,
    "pct1ResTime" : 61430.0,
    "pct2ResTime" : 64325.5,
    "pct3ResTime" : 80525.65000000001,
    "throughput" : 2.617351263430391,
    "receivedKBytesPerSec" : 144.7268181007093,
    "sentKBytesPerSec" : 1.6256932204445487
  },
  "Login-4" : {
    "transaction" : "Login-4",
    "sampleCount" : 914,
    "errorCount" : 1,
    "errorPct" : 0.10940919,
    "meanResTime" : 41445.44857768055,
    "medianResTime" : 43483.5,
    "minResTime" : 8534.0,
    "maxResTime" : 157180.0,
    "pct1ResTime" : 61540.5,
    "pct2ResTime" : 62878.25,
    "pct3ResTime" : 78017.95000000001,
    "throughput" : 3.2085599042346673,
    "receivedKBytesPerSec" : 474.16390661366165,
    "sentKBytesPerSec" : 2.018438742922036
  },
  "Login-5" : {
    "transaction" : "Login-5",
    "sampleCount" : 878,
    "errorCount" : 4,
    "errorPct" : 0.45558086,
    "meanResTime" : 41650.90205011389,
    "medianResTime" : 43172.0,
    "minResTime" : 8308.0,
    "maxResTime" : 191626.0,
    "pct1ResTime" : 61662.1,
    "pct2ResTime" : 63547.89999999999,
    "pct3ResTime" : 87070.05000000009,
    "throughput" : 3.131777194384203,
    "receivedKBytesPerSec" : 68.95154002267685,
    "sentKBytesPerSec" : 2.0039609245698267
  },
  "Login-6" : {
    "transaction" : "Login-6",
    "sampleCount" : 877,
    "errorCount" : 3,
    "errorPct" : 0.34207526,
    "meanResTime" : 41630.553021664826,
    "medianResTime" : 43885.0,
    "minResTime" : 8165.0,
    "maxResTime" : 155797.0,
    "pct1ResTime" : 61509.600000000006,
    "pct2ResTime" : 62885.09999999997,
    "pct3ResTime" : 80957.80000000006,
    "throughput" : 2.5178647817611273,
    "receivedKBytesPerSec" : 213.59908568151022,
    "sentKBytesPerSec" : 1.5658319271426973
  },
  "Logout-4" : {
    "transaction" : "Logout-4",
    "sampleCount" : 855,
    "errorCount" : 203,
    "errorPct" : 23.74269,
    "meanResTime" : 32851.82923976608,
    "medianResTime" : 21207.0,
    "minResTime" : 9692.0,
    "maxResTime" : 177259.0,
    "pct1ResTime" : 70355.6,
    "pct2ResTime" : 74564.2,
    "pct3ResTime" : 86640.8,
    "throughput" : 3.0473135525260626,
    "receivedKBytesPerSec" : 87.50032717410674,
    "sentKBytesPerSec" : 1.4086167914104963
  },
  "Login-7" : {
    "transaction" : "Login-7",
    "sampleCount" : 877,
    "errorCount" : 3,
    "errorPct" : 0.34207526,
    "meanResTime" : 41627.5792474344,
    "medianResTime" : 44366.0,
    "minResTime" : 8393.0,
    "maxResTime" : 151784.0,
    "pct1ResTime" : 61696.2,
    "pct2ResTime" : 62838.39999999999,
    "pct3ResTime" : 73929.62000000002,
    "throughput" : 2.4753034151848716,
    "receivedKBytesPerSec" : 17.766436459215353,
    "sentKBytesPerSec" : 1.5459483268063787
  },
  "Logout-3" : {
    "transaction" : "Logout-3",
    "sampleCount" : 855,
    "errorCount" : 202,
    "errorPct" : 23.62573,
    "meanResTime" : 32864.708771929836,
    "medianResTime" : 21261.0,
    "minResTime" : 9885.0,
    "maxResTime" : 121796.0,
    "pct1ResTime" : 69966.2,
    "pct2ResTime" : 74952.4,
    "pct3ResTime" : 89807.79999999999,
    "throughput" : 3.0473135525260626,
    "receivedKBytesPerSec" : 200.29091695068163,
    "sentKBytesPerSec" : 1.392581779604384
  },
  "Login-8" : {
    "transaction" : "Login-8",
    "sampleCount" : 877,
    "errorCount" : 25,
    "errorPct" : 2.8506272,
    "meanResTime" : 42460.42987457246,
    "medianResTime" : 44309.0,
    "minResTime" : 777.0,