{
  "Save Poll" : {
    "transaction" : "Save Poll",
    "sampleCount" : 3000,
    "errorCount" : 927,
    "errorPct" : 30.9,
    "meanResTime" : 47.204333333333246,
    "medianResTime" : 19.0,
    "minResTime" : 2.0,
    "maxResTime" : 3596.0,
    "pct1ResTime" : 134.0,
    "pct2ResTime" : 171.89999999999964,
    "pct3ResTime" : 429.8999999999978,
    "throughput" : 53.74321491911646,
    "receivedKBytesPerSec" : 2338.5514985959585,
    "sentKBytesPerSec" : 48.44669162927035
  },
  "Polls" : {
    "transaction" : "Polls",
    "sampleCount" : 3000,
    "errorCount" : 972,
    "errorPct" : 32.4,
    "meanResTime" : 296.0409999999994,
    "medianResTime" : 134.0,
    "minResTime" : 2.0,
    "maxResTime" : 7362.0,
    "pct1ResTime" : 643.4000000000005,
    "pct2ResTime" : 1191.9499999999998,
    "pct3ResTime" : 3702.959999999999,
    "throughput" : 50.12866356982923,
    "receivedKBytesPerSec" : 19224.63027826108,
    "sentKBytesPerSec" : 167.82675142240083
  },
  "Save Poll-0" : {
    "transaction" : "Save Poll-0",
    "sampleCount" : 2565,
    "errorCount" : 0,
    "errorPct" : 0.0,
    "meanResTime" : 35.673684210526304,
    "medianResTime" : 18.0,
    "minResTime" : 9.0,
    "maxResTime" : 729.0,
    "pct1ResTime" : 44.0,
    "pct2ResTime" : 131.39999999999964,
    "pct3ResTime" : 393.6800000000003,
    "throughput" : 46.04282970435656,
    "receivedKBytesPerSec" : 516.4309107931393,
    "sentKBytesPerSec" : 32.553719439408354
  },
  "Show New Poll Form-0" : {
    "transaction" : "Show New Poll Form-0",
    "sampleCount" : 2424,
    "errorCount" : 0,
    "errorPct" : 0.0,
    "meanResTime" : 8.19966996699666,
    "medianResTime" : 1.0,
    "minResTime" : 0.0,
    "maxResTime" : 339.0,
    "pct1ResTime" : 5.0,
    "pct2ResTime" : 11.0,
    "pct3ResTime" : 318.75,
    "throughput" : 43.525883895063835,
    "receivedKBytesPerSec" : 50.496826237632646,
    "sentKBytesPerSec" : 22.358022391409744
  },
  "Show New Poll Form-1" : {
    "transaction" : "Show New Poll Form-1",
    "sampleCount" : 189,
    "errorCount" : 22,
    "errorPct" : 11.640212,
    "meanResTime" : 109.04232804232801,
    "medianResTime" : 110.0,
    "minResTime" : 2.0,
    "maxResTime" : 532.0,
    "pct1ResTime" : 150.0,
    "pct2ResTime" : 168.0,
    "pct3ResTime" : 530.2,
    "throughput" : 3.4857343095848474,
    "receivedKBytesPerSec" : 428.39695557302525,
    "sentKBytesPerSec" : 1.6693291402316446
  },
  "Save Poll-2" : {
    "transaction" : "Save Poll-2",
    "sampleCount" : 531,
    "errorCount" : 185,
    "errorPct" : 34.839924,
    "meanResTime" : 40.35781544256126,
    "medianResTime" : 11.0,
    "minResTime" : 1.0,
    "maxResTime" : 477.0,
    "pct1ResTime" : 118.0,
    "pct2ResTime" : 135.39999999999998,
    "pct3ResTime" : 319.91999999999405,
    "throughput" : 33.92537694863276,
    "receivedKBytesPerSec" : 937.7537490216905,
    "sentKBytesPerSec" : 12.507574411417071
  },
  "Save Poll-1" : {
    "transaction" : "Save Poll-1",
    "sampleCount" : 535,
    "errorCount" : 91,
    "errorPct" : 17.009346,
    "meanResTime" : 79.00560747663546,
    "medianResTime" : 96.0,
    "minResTime" : 1.0,
    "maxResTime" : 3572.0,
    "pct1ResTime" : 134.0,
    "pct2ResTime" : 152.2,
    "pct3ResTime" : 330.91999999999825,
    "throughput" : 9.74445840846584,
    "receivedKBytesPerSec" : 605.4456624068813,
    "sentKBytesPerSec" : 4.651563040726372
  },
  "Polls-0" : {
    "transaction" : "Polls-0",
    "sampleCount" : 2260,
    "errorCount" : 0,
    "errorPct" : 0.0,
    "meanResTime" : 13.928761061946899,
    "medianResTime" : 5.0,
    "minResTime" : 2.0,
    "maxResTime" : 676.0,
    "pct1ResTime" : 14.0,
    "pct2ResTime" : 30.0,
    "pct3ResTime" : 242.0,
    "throughput" : 37.829332797696765,
    "receivedKBytesPerSec" : 415.1453299971126,
    "sentKBytesPerSec" : 19.28409347695089
  },
  "Total" : {
    "transaction" : "Total",
    "sampleCount" : 37715,
    "errorCount" : 5066,
    "errorPct" : 13.432322,
    "meanResTime" : 78.56574307304832,
    "medianResTime" : 8.0,
    "minResTime" : 0.0,
    "maxResTime" : 7362.0,
    "pct1ResTime" : 137.0,
    "pct2ResTime" : 201.0,
    "pct3ResTime" : 1188.9800000000032,
    "throughput" : 628.7824477751288,
    "receivedKBytesPerSec" : 43559.1435171919,
    "sentKBytesPerSec" : 469.60723760440806
  },
  "Polls-2" : {
    "transaction" : "Polls-2",
    "sampleCount" : 2260,
    "errorCount" : 38,
    "errorPct" : 1.6814159,
    "meanResTime" : 313.06371681415936,
    "medianResTime" : 133.0,
    "minResTime" : 4.0,
    "maxResTime" : 4498.0,
    "pct1ResTime" : 726.5000000000005,
    "pct2ResTime" : 1274.2999999999975,
    "pct3ResTime" : 3095.3399999999992,
    "throughput" : 37.99660384337329,
    "receivedKBytesPerSec" : 224.7850869634661,
    "sentKBytesPerSec" : 19.700361682274416
  },
  "Show New Poll Form" : {
    "transaction" : "Show New Poll Form",
    "sampleCount" : 3000,
    "errorCount" : 598,
    "errorPct" : 19.933332,
    "meanResTime" : 15.165000000000001,
    "medianResTime" : 1.0,
    "minResTime" : 0.0,
    "maxResTime" : 537.0,
    "pct1ResTime" : 20.0,
    "pct2ResTime" : 115.0,
    "pct3ResTime" : 303.96999999999935,
    "throughput" : 53.86866818696019,
    "receivedKBytesPerSec" : 493.04901291276866,
    "sentKBytesPerSec" : 23.983288508241905
  },
  "Save Poll-8" : {
    "transaction" : "Save Poll-8",
    "sampleCount" : 157,
    "errorCount" : 120,
    "errorPct" : 76.43312,
    "meanResTime" : 13.012738853503185,
    "medianResTime" : 9.0,
    "minResTime" : 2.0,
    "maxResTime" : 111.0,
    "pct1ResTime" : 29.200000000000017,
    "pct2ResTime" : 40.49999999999997,
    "pct3ResTime" : 91.85999999999959,
    "throughput" : 10.2661348329301,
    "receivedKBytesPerSec" : 158.02911513846206,
    "sentKBytesPerSec" : 1.3561913538873995
  },
  "Polls-1" : {
    "transaction" : "Polls-1",
    "sampleCount" : 2260,
    "errorCount" : 25,
    "errorPct" : 1.1061947,
    "meanResTime" : 356.00088495575295,
    "medianResTime" : 133.0,
    "minResTime" : 3.0,
    "maxResTime" : 7357.0,
    "pct1ResTime" : 899.9000000000001,
    "pct2ResTime" : 1667.9499999999998,
    "pct3ResTime" : 3692.0,
    "throughput" : 37.942381304143446,
    "receivedKBytesPerSec" : 5206.761041038841,
    "sentKBytesPerSec" : 20.33699111984588
  },
  "Save Poll-7" : {
    "transaction" : "Save Poll-7",
    "sampleCount" : 307,
    "errorCount" : 231,
    "errorPct" : 75.2443,
    "meanResTime" : 14.47231270358307,
    "medianResTime" : 11.0,
    "minResTime" : 3.0,
    "maxResTime" : 118.0,
    "pct1ResTime" : 25.0,
    "pct2ResTime" : 34.7999999999999,
    "pct3ResTime" : 75.68000000000006,
    "throughput" : 20.0679827428422,
    "receivedKBytesPerSec" : 197.67002579994116,
    "sentKBytesPerSec" : 2.78235410674598
  },
  "Polls-4" : {
    "transaction" : "Polls-4",
    "sampleCount" : 2260,
    "errorCount" : 141,
    "errorPct" : 6.238938,
    "meanResTime" : 9.561946902654878,
    "medianResTime" : 5.0,
    "minResTime" : 2.0,
    "maxResTime" : 462.0,
    "pct1ResTime" : 14.0,
    "pct2ResTime" : 30.949999999999818,
    "pct3ResTime" : 100.38999999999987,
    "throughput" : 37.99213260262919,
    "receivedKBytesPerSec" : 5432.637084513583,
    "sentKBytesPerSec" : 18.332717598468548
  },
  "Polls-3" : {
    "transaction" : "Polls-3",
    "sampleCount" : 2260,
    "errorCount" : 108,
    "errorPct" : 4.778761,
    "meanResTime" : 9.283185840707986,
    "medianResTime" : 4.0,
    "minResTime" : 1.0,
    "maxResTime" : 353.0,
    "pct1ResTime" : 14.0,
    "pct2ResTime" : 25.949999999999818,
    "pct3ResTime" : 111.11999999999898,
    "throughput" : 37.99660384337329,
    "receivedKBytesPerSec" : 1960.1830977109569,
    "sentKBytesPerSec" : 18.408414104137595
  },
  "Polls-6" : {
    "transaction" : "Polls-6",
    "sampleCount" : 2260,
    "errorCount" : 141,
    "errorPct" : 6.238938,
    "meanResTime" : 9.435840707964601,
    "medianResTime" : 4.0,
    "minResTime" : 2.0,
    "maxResTime" : 359.0,
    "pct1ResTime" : 14.0,