{
  "Session Test" : {
    "transaction" : "Session Test",
    "sampleCount" : 2,
    "errorCount" : 2,
    "errorPct" : 100.0,
    "meanResTime" : 327.5,
    "medianResTime" : 327.5,
    "minResTime" : 258.0,
    "maxResTime" : 397.0,
    "pct1ResTime" : 397.0,
    "pct2ResTime" : 397.0,
    "pct3ResTime" : 397.0,
    "throughput" : 0.03594665516373702,
    "receivedKBytesPerSec" : 0.025661137621769296,
    "sentKBytesPerSec" : 0.02685467890650275
  },
  "Login Welcome-1" : {
    "transaction" : "Login Welcome-1",
    "sampleCount" : 2,
    "errorCount" : 0,
    "errorPct" : 0.0,
    "meanResTime" : 760.5,
    "medianResTime" : 760.5,
    "minResTime" : 345.0,
    "maxResTime" : 1176.0,
    "pct1ResTime" : 1176.0,
    "pct2ResTime" : 1176.0,
    "pct3ResTime" : 1176.0,
    "throughput" : 0.03525968759916787,
    "receivedKBytesPerSec" : 4.186709136225803,
    "sentKBytesPerSec" : 0.027477764359507773
  },
  "Login Welcome-0" : {
    "transaction" : "Login Welcome-0",
    "sampleCount" : 2,
    "errorCount" : 0,
    "errorPct" : 0.0,
    "meanResTime" : 2080.0,
    "medianResTime" : 2080.0,
    "minResTime" : 548.0,
    "maxResTime" : 3612.0,
    "pct1ResTime" : 3612.0,
    "pct2ResTime" : 3612.0,
    "pct3ResTime" : 3612.0,
    "throughput" : 0.03327344113928263,
    "receivedKBytesPerSec" : 0.09702587425966594,
    "sentKBytesPerSec" : 0.017156618087442604
  },
  "Login" : {
    "transaction" : "Login",
    "sampleCount" : 2,
    "errorCount" : 0,
    "errorPct" : 0.0,
    "meanResTime" : 1872.0,
    "medianResTime" : 1872.0,
    "minResTime" : 1731.0,
    "maxResTime" : 2013.0,
    "pct1ResTime" : 2013.0,
    "pct2ResTime" : 2013.0,
    "pct3ResTime" : 2013.0,
    "throughput" : 0.03484684810258912,
    "receivedKBytesPerSec" : 8.479082090462418,
    "sentKBytesPerSec" : 0.1451044534271875
  },
  "Login-0" : {
    "transaction" : "Login-0",
    "sampleCount" : 2,
    "errorCount" : 0,
    "errorPct" : 0.0,
    "meanResTime" : 1000.0,
    "medianResTime" : 1000.0,
    "minResTime" : 764.0,
    "maxResTime" : 1236.0,
    "pct1ResTime" : 1236.0,
    "pct2ResTime" : 1236.0,
    "pct3ResTime" : 1236.0,
    "throughput" : 0.035444025023481665,
    "receivedKBytesPerSec" : 0.013291509383805624,
    "sentKBytesPerSec" : 0.031913467843408296
  },
  "Login-1" : {
    "transaction" : "Login-1",
    "sampleCount" : 2,
    "errorCount" : 0,
    "errorPct" : 0.0,
    "meanResTime" : 258.0,
    "medianResTime" : 258.0,
    "minResTime" : 209.0,
    "maxResTime" : 307.0,
    "pct1ResTime" : 307.0,
    "pct2ResTime" : 307.0,
    "pct3ResTime" : 307.0,
    "throughput" : 0.03603733467872716,
    "receivedKBytesPerSec" : 0.09319029514577103,
    "sentKBytesPerSec" : 0.028611672943169124
  },
  "Login-2" : {
    "transaction" : "Login-2",
    "sampleCount" : 2,
    "errorCount" : 0,
    "errorPct" : 0.0,
    "meanResTime" : 604.0,
    "medianResTime" : 604.0,
    "minResTime" : 557.0,
    "maxResTime" : 651.0,
    "pct1ResTime" : 651.0,
    "pct2ResTime" : 651.0,
    "pct3ResTime" : 651.0,
    "throughput" : 0.035753870356466086,
    "receivedKBytesPerSec" : 4.245388030051128,
    "sentKBytesPerSec" : 0.02957375799992849
  },
  "Login-3" : {
    "transaction" : "Login-3",
    "sampleCount" : 2,
    "errorCount" : 0,
    "errorPct" : 0.0,
    "meanResTime" : 466.5,
    "medianResTime" : 466.5,
    "minResTime" : 372.0,
    "maxResTime" : 561.0,
    "pct1ResTime" : 561.0,
    "pct2ResTime" : 561.0,
    "pct3ResTime" : 561.0,
    "throughput" : 0.035811488325454804,
    "receivedKBytesPerSec" : 3.045934948431457,
    "sentKBytesPerSec" : 0.029271695047271167
  },
  "Login-4" : {
    "transaction" : "Login-4",
    "sampleCount" : 2,
    "errorCount" : 0,
    "errorPct" : 0.0,
    "meanResTime" : 390.0,
    "medianResTime" : 390.0,
    "minResTime" : 304.0,
    "maxResTime" : 476.0,
    "pct1ResTime" : 476.0,
    "pct2ResTime" : 476.0,
    "pct3ResTime" : 476.0,
    "throughput" : 0.03597704664424097,
    "receivedKBytesPerSec" : 1.3156567047723553,
    "sentKBytesPerSec" : 0.029688090248421506
  },
  "Total" : {
    "transaction" : "Total",
    "sampleCount" : 24,
    "errorCount" : 2,
    "errorPct" : 8.333333,
    "meanResTime" : 1040.9583333333335,
    "medianResTime" : 606.0,
    "minResTime" : 209.0,
    "maxResTime" : 4914.0,
    "pct1ResTime" : 2812.5,
    "pct2ResTime" : 4588.5,
    "pct3ResTime" : 4914.0,
    "throughput" : 0.3804933730737523,
    "receivedKBytesPerSec" : 30.88087064612531,
    "sentKBytesPerSec" : 0.4679684527395523
  },
  "Login Welcome-3" : {
    "transaction" : "Login Welcome-3",
    "sampleCount" : 2,
    "errorCount" : 0,
    "errorPct" : 0.0,
    "meanResTime" : 893.5,
    "medianResTime" : 893.5,
    "minResTime" : 824.0,
    "maxResTime" : 963.0,
    "pct1ResTime" : 963.0,
    "pct2ResTime" : 963.0,
    "pct3ResTime" : 963.0,
    "throughput" : 0.034879665155214505,
    "receivedKBytesPerSec" : 1.2755261924485524,
    "sentKBytesPerSec" : 0.02711348971049878
  },
  "Login Welcome-2" : {
    "transaction" : "Login Welcome-2",
    "sampleCount" : 2,
    "errorCount" : 0,
    "errorPct" : 0.0,
    "meanResTime" : 623.5,
    "medianResTime" : 623.5,
    "minResTime" : 479.0,
    "maxResTime" : 768.0,
    "pct1ResTime" : 768.0,
    "pct2ResTime" : 768.0,
    "pct3ResTime" : 768.0,
    "throughput" : 0.03517658646404953,
    "receivedKBytesPerSec" : 2.9919335690164623,
    "sentKBytesPerSec" : 0.027069482552413114
  },
  "Login Welcome" : {
    "transaction" : "Login Welcome",
    "sampleCount" : 2,
    "errorCount" : 0,
    "errorPct" : 0.0,
    "meanResTime" : 3216.0,
    "medianResTime" : 3216.0,
    "minResTime" : 1518.0,
    "maxResTime" : 4914.0,
    "pct1ResTime" : 4914.0,
    "pct2ResTime" : 4914.0,
    "pct3ResTime" : 4914.0,
    "throughput" : 0.032745014571531485,
    "receivedKBytesPerSec" : 7.966184121123809,
    "sentKBytesPerSec" : 0.09305468008120764
  }
}