{
  "Session Test" : {
    "transaction" : "Session Test",
    "sampleCount" : 50000,
    "errorCount" : 0,
    "errorPct" : 0.0,
    "meanResTime" : 589.7171399999995,
    "medianResTime" : 623.0,
    "minResTime" : 18.0,
    "maxResTime" : 1249.0,
    "pct1ResTime" : 697.0,
    "pct2ResTime" : 723.0,
    "pct3ResTime" : 793.0,
    "throughput" : 155.67885320729573,
    "receivedKBytesPerSec" : 59722.28968103155,
    "sentKBytesPerSec" : 715.4537921811853
  },
  "Login Welcome-1" : {
    "transaction" : "Login Welcome-1",
    "sampleCount" : 100,
    "errorCount" : 0,
    "errorPct" : 0.0,
    "meanResTime" : 79.97000000000003,
    "medianResTime" : 72.5,
    "minResTime" : 6.0,
    "maxResTime" : 266.0,
    "pct1ResTime" : 170.90000000000006,
    "pct2ResTime" : 188.39999999999986,
    "pct3ResTime" : 265.87999999999994,
    "throughput" : 3.330114222917846,
    "receivedKBytesPerSec" : 395.74049772719707,
    "sentKBytesPerSec" : 2.006523901894835
  },
  "Login Welcome-0" : {
    "transaction" : "Login Welcome-0",
    "sampleCount" : 100,
    "errorCount" : 0,
    "errorPct" : 0.0,
    "meanResTime" : 57.03999999999998,
    "medianResTime" : 43.5,
    "minResTime" : 3.0,
    "maxResTime" : 245.0,
    "pct1ResTime" : 129.70000000000002,
    "pct2ResTime" : 169.0999999999998,
    "pct3ResTime" : 244.28999999999962,
    "throughput" : 3.3370040377748857,
    "receivedKBytesPerSec" : 8.580401983848901,
    "sentKBytesPerSec" : 1.6652432258818033
  },
  "Login-0" : {
    "transaction" : "Login-0",
    "sampleCount" : 100,
    "errorCount" : 0,
    "errorPct" : 0.0,
    "meanResTime" : 449.25,
    "medianResTime" : 449.0,
    "minResTime" : 172.0,
    "maxResTime" : 787.0,
    "pct1ResTime" : 630.6000000000001,
    "pct2ResTime" : 647.0,
    "pct3ResTime" : 786.1399999999995,
    "throughput" : 3.3021827427929864,
    "receivedKBytesPerSec" : 1.4156818594591023,
    "sentKBytesPerSec" : 2.4185908760690817
  },
  "Login-1" : {
    "transaction" : "Login-1",
    "sampleCount" : 100,
    "errorCount" : 0,
    "errorPct" : 0.0,
    "meanResTime" : 109.33999999999999,
    "medianResTime" : 109.5,
    "minResTime" : 4.0,
    "maxResTime" : 284.0,
    "pct1ResTime" : 217.60000000000002,
    "pct2ResTime" : 233.89999999999998,
    "pct3ResTime" : 283.86999999999995,
    "throughput" : 3.3005478909498978,
    "receivedKBytesPerSec" : 15.545451638722028,
    "sentKBytesPerSec" : 2.001601797148327
  },
  "Login-2" : {
    "transaction" : "Login-2",
    "sampleCount" : 100,
    "errorCount" : 0,
    "errorPct" : 0.0,
    "meanResTime" : 227.18,
    "medianResTime" : 189.0,
    "minResTime" : 117.0,
    "maxResTime" : 859.0,
    "pct1ResTime" : 300.6,
    "pct2ResTime" : 550.3999999999999,
    "pct3ResTime" : 858.91,
    "throughput" : 3.277291646183594,
    "receivedKBytesPerSec" : 19.567735473404777,
    "sentKBytesPerSec" : 1.8850827925802116
  },
  "Login-3" : {
    "transaction" : "Login-3",
    "sampleCount" : 100,
    "errorCount" : 0,
    "errorPct" : 0.0,
    "meanResTime" : 78.10999999999999,
    "medianResTime" : 68.5,
    "minResTime" : 5.0,
    "maxResTime" : 255.0,
    "pct1ResTime" : 165.0,
    "pct2ResTime" : 204.5999999999999,
    "pct3ResTime" : 254.7499999999999,
    "throughput" : 3.2790110502672394,
    "receivedKBytesPerSec" : 178.03685096075023,
    "sentKBytesPerSec" : 2.0365732695019183
  },
  "Login-4" : {
    "transaction" : "Login-4",
    "sampleCount" : 100,
    "errorCount" : 0,
    "errorPct" : 0.0,
    "meanResTime" : 83.97999999999998,
    "medianResTime" : 79.5,
    "minResTime" : 5.0,
    "maxResTime" : 286.0,
    "pct1ResTime" : 168.60000000000002,
    "pct2ResTime" : 192.84999999999997,
    "pct3ResTime" : 285.6999999999998,
    "throughput" : 3.280624630929729,
    "receivedKBytesPerSec" : 500.5739811610131,
    "sentKBytesPerSec" : 2.0567978643133653
  },
  "Session Test-5" : {
    "transaction" : "Session Test-5",
    "sampleCount" : 50000,
    "errorCount" : 0,
    "errorPct" : 0.0,
    "meanResTime" : 150.92256000000086,
    "medianResTime" : 158.0,
    "minResTime" : 4.0,
    "maxResTime" : 535.0,
    "pct1ResTime" : 194.0,
    "pct2ResTime" : 205.0,
    "pct3ResTime" : 226.0,
    "throughput" : 155.68757862222722,
    "receivedKBytesPerSec" : 13251.649403468447,
    "sentKBytesPerSec" : 89.39872678698202
  },
  "Login-5" : {
    "transaction" : "Login-5",
    "sampleCount" : 100,
    "errorCount" : 0,
    "errorPct" : 0.0,
    "meanResTime" : 78.71000000000001,
    "medianResTime" : 66.0,
    "minResTime" : 4.0,
    "maxResTime" : 362.0,
    "pct1ResTime" : 177.60000000000008,
    "pct2ResTime" : 206.74999999999994,
    "pct3ResTime" : 360.91999999999945,
    "throughput" : 3.280624630929729,
    "receivedKBytesPerSec" : 69.98559088150384,
    "sentKBytesPerSec" : 2.0664090692867925
  },
  "Session Test-6" : {
    "transaction" : "Session Test-6",
    "sampleCount" : 50000,
    "errorCount" : 0,
    "errorPct" : 0.0,
    "meanResTime" : 150.29121999999987,
    "medianResTime" : 157.0,
    "minResTime" : 3.0,
    "maxResTime" : 442.0,
    "pct1ResTime" : 194.0,
    "pct2ResTime" : 205.0,
    "pct3ResTime" : 228.0,
    "throughput" : 155.6890329531407,
    "receivedKBytesPerSec" : 1120.3428970673635,
    "sentKBytesPerSec" : 89.70364203354787
  },
  "Login-6" : {
    "transaction" : "Login-6",
    "sampleCount" : 100,
    "errorCount" : 0,
    "errorPct" : 0.0,
    "meanResTime" : 83.50999999999999,
    "medianResTime" : 78.0,
    "minResTime" : 5.0,
    "maxResTime" : 284.0,
    "pct1ResTime" : 173.8,
    "pct2ResTime" : 207.79999999999995,
    "pct3ResTime" : 283.6399999999998,
    "throughput" : 3.2826707809473787,
    "receivedKBytesPerSec" : 279.41170436266947,
    "sentKBytesPerSec" : 2.042052038538555
  },
  "Session Test-7" : {
    "transaction" : "Session Test-7",
    "sampleCount" : 50000,
    "errorCount" : 0,
    "errorPct" : 0.0,
    "meanResTime" : 151.00652000000014,
    "medianResTime" : 158.0,
    "minResTime" : 3.0,
    "maxResTime" : 413.0,
    "pct1ResTime" : 194.0,
    "pct2ResTime" : 205.0,
    "pct3ResTime" : 230.0,
    "throughput" : 155.68757862222722,
    "receivedKBytesPerSec" : 8905.474025133035,
    "sentKBytesPerSec" : 89.85484273997683
  },
  "Login-7" : {
    "transaction" : "Login-7",
    "sampleCount" : 100,
    "errorCount" : 0,
    "errorPct" : 0.0,
    "meanResTime" : 77.02999999999997,
    "medianResTime" : 66.0,
    "minResTime" : 5.0,
    "maxResTime" : 256.0,
    "pct1ResTime" : 169.0,
    "pct2ResTime" : 179.84999999999997,
    "pct3ResTime" : 255.45999999999972,
    "throughput" : 3.282886313646958,
    "receivedKBytesPerSec" : 23.62459887232855,
    "sentKBytesPerSec" : 2.0485980023636783
  },
  "Login-8" : {
    "transaction" : "Login-8",
    "sampleCount" : 100,
    "errorCount" : 0,
    "errorPct" : 0.0,
    "meanResTime" : 85.57999999999997,
    "medianResTime" : 70.5,
    "minResTime" : 5.0,
    "maxResTime" : 325.0,
    "pct1ResTime" : 175.10000000000005,
    "pct2ResTime" : 197.95,
    "pct3ResTime" : 324.93999999999994,
    "throughput" : 3.2639206214504863,
    "receivedKBytesPerSec" : 186.70008445394606,
    "sentKBytesPerSec" : 2.0399503884065537
  },
  "Session Test-1" : {
    "transaction" : "Session Test-1",
    "sampleCount" : 50000,
    "errorCount" : 0,
    "errorPct" : 0.0,
    "meanResTime" : 208.01547999999985,
    "medianResTime" : 218.0,
    "minResTime" : 3.0,
    "maxResTime" : 502.0,
    "pct1ResTime" : 262.0,
    "pct2ResTime" : 275.0,
    "pct3ResTime" : 306.0,
    "throughput" : 155.6846700419103,
    "receivedKBytesPerSec" : 862.4593839372732,
    "sentKBytesPerSec" : 87.72466270916236
  },
  "Session Test-2" : {
    "transaction" : "Session Test-2",
    "sampleCount" : 50000,
    "errorCount" : 0,
    "errorPct" : 0.0,
    "meanResTime" : 149.69986000000074,
    "medianResTime" : 156.0,
    "minResTime" : 3.0,
    "maxResTime" : 485.0,
    "pct1ResTime" : 193.0,
    "pct2ResTime" : 203.0,
    "pct3ResTime" : 227.0,