{
  "Welcome-3" : {
    "transaction" : "Welcome-3",
    "sampleCount" : 1000,
    "errorCount" : 0,
    "errorPct" : 0.0,
    "meanResTime" : 216.16600000000017,
    "medianResTime" : 105.0,
    "minResTime" : 12.0,
    "maxResTime" : 2409.0,
    "pct1ResTime" : 544.6999999999999,
    "pct2ResTime" : 759.4999999999993,
    "pct3ResTime" : 1197.7200000000003,
    "throughput" : 16.337199803953602,
    "receivedKBytesPerSec" : 599.0359775771933,
    "sentKBytesPerSec" : 9.81189246038229
  },
  "Registration-4" : {
    "transaction" : "Registration-4",
    "sampleCount" : 1000,
    "errorCount" : 0,
    "errorPct" : 0.0,
    "meanResTime" : 206.9649999999999,
    "medianResTime" : 109.0,
    "minResTime" : 11.0,
    "maxResTime" : 1831.0,
    "pct1ResTime" : 523.9,
    "pct2ResTime" : 665.5499999999994,
    "pct3ResTime" : 1084.93,
    "throughput" : 16.305233980107616,
    "receivedKBytesPerSec" : 597.8638869639655,
    "sentKBytesPerSec" : 10.572925158976032
  },
  "Registration" : {
    "transaction" : "Registration",
    "sampleCount" : 1000,
    "errorCount" : 0,
    "errorPct" : 0.0,
    "meanResTime" : 893.352,
    "medianResTime" : 373.0,
    "minResTime" : 53.0,
    "maxResTime" : 5869.0,
    "pct1ResTime" : 2291.2999999999997,
    "pct2ResTime" : 2778.699999999998,
    "pct3ResTime" : 3726.4000000000005,
    "throughput" : 16.268627578577473,
    "receivedKBytesPerSec" : 3985.114714160213,
    "sentKBytesPerSec" : 54.255237481291076
  },
  "Total" : {
    "transaction" : "Total",
    "sampleCount" : 11000,
    "errorCount" : 0,
    "errorPct" : 0.0,
    "meanResTime" : 311.1741818181824,
    "medianResTime" : 133.0,
    "minResTime" : 11.0,
    "maxResTime" : 5869.0,
    "pct1ResTime" : 799.0,
    "pct2ResTime" : 1215.949999999999,
    "pct3ResTime" : 2339.99,
    "throughput" : 175.79467182331038,
    "receivedKBytesPerSec" : 15646.880693350167,
    "sentKBytesPerSec" : 180.1645677848273
  },
  "Welcome" : {
    "transaction" : "Welcome",
    "sampleCount" : 1000,
    "errorCount" : 0,
    "errorPct" : 0.0,
    "meanResTime" : 488.482,
    "medianResTime" : 219.0,
    "minResTime" : 27.0,
    "maxResTime" : 3757.0,
    "pct1ResTime" : 1265.6999999999998,
    "pct2ResTime" : 1588.249999999999,
    "pct3ResTime" : 2231.87,
    "throughput" : 16.199578810950918,
    "receivedKBytesPerSec" : 3962.078431273287,
    "sentKBytesPerSec" : 37.28750708731573
  },
  "Registration-3" : {
    "transaction" : "Registration-3",
    "sampleCount" : 1000,
    "errorCount" : 0,
    "errorPct" : 0.0,
    "meanResTime" : 207.46500000000003,
    "medianResTime" : 102.5,
    "minResTime" : 12.0,
    "maxResTime" : 1705.0,
    "pct1ResTime" : 524.9,
    "pct2ResTime" : 689.0,
    "pct3ResTime" : 1084.97,
    "throughput" : 16.31481058504911,
    "receivedKBytesPerSec" : 1389.2443591542403,
    "sentKBytesPerSec" : 10.451675531047085
  },
  "Welcome-0" : {
    "transaction" : "Welcome-0",
    "sampleCount" : 1000,
    "errorCount" : 0,
    "errorPct" : 0.0,
    "meanResTime" : 185.14900000000006,
    "medianResTime" : 84.0,
    "minResTime" : 11.0,
    "maxResTime" : 2736.0,
    "pct1ResTime" : 482.69999999999993,
    "pct2ResTime" : 661.7999999999997,
    "pct3ResTime" : 1050.89,
    "throughput" : 16.30231003733229,
    "receivedKBytesPerSec" : 63.951542402308405,
    "sentKBytesPerSec" : 8.24667636654114
  },
  "Registration-2" : {
    "transaction" : "Registration-2",
    "sampleCount" : 1000,
    "errorCount" : 0,
    "errorPct" : 0.0,
    "meanResTime" : 202.963,
    "medianResTime" : 97.5,
    "minResTime" : 13.0,
    "maxResTime" : 2781.0,
    "pct1ResTime" : 507.5999999999999,
    "pct2ResTime" : 676.7499999999997,
    "pct3ResTime" : 1259.93,
    "throughput" : 16.30895687911801,
    "receivedKBytesPerSec" : 1938.1061070927653,
    "sentKBytesPerSec" : 10.607192657707612
  },
  "Welcome-1" : {
    "transaction" : "Welcome-1",
    "sampleCount" : 1000,
    "errorCount" : 0,
    "errorPct" : 0.0,
    "meanResTime" : 206.8310000000001,
    "medianResTime" : 99.0,
    "minResTime" : 13.0,
    "maxResTime" : 2139.0,
    "pct1ResTime" : 530.6999999999999,
    "pct2ResTime" : 726.9499999999999,
    "pct3ResTime" : 1157.7700000000002,
    "throughput" : 16.269686320447743,
    "receivedKBytesPerSec" : 1933.4393150868802,
    "sentKBytesPerSec" : 9.803121542691658
  },
  "Registration-1" : {
    "transaction" : "Registration-1",
    "sampleCount" : 1000,
    "errorCount" : 0,
    "errorPct" : 0.0,
    "meanResTime" : 253.8100000000001,
    "medianResTime" : 83.5,
    "minResTime" : 13.0,
    "maxResTime" : 2458.0,
    "pct1ResTime" : 678.9,
    "pct2ResTime" : 967.0,
    "pct3ResTime" : 1598.5100000000004,
    "throughput" : 16.324398445917268,
    "receivedKBytesPerSec" : 64.11790092722583,
    "sentKBytesPerSec" : 10.218690824055633
  },
  "Welcome-2" : {
    "transaction" : "Welcome-2",
    "sampleCount" : 1000,
    "errorCount" : 0,
    "errorPct" : 0.0,
    "meanResTime" : 212.21099999999987,
    "medianResTime" : 100.5,
    "minResTime" : 13.0,
    "maxResTime" : 1989.0,
    "pct1ResTime" : 558.6999999999999,
    "pct2ResTime" : 770.7999999999997,
    "pct3ResTime" : 1090.7700000000002,
    "throughput" : 16.261484673550694,
    "receivedKBytesPerSec" : 1384.7035328075453,
    "sentKBytesPerSec" : 9.639376168794211
  },
  "Registration-0" : {
    "transaction" : "Registration-0",
    "sampleCount" : 1000,
    "errorCount" : 0,
    "errorPct" : 0.0,
    "meanResTime" : 349.5220000000002,
    "medianResTime" : 139.0,
    "minResTime" : 21.0,
    "maxResTime" : 3085.0,
    "pct1ResTime" : 912.0,
    "pct2ResTime" : 1265.249999999999,
    "pct3ResTime" : 1800.7800000000002,
    "throughput" : 16.36875531984548,
    "receivedKBytesPerSec" : 6.106313019707981,
    "sentKBytesPerSec" : 12.596268742224842
  }
}