{
  "Show Contact Page-6" : {
    "transaction" : "Show Contact Page-6",
    "sampleCount" : 3144,
    "errorCount" : 1722,
    "errorPct" : 54.770992,
    "meanResTime" : 17235.962468193415,
    "medianResTime" : 6219.5,
    "minResTime" : 37.0,
    "maxResTime" : 70878.0,
    "pct1ResTime" : 48749.0,
    "pct2ResTime" : 53388.25,
    "pct3ResTime" : 58750.15000000005,
    "throughput" : 21.29922566746381,
    "receivedKBytesPerSec" : 102.88760846710272,
    "sentKBytesPerSec" : 5.5505105056533734
  },
  "Show Contact Page-5" : {
    "transaction" : "Show Contact Page-5",
    "sampleCount" : 3144,
    "errorCount" : 1693,
    "errorPct" : 53.848602,
    "meanResTime" : 17415.109732824396,
    "medianResTime" : 6264.0,
    "minResTime" : 67.0,
    "maxResTime" : 68890.0,
    "pct1ResTime" : 48706.0,
    "pct2ResTime" : 53334.25,
    "pct3ResTime" : 58401.45000000001,
    "throughput" : 21.154480187860397,
    "receivedKBytesPerSec" : 863.7859418840541,
    "sentKBytesPerSec" : 5.606148567497191
  },
  "Show Contact Page-4" : {
    "transaction" : "Show Contact Page-4",
    "sampleCount" : 3144,
    "errorCount" : 1641,
    "errorPct" : 52.194656,
    "meanResTime" : 18143.219783714983,
    "medianResTime" : 6423.5,
    "minResTime" : 31.0,
    "maxResTime" : 68960.0,
    "pct1ResTime" : 49332.0,
    "pct2ResTime" : 53585.75,
    "pct3ResTime" : 57889.25000000001,
    "throughput" : 20.958183624085912,
    "receivedKBytesPerSec" : 245.21456187338762,
    "sentKBytesPerSec" : 5.831447732863151
  },
  "Show Contact Page-3" : {
    "transaction" : "Show Contact Page-3",
    "sampleCount" : 3144,
    "errorCount" : 1478,
    "errorPct" : 47.010178,
    "meanResTime" : 20103.083969465624,
    "medianResTime" : 8599.0,
    "minResTime" : 31.0,
    "maxResTime" : 65177.0,
    "pct1ResTime" : 50656.5,
    "pct2ResTime" : 54406.0,
    "pct3ResTime" : 58241.3,
    "throughput" : 21.42331489002153,
    "receivedKBytesPerSec" : 1761.1478619272807,
    "sentKBytesPerSec" : 6.574063091968982
  },
  "Show Contact Page-7" : {
    "transaction" : "Show Contact Page-7",
    "sampleCount" : 3144,
    "errorCount" : 1967,
    "errorPct" : 62.563614,
    "meanResTime" : 15057.00159033075,
    "medianResTime" : 5622.5,
    "minResTime" : 0.0,
    "maxResTime" : 67216.0,
    "pct1ResTime" : 45026.5,
    "pct2ResTime" : 52301.0,
    "pct3ResTime" : 58923.20000000004,
    "throughput" : 20.788838562502065,
    "receivedKBytesPerSec" : 482.37558941795874,
    "sentKBytesPerSec" : 4.491709663355043
  },
  "Show Contact Page-2" : {
    "transaction" : "Show Contact Page-2",
    "sampleCount" : 3144,
    "errorCount" : 1059,
    "errorPct" : 33.683205,
    "meanResTime" : 25050.915394402018,
    "medianResTime" : 25178.0,
    "minResTime" : 22.0,
    "maxResTime" : 68495.0,
    "pct1ResTime" : 52569.5,
    "pct2ResTime" : 54942.25,
    "pct3ResTime" : 57938.500000000015,
    "throughput" : 21.3031222896791,
    "receivedKBytesPerSec" : 787.7167422980302,
    "sentKBytesPerSec" : 8.098506348503225
  },
  "Show Contact Page-1" : {
    "transaction" : "Show Contact Page-1",
    "sampleCount" : 3144,
    "errorCount" : 79,
    "errorPct" : 2.5127227,
    "meanResTime" : 607.9373409669224,
    "medianResTime" : 125.0,
    "minResTime" : 74.0,
    "maxResTime" : 15082.0,
    "pct1ResTime" : 1253.0,
    "pct2ResTime" : 2926.25,
    "pct3ResTime" : 10101.2,
    "throughput" : 26.287185833012828,
    "receivedKBytesPerSec" : 155.12622071537265,
    "sentKBytesPerSec" : 13.514059913295764
  },
  "Show Contact Page-0" : {
    "transaction" : "Show Contact Page-0",
    "sampleCount" : 3144,
    "errorCount" : 0,
    "errorPct" : 0.0,
    "meanResTime" : 30959.96596692108,
    "medianResTime" : 31446.0,
    "minResTime" : 11.0,
    "maxResTime" : 68537.0,
    "pct1ResTime" : 53373.5,
    "pct2ResTime" : 56126.5,
    "pct3ResTime" : 62171.75000000002,
    "throughput" : 26.280593821051227,
    "receivedKBytesPerSec" : 156.45166009094555,
    "sentKBytesPerSec" : 13.165961552928982
  },
  "Send Email-2" : {
    "transaction" : "Send Email-2",
    "sampleCount" : 2515,
    "errorCount" : 1179,
    "errorPct" : 46.878727,
    "meanResTime" : 12966.215506958264,
    "medianResTime" : 12579.0,
    "minResTime" : 2.0,
    "maxResTime" : 62621.0,
    "pct1ResTime" : 28821.200000000004,
    "pct2ResTime" : 42163.79999999993,
    "pct3ResTime" : 54140.880000000005,
    "throughput" : 14.153385557356383,
    "receivedKBytesPerSec" : 424.06877036483655,
    "sentKBytesPerSec" : 4.661116281458221
  },
  "Send Email-1" : {
    "transaction" : "Send Email-1",
    "sampleCount" : 2784,
    "errorCount" : 269,
    "errorPct" : 9.662356,
    "meanResTime" : 27327.072198275804,
    "medianResTime" : 27128.0,
    "minResTime" : 2.0,
    "maxResTime" : 62647.0,
    "pct1ResTime" : 41830.5,
    "pct2ResTime" : 50466.25,
    "pct3ResTime" : 56847.15,
    "throughput" : 15.159187807308427,
    "receivedKBytesPerSec" : 84.15465700738085,
    "sentKBytesPerSec" : 8.500115368280053
  },
  "Show Contact Page" : {
    "transaction" : "Show Contact Page",
    "sampleCount" : 7000,
    "errorCount" : 5933,
    "errorPct" : 84.75714,
    "meanResTime" : 34389.955714285745,
    "medianResTime" : 6938.0,
    "minResTime" : 2692.0,
    "maxResTime" : 105561.0,
    "pct1ResTime" : 85912.0,
    "pct2ResTime" : 88418.9,
    "pct3ResTime" : 93068.56,
    "throughput" : 46.19547284366132,
    "receivedKBytesPerSec" : 4460.653618250099,
    "sentKBytesPerSec" : 56.47711055566555
  },
  "Send Email-4" : {
    "transaction" : "Send Email-4",
    "sampleCount" : 2515,
    "errorCount" : 1572,
    "errorPct" : 62.50497,
    "meanResTime" : 10378.492644135184,
    "medianResTime" : 33.0,
    "minResTime" : 2.0,
    "maxResTime" : 70197.0,
    "pct1ResTime" : 28326.800000000003,
    "pct2ResTime" : 34770.39999999998,
    "pct3ResTime" : 53757.20000000001,
    "throughput" : 14.163268983848804,
    "receivedKBytesPerSec" : 156.2726965593534,
    "sentKBytesPerSec" : 3.347970735110265
  },
  "Send Email-3" : {
    "transaction" : "Send Email-3",
    "sampleCount" : 2515,
    "errorCount" : 1483,
    "errorPct" : 58.9662,
    "meanResTime" : 11189.867196819117,
    "medianResTime" : 41.0,
    "minResTime" : 2.0,
    "maxResTime" : 67745.0,
    "pct1ResTime" : 28832.600000000002,
    "pct2ResTime" : 36301.199999999866,
    "pct3ResTime" : 54192.080000000016,
    "throughput" : 14.16055763881851,
    "receivedKBytesPerSec" : 886.3860206633644,
    "sentKBytesPerSec" : 3.6448524050426228
  },
  "Send Email-6" : {
    "transaction" : "Send Email-6",
    "sampleCount" : 2413,
    "errorCount" : 1625,
    "errorPct" : 67.34356,
    "meanResTime" : 9399.556154164924,
    "medianResTime" : 28.0,
    "minResTime" : 2.0,
    "maxResTime" : 84990.0,
    "pct1ResTime" : 28282.0,
    "pct2ResTime" : 31189.89999999999,
    "pct3ResTime" : 52915.72,
    "throughput" : 13.582887700534759,
    "receivedKBytesPerSec" : 63.39388588868562,
    "sentKBytesPerSec" : 2.76778646566282
  },
  "Send Email-5" : {
    "transaction" : "Send Email-5",
    "sampleCount" : 2413,
    "errorCount" : 1572,
    "errorPct" : 65.14712,
    "meanResTime" : 9876.040198922516,
    "medianResTime" : 29.0,
    "minResTime" : 2.0,
    "maxResTime" : 64019.0,
    "pct1ResTime" : 28417.8,
    "pct2ResTime" : 32058.5,
    "pct3ResTime" : 53404.38000000002,
    "throughput" : 13.584493523017075,
    "receivedKBytesPerSec" : 421.5477785246919,
    "sentKBytesPerSec" : 2.945817942523462
  },
  "Send Email-8" : {
    "transaction" : "Send Email-8",
    "sampleCount" : 61,
    "errorCount" : 55,
    "errorPct" : 90.16393,
    "meanResTime" : 1902.8524590163938,
    "medianResTime" : 6.0,
    "minResTime" : 2.0,
    "maxResTime" : 21082.0,