{
  "Login Welcome-1" : {
    "transaction" : "Login Welcome-1",
    "sampleCount" : 3000,
    "errorCount" : 505,
    "errorPct" : 16.833334,
    "meanResTime" : 27044.248666666645,
    "medianResTime" : 30410.5,
    "minResTime" : 0.0,
    "maxResTime" : 61035.0,
    "pct1ResTime" : 49997.5,
    "pct2ResTime" : 51273.1,
    "pct3ResTime" : 54963.99999999991,
    "throughput" : 19.7100001971,
    "receivedKBytesPerSec" : 1955.2263670424982,
    "sentKBytesPerSec" : 9.876910792128484
  },
  "Login Welcome-0" : {
    "transaction" : "Login Welcome-0",
    "sampleCount" : 3000,
    "errorCount" : 0,
    "errorPct" : 0.0,
    "meanResTime" : 25436.82966666669,
    "medianResTime" : 26397.5,
    "minResTime" : 10.0,
    "maxResTime" : 48902.0,
    "pct1ResTime" : 44152.3,
    "pct2ResTime" : 44857.8,
    "pct3ResTime" : 46533.73999999999,
    "throughput" : 27.544162473833047,
    "receivedKBytesPerSec" : 70.7433079161923,
    "sentKBytesPerSec" : 13.74518264075067
  },
  "Login" : {
    "transaction" : "Login",
    "sampleCount" : 3000,
    "errorCount" : 2471,
    "errorPct" : 82.36667,
    "meanResTime" : 78606.8466666665,
    "medianResTime" : 82724.0,
    "minResTime" : 0.0,
    "maxResTime" : 140284.0,
    "pct1ResTime" : 110636.6,
    "pct2ResTime" : 120093.24999999994,
    "pct3ResTime" : 130214.54999999999,
    "throughput" : 11.686839450095249,
    "receivedKBytesPerSec" : 2289.6806965246747,
    "sentKBytesPerSec" : 36.95386623170523
  },
  "Login-0" : {
    "transaction" : "Login-0",
    "sampleCount" : 2965,
    "errorCount" : 0,
    "errorPct" : 0.0,
    "meanResTime" : 16379.475548060718,
    "medianResTime" : 4699.0,
    "minResTime" : 346.0,
    "maxResTime" : 55187.0,
    "pct1ResTime" : 42866.200000000004,
    "pct2ResTime" : 45303.4,
    "pct3ResTime" : 49857.34,
    "throughput" : 15.060623453936842,
    "receivedKBytesPerSec" : 5.5696568120749115,
    "sentKBytesPerSec" : 11.030730068801397
  },
  "Logout-2" : {
    "transaction" : "Logout-2",
    "sampleCount" : 2273,
    "errorCount" : 501,
    "errorPct" : 22.041355,
    "meanResTime" : 18985.524417069955,
    "medianResTime" : 13861.0,
    "minResTime" : 0.0,
    "maxResTime" : 57185.0,
    "pct1ResTime" : 42467.20000000001,
    "pct2ResTime" : 47008.2,
    "pct3ResTime" : 50214.03999999998,
    "throughput" : 8.434669348344793,
    "receivedKBytesPerSec" : 786.0675290741902,
    "sentKBytesPerSec" : 3.9620281010304916
  },
  "Login-1" : {
    "transaction" : "Login-1",
    "sampleCount" : 2965,
    "errorCount" : 23,
    "errorPct" : 0.7757167,
    "meanResTime" : 35627.918718381094,
    "medianResTime" : 40353.0,
    "minResTime" : 1.0,
    "maxResTime" : 55565.0,
    "pct1ResTime" : 48958.4,
    "pct2ResTime" : 50376.1,
    "pct3ResTime" : 52353.34,
    "throughput" : 12.756034916687819,
    "receivedKBytesPerSec" : 41.73271922283911,
    "sentKBytesPerSec" : 7.766549604143453
  },
  "Logout-1" : {
    "transaction" : "Logout-1",
    "sampleCount" : 2304,
    "errorCount" : 31,
    "errorPct" : 1.3454862,
    "meanResTime" : 29381.14973958339,
    "medianResTime" : 32040.0,
    "minResTime" : 1.0,
    "maxResTime" : 53390.0,
    "pct1ResTime" : 47134.5,
    "pct2ResTime" : 48054.5,
    "pct3ResTime" : 50254.099999999984,
    "throughput" : 8.624336049649823,
    "receivedKBytesPerSec" : 22.87849819718062,
    "sentKBytesPerSec" : 4.304001704560342
  },
  "Login-2" : {
    "transaction" : "Login-2",
    "sampleCount" : 2942,
    "errorCount" : 637,
    "errorPct" : 21.651937,
    "meanResTime" : 17428.42046227059,
    "medianResTime" : 120.5,
    "minResTime" : 0.0,
    "maxResTime" : 53475.0,
    "pct1ResTime" : 45105.3,
    "pct2ResTime" : 47183.25,
    "pct3ResTime" : 48613.03000000001,
    "throughput" : 11.521396039177446,
    "receivedKBytesPerSec" : 646.7913666507083,
    "sentKBytesPerSec" : 5.582940246954193
  },
  "Logout-0" : {
    "transaction" : "Logout-0",
    "sampleCount" : 2304,
    "errorCount" : 0,
    "errorPct" : 0.0,
    "meanResTime" : 7678.299479166685,
    "medianResTime" : 2032.5,
    "minResTime" : 22.0,
    "maxResTime" : 57647.0,
    "pct1ResTime" : 33324.0,
    "pct2ResTime" : 43980.25,
    "pct3ResTime" : 51540.19999999998,
    "throughput" : 8.925458475699045,
    "receivedKBytesPerSec" : 3.939753155289032,
    "sentKBytesPerSec" : 5.038002928666063
  },
  "Login-3" : {
    "transaction" : "Login-3",
    "sampleCount" : 2942,
    "errorCount" : 935,
    "errorPct" : 31.781101,
    "meanResTime" : 24737.46193065939,
    "medianResTime" : 31368.5,
    "minResTime" : 0.0,
    "maxResTime" : 57738.0,
    "pct1ResTime" : 47117.200000000004,
    "pct2ResTime" : 48548.25,
    "pct3ResTime" : 51256.06000000001,
    "throughput" : 11.482095814225778,
    "receivedKBytesPerSec" : 592.5534732047029,
    "sentKBytesPerSec" : 4.965240511269392
  },
  "Login-4" : {
    "transaction" : "Login-4",
    "sampleCount" : 2942,
    "errorCount" : 966,
    "errorPct" : 32.834805,
    "meanResTime" : 24372.836505778425,
    "medianResTime" : 31350.5,
    "minResTime" : 0.0,
    "maxResTime" : 60772.0,
    "pct1ResTime" : 47073.0,
    "pct2ResTime" : 48405.25,
    "pct3ResTime" : 51581.99,
    "throughput" : 11.499599351144292,
    "receivedKBytesPerSec" : 595.4946433064769,
    "sentKBytesPerSec" : 4.952174069712901
  },
  "Login-5" : {
    "transaction" : "Login-5",
    "sampleCount" : 979,
    "errorCount" : 335,
    "errorPct" : 34.21859,
    "meanResTime" : 20661.250255362615,
    "medianResTime" : 15815.0,
    "minResTime" : 0.0,
    "maxResTime" : 59460.0,
    "pct1ResTime" : 48798.0,
    "pct2ResTime" : 50683.0,
    "pct3ResTime" : 54648.20000000003,
    "throughput" : 4.855139306295315,
    "receivedKBytesPerSec" : 71.77040850089516,
    "sentKBytesPerSec" : 2.011706545511352
  },
  "Login-6" : {
    "transaction" : "Login-6",
    "sampleCount" : 979,
    "errorCount" : 331,
    "errorPct" : 33.81001,
    "meanResTime" : 20773.210418794657,
    "medianResTime" : 16433.0,
    "minResTime" : 0.0,
    "maxResTime" : 58558.0,
    "pct1ResTime" : 48875.0,
    "pct2ResTime" : 50639.0,
    "pct3ResTime" : 55650.00000000001,
    "throughput" : 4.841477466606663,
    "receivedKBytesPerSec" : 276.32031311816615,
    "sentKBytesPerSec" : 1.9934700016319586
  },
  "Logout-4" : {
    "transaction" : "Logout-4",
    "sampleCount" : 2273,
    "errorCount" : 537,
    "errorPct" : 23.625164,
    "meanResTime" : 18677.177298724153,
    "medianResTime" : 12481.0,
    "minResTime" : 1.0,
    "maxResTime" : 57390.0,
    "pct1ResTime" : 42652.0,
    "pct2ResTime" : 47066.2,
    "pct3ResTime" : 50091.49999999992,
    "throughput" : 8.435264079802867,
    "receivedKBytesPerSec" : 241.20387051934583,
    "sentKBytesPerSec" : 3.8692262695573434
  },
  "Login-7" : {
    "transaction" : "Login-7",
    "sampleCount" : 979,
    "errorCount" : 341,
    "errorPct" : 34.83146,
    "meanResTime" : 20339.13278855977,
    "medianResTime" : 15638.0,
    "minResTime" : 0.0,
    "maxResTime" : 58636.0,
    "pct1ResTime" : 48694.0,
    "pct2ResTime" : 50264.0,
    "pct3ResTime" : 53572.200000000026,
    "throughput" : 4.856969925483464,
    "receivedKBytesPerSec" : 26.4731594970754,
    "sentKBytesPerSec" : 1.9751691908605618
  },
  "Logout-3" : {
    "transaction" : "Logout-3",
    "sampleCount" : 2273,
    "errorCount" : 524,
    "errorPct" : 23.053234,
    "meanResTime" : 18745.129784425822,
    "medianResTime" : 12736.0,
    "minResTime" : 0.0,
    "maxResTime" : 56037.0,
    "pct1ResTime" : 42537.4,
    "pct2ResTime" : 46798.399999999994,
    "pct3ResTime" : 50009.799999999996,
    "throughput" : 8.43488845017738,
    "receivedKBytesPerSec" : 557.5428932852554,
    "sentKBytesPerSec" : 3.847321253794401
  },
  "Login-8" : {
    "transaction" : "Login-8",
    "sampleCount" : 979,
    "errorCount" : 439,
    "errorPct" : 44.841675,
    "meanResTime" : 17851.976506639432,
    "medianResTime" : 10721.0,
    "minResTime" : 0.0,
    "maxResTime" : 80538.0,
    "pct1ResTime" : 48142.0,