{
  "Show Contact Page-6" : {
    "transaction" : "Show Contact Page-6",
    "sampleCount" : 2735,
    "errorCount" : 508,
    "errorPct" : 18.57404,
    "meanResTime" : 21.881170018281534,
    "medianResTime" : 8.0,
    "minResTime" : 1.0,
    "maxResTime" : 791.0,
    "pct1ResTime" : 44.0,
    "pct2ResTime" : 76.0,
    "pct3ResTime" : 318.5599999999995,
    "throughput" : 45.60765741728922,
    "receivedKBytesPerSec" : 279.6439350987193,
    "sentKBytesPerSec" : 19.003429433197706
  },
  "Show Contact Page-5" : {
    "transaction" : "Show Contact Page-5",
    "sampleCount" : 2735,
    "errorCount" : 475,
    "errorPct" : 17.367458,
    "meanResTime" : 22.738939670932357,
    "medianResTime" : 7.0,
    "minResTime" : 1.0,
    "maxResTime" : 822.0,
    "pct1ResTime" : 43.0,
    "pct2ResTime" : 74.0,
    "pct3ResTime" : 349.27999999999975,
    "throughput" : 45.59625227147692,
    "receivedKBytesPerSec" : 3217.827196221221,
    "sentKBytesPerSec" : 19.20661374889552
  },
  "Show Contact Page-4" : {
    "transaction" : "Show Contact Page-4",
    "sampleCount" : 2735,
    "errorCount" : 458,
    "errorPct" : 16.745886,
    "meanResTime" : 21.359780621572227,
    "medianResTime" : 7.0,
    "minResTime" : 1.0,
    "maxResTime" : 787.0,
    "pct1ResTime" : 43.0,
    "pct2ResTime" : 75.0,
    "pct3ResTime" : 284.27999999999975,
    "throughput" : 45.59625227147692,
    "receivedKBytesPerSec" : 820.1106687259307,
    "sentKBytesPerSec" : 19.64765667980928
  },
  "Show Contact Page-3" : {
    "transaction" : "Show Contact Page-3",
    "sampleCount" : 2735,
    "errorCount" : 443,
    "errorPct" : 16.197441,
    "meanResTime" : 23.783546617915952,
    "medianResTime" : 7.0,
    "minResTime" : 2.0,
    "maxResTime" : 825.0,
    "pct1ResTime" : 45.0,
    "pct2ResTime" : 78.19999999999982,
    "pct3ResTime" : 375.5599999999995,
    "throughput" : 45.5992930859134,
    "receivedKBytesPerSec" : 5840.37103415883,
    "sentKBytesPerSec" : 19.66645357124994
  },
  "Show Contact Page-7" : {
    "transaction" : "Show Contact Page-7",
    "sampleCount" : 2735,
    "errorCount" : 598,
    "errorPct" : 21.864717,
    "meanResTime" : 21.26691042047528,
    "medianResTime" : 6.0,
    "minResTime" : 2.0,
    "maxResTime" : 811.0,
    "pct1ResTime" : 40.40000000000009,
    "pct2ResTime" : 72.0,
    "pct3ResTime" : 270.27999999999975,
    "throughput" : 45.6084179632131,
    "receivedKBytesPerSec" : 2055.069627487827,
    "sentKBytesPerSec" : 18.270546847641203
  },
  "Show Contact Page-2" : {
    "transaction" : "Show Contact Page-2",
    "sampleCount" : 2735,
    "errorCount" : 377,
    "errorPct" : 13.784278,
    "meanResTime" : 22.38683729433273,
    "medianResTime" : 7.0,
    "minResTime" : 1.0,
    "maxResTime" : 776.0,
    "pct1ResTime" : 43.0,
    "pct2ResTime" : 75.0,
    "pct3ResTime" : 386.5599999999995,
    "throughput" : 45.61982919669069,
    "receivedKBytesPerSec" : 2142.0118028016163,
    "sentKBytesPerSec" : 20.011419291683346
  },
  "Show Contact Page-1" : {
    "transaction" : "Show Contact Page-1",
    "sampleCount" : 2735,
    "errorCount" : 102,
    "errorPct" : 3.7294333,
    "meanResTime" : 425.4424131627063,
    "medianResTime" : 102.0,
    "minResTime" : 4.0,
    "maxResTime" : 5497.0,
    "pct1ResTime" : 872.2000000000003,
    "pct2ResTime" : 3470.9999999999927,
    "pct3ResTime" : 5017.399999999999,
    "throughput" : 45.54462040598824,
    "receivedKBytesPerSec" : 266.38177861317877,
    "sentKBytesPerSec" : 23.121947906779237
  },
  "Show Contact Page-0" : {
    "transaction" : "Show Contact Page-0",
    "sampleCount" : 2735,
    "errorCount" : 0,
    "errorPct" : 0.0,
    "meanResTime" : 9.667641681901273,
    "medianResTime" : 2.0,
    "minResTime" : 1.0,
    "maxResTime" : 465.0,
    "pct1ResTime" : 15.0,
    "pct2ResTime" : 32.0,
    "pct3ResTime" : 186.63999999999987,
    "throughput" : 45.52187879695744,
    "receivedKBytesPerSec" : 267.12985321378636,
    "sentKBytesPerSec" : 22.805394358241372
  },
  "Send Email-2" : {
    "transaction" : "Send Email-2",
    "sampleCount" : 1278,
    "errorCount" : 561,
    "errorPct" : 43.896713,
    "meanResTime" : 10.003129890453838,
    "medianResTime" : 7.0,
    "minResTime" : 1.0,
    "maxResTime" : 384.0,
    "pct1ResTime" : 21.0,
    "pct2ResTime" : 28.0,
    "pct3ResTime" : 53.0,
    "throughput" : 23.58716917057325,
    "receivedKBytesPerSec" : 866.3098337835904,
    "sentKBytesPerSec" : 6.773449179386143
  },
  "Send Email-1" : {
    "transaction" : "Send Email-1",
    "sampleCount" : 1315,
    "errorCount" : 271,
    "errorPct" : 20.608364,
    "meanResTime" : 49.12015209125478,
    "medianResTime" : 19.0,
    "minResTime" : 1.0,
    "maxResTime" : 426.0,
    "pct1ResTime" : 104.0,
    "pct2ResTime" : 111.0,
    "pct3ResTime" : 137.35999999999967,
    "throughput" : 24.26512649235141,
    "receivedKBytesPerSec" : 772.3578986504253,
    "sentKBytesPerSec" : 10.02774516542727
  },
  "Show Contact Page" : {
    "transaction" : "Show Contact Page",
    "sampleCount" : 7000,
    "errorCount" : 4996,
    "errorPct" : 71.37143,
    "meanResTime" : 179.80971428571402,
    "medianResTime" : 14.0,
    "minResTime" : 2.0,
    "maxResTime" : 5681.0,
    "pct1ResTime" : 145.0,
    "pct2ResTime" : 308.9499999999998,
    "pct3ResTime" : 4273.9299999999985,
    "throughput" : 116.32157931469972,
    "receivedKBytesPerSec" : 15013.412958873052,
    "sentKBytesPerSec" : 161.2514384409585
  },
  "Send Email-4" : {
    "transaction" : "Send Email-4",
    "sampleCount" : 1121,
    "errorCount" : 677,
    "errorPct" : 60.392506,
    "meanResTime" : 11.95272078501339,
    "medianResTime" : 9.0,
    "minResTime" : 1.0,
    "maxResTime" : 86.0,
    "pct1ResTime" : 24.0,
    "pct2ResTime" : 33.0,
    "pct3ResTime" : 60.0,
    "throughput" : 22.06215189624294,
    "receivedKBytesPerSec" : 312.20057926064237,
    "sentKBytesPerSec" : 4.497980260179882
  },
  "Send Email-3" : {
    "transaction" : "Send Email-3",
    "sampleCount" : 1240,
    "errorCount" : 643,
    "errorPct" : 51.85484,
    "meanResTime" : 10.925000000000011,
    "medianResTime" : 8.0,
    "minResTime" : 2.0,
    "maxResTime" : 128.0,
    "pct1ResTime" : 22.0,
    "pct2ResTime" : 29.0,
    "pct3ResTime" : 55.58999999999992,
    "throughput" : 24.402243432057464,
    "receivedKBytesPerSec" : 1105.1263429536064,
    "sentKBytesPerSec" : 6.0297041043491095
  },
  "Send Email-6" : {
    "transaction" : "Send Email-6",
    "sampleCount" : 633,
    "errorCount" : 417,
    "errorPct" : 65.87678,
    "meanResTime" : 13.633491311216432,
    "medianResTime" : 10.0,
    "minResTime" : 1.0,
    "maxResTime" : 104.0,
    "pct1ResTime" : 26.0,
    "pct2ResTime" : 37.299999999999955,
    "pct3ResTime" : 71.31999999999994,
    "throughput" : 12.47536460386283,
    "receivedKBytesPerSec" : 61.602232274832474,
    "sentKBytesPerSec" : 2.178596613864801
  },
  "Send Email-5" : {
    "transaction" : "Send Email-5",
    "sampleCount" : 878,
    "errorCount" : 588,
    "errorPct" : 66.97039,
    "meanResTime" : 12.956719817767654,
    "medianResTime" : 10.0,
    "minResTime" : 2.0,
    "maxResTime" : 95.0,
    "pct1ResTime" : 25.0,
    "pct2ResTime" : 33.049999999999955,
    "pct3ResTime" : 58.42000000000007,
    "throughput" : 17.282103771356585,
    "receivedKBytesPerSec" : 456.5463134054405,
    "sentKBytesPerSec" : 2.9141944408904807
  },
  "Total" : {
    "transaction" : "Total",
    "sampleCount" : 46248,
    "errorCount" : 16288,
    "errorPct" : 35.21882,
    "meanResTime" : 67.4082554921295,
    "medianResTime" : 7.0,
    "minResTime" : 1.0,
    "maxResTime" : 5681.0,
    "pct1ResTime" : 86.0,
    "pct2ResTime" : 98.0,
    "pct3ResTime" : 125.9900000000016,
    "throughput" : 768.3285431860847,
    "receivedKBytesPerSec" : 37164.35959123154,
    "sentKBytesPerSec" : 454.37277668291995
  },
  "Send Email-7" : {
    "transaction" : "Send Email-7",
    "sampleCount" : 584,
    "errorCount" : 448,
    "errorPct" : 76.712326,
    "meanResTime" : 14.476027397260282,