{
  "Session Test" : {
    "transaction" : "Session Test",
    "sampleCount" : 10000,
    "errorCount" : 0,
    "errorPct" : 0.0,
    "meanResTime" : 3878.1280999999844,
    "medianResTime" : 3881.0,
    "minResTime" : 124.0,
    "maxResTime" : 9602.0,
    "pct1ResTime" : 5740.0,
    "pct2ResTime" : 6308.0,
    "pct3ResTime" : 7628.959999999999,
    "throughput" : 22.264326537518727,
    "receivedKBytesPerSec" : 8540.85603282889,
    "sentKBytesPerSec" : 102.32023504449526
  },
  "Login Welcome-1" : {
    "transaction" : "Login Welcome-1",
    "sampleCount" : 100,
    "errorCount" : 0,
    "errorPct" : 0.0,
    "meanResTime" : 438.34,
    "medianResTime" : 345.5,
    "minResTime" : 15.0,
    "maxResTime" : 1990.0,
    "pct1ResTime" : 952.7,
    "pct2ResTime" : 1363.2999999999984,
    "pct3ResTime" : 1987.5999999999988,
    "throughput" : 1.636286284648362,
    "receivedKBytesPerSec" : 194.45121259040482,
    "sentKBytesPerSec" : 0.9859264039336323
  },
  "Login Welcome-0" : {
    "transaction" : "Login Welcome-0",
    "sampleCount" : 100,
    "errorCount" : 0,
    "errorPct" : 0.0,
    "meanResTime" : 533.5999999999999,
    "medianResTime" : 402.5,
    "minResTime" : 11.0,
    "maxResTime" : 3292.0,
    "pct1ResTime" : 1083.9000000000003,
    "pct2ResTime" : 1915.8499999999976,
    "pct3ResTime" : 3286.5399999999972,
    "throughput" : 1.6540408217274802,
    "receivedKBytesPerSec" : 4.253017073836382,
    "sentKBytesPerSec" : 0.8254051366237719
  },
  "Login-0" : {
    "transaction" : "Login-0",
    "sampleCount" : 100,
    "errorCount" : 0,
    "errorPct" : 0.0,
    "meanResTime" : 1569.6699999999998,
    "medianResTime" : 1428.5,
    "minResTime" : 236.0,
    "maxResTime" : 3804.0,
    "pct1ResTime" : 2922.1000000000004,
    "pct2ResTime" : 3203.7999999999984,
    "pct3ResTime" : 3803.0999999999995,
    "throughput" : 1.5306434825200514,
    "receivedKBytesPerSec" : 0.6562036023694362,
    "sentKBytesPerSec" : 1.121076769423866
  },
  "Login-1" : {
    "transaction" : "Login-1",
    "sampleCount" : 100,
    "errorCount" : 0,
    "errorPct" : 0.0,
    "meanResTime" : 652.7799999999999,
    "medianResTime" : 522.5,
    "minResTime" : 13.0,
    "maxResTime" : 2703.0,
    "pct1ResTime" : 1500.1000000000001,
    "pct2ResTime" : 2144.599999999996,
    "pct3ResTime" : 2701.039999999999,
    "throughput" : 1.4884939418296568,
    "receivedKBytesPerSec" : 7.010748321723081,
    "sentKBytesPerSec" : 0.902690173707243
  },
  "Login-2" : {
    "transaction" : "Login-2",
    "sampleCount" : 100,
    "errorCount" : 0,
    "errorPct" : 0.0,
    "meanResTime" : 195.33000000000007,
    "medianResTime" : 106.0,
    "minResTime" : 82.0,
    "maxResTime" : 1165.0,
    "pct1ResTime" : 533.8000000000002,
    "pct2ResTime" : 1009.2999999999982,
    "pct3ResTime" : 1164.84,
    "throughput" : 1.4864804602143504,
    "receivedKBytesPerSec" : 8.875333529053261,
    "sentKBytesPerSec" : 0.8550165928381372
  },
  "Login-3" : {
    "transaction" : "Login-3",
    "sampleCount" : 100,
    "errorCount" : 0,
    "errorPct" : 0.0,
    "meanResTime" : 511.53999999999996,
    "medianResTime" : 381.5,
    "minResTime" : 15.0,
    "maxResTime" : 1978.0,
    "pct1ResTime" : 1238.2,
    "pct2ResTime" : 1474.2999999999997,
    "pct3ResTime" : 1976.3899999999992,
    "throughput" : 1.4827555529195457,
    "receivedKBytesPerSec" : 80.50754490895882,
    "sentKBytesPerSec" : 0.9209302066961241
  },
  "Login-4" : {
    "transaction" : "Login-4",
    "sampleCount" : 100,
    "errorCount" : 0,
    "errorPct" : 0.0,
    "meanResTime" : 486.0999999999999,
    "medianResTime" : 402.5,
    "minResTime" : 16.0,
    "maxResTime" : 1421.0,
    "pct1ResTime" : 1004.7,
    "pct2ResTime" : 1130.6999999999998,
    "pct3ResTime" : 1420.3799999999997,
    "throughput" : 1.4670070122935188,
    "receivedKBytesPerSec" : 223.84320766584514,
    "sentKBytesPerSec" : 0.9197446307543351
  },
  "Session Test-5" : {
    "transaction" : "Session Test-5",
    "sampleCount" : 10000,
    "errorCount" : 0,
    "errorPct" : 0.0,
    "meanResTime" : 897.7184999999986,
    "medianResTime" : 816.0,
    "minResTime" : 19.0,
    "maxResTime" : 4822.0,
    "pct1ResTime" : 1607.0,
    "pct2ResTime" : 1912.949999999999,
    "pct3ResTime" : 2605.8799999999974,
    "throughput" : 22.26670615295891,
    "receivedKBytesPerSec" : 1895.2794026288072,
    "sentKBytesPerSec" : 12.785960173769375
  },
  "Login-5" : {
    "transaction" : "Login-5",
    "sampleCount" : 100,
    "errorCount" : 0,
    "errorPct" : 0.0,
    "meanResTime" : 468.03999999999996,
    "medianResTime" : 356.5,
    "minResTime" : 15.0,
    "maxResTime" : 1871.0,
    "pct1ResTime" : 1001.1000000000001,
    "pct2ResTime" : 1113.6,
    "pct3ResTime" : 1867.9499999999985,
    "throughput" : 1.4485825619631192,
    "receivedKBytesPerSec" : 30.902623111410485,
    "sentKBytesPerSec" : 0.912437258267785
  },
  "Session Test-6" : {
    "transaction" : "Session Test-6",
    "sampleCount" : 10000,
    "errorCount" : 0,
    "errorPct" : 0.0,
    "meanResTime" : 894.6524000000007,
    "medianResTime" : 810.0,
    "minResTime" : 20.0,
    "maxResTime" : 4364.0,
    "pct1ResTime" : 1623.0,
    "pct2ResTime" : 1950.0,
    "pct3ResTime" : 2550.99,
    "throughput" : 22.267251553140795,
    "receivedKBytesPerSec" : 160.24157880380326,
    "sentKBytesPerSec" : 12.829764078469795
  },
  "Login-6" : {
    "transaction" : "Login-6",
    "sampleCount" : 100,
    "errorCount" : 0,
    "errorPct" : 0.0,
    "meanResTime" : 556.8199999999999,
    "medianResTime" : 457.0,
    "minResTime" : 19.0,
    "maxResTime" : 2137.0,
    "pct1ResTime" : 1122.9000000000003,
    "pct2ResTime" : 1380.499999999999,
    "pct3ResTime" : 2136.3999999999996,
    "throughput" : 1.4430430892666455,
    "receivedKBytesPerSec" : 122.8277691996883,
    "sentKBytesPerSec" : 0.8976742654910675
  },
  "Session Test-7" : {
    "transaction" : "Session Test-7",
    "sampleCount" : 10000,
    "errorCount" : 0,
    "errorPct" : 0.0,
    "meanResTime" : 889.9962999999992,
    "medianResTime" : 813.0,
    "minResTime" : 19.0,
    "maxResTime" : 4755.0,
    "pct1ResTime" : 1611.8999999999996,
    "pct2ResTime" : 1906.8999999999978,
    "pct3ResTime" : 2583.949999999999,
    "throughput" : 22.266904477206484,
    "receivedKBytesPerSec" : 1273.6930301248951,
    "sentKBytesPerSec" : 12.851309126981477
  },
  "Login-7" : {
    "transaction" : "Login-7",
    "sampleCount" : 100,
    "errorCount" : 0,
    "errorPct" : 0.0,
    "meanResTime" : 578.5199999999999,
    "medianResTime" : 413.0,
    "minResTime" : 22.0,
    "maxResTime" : 2494.0,
    "pct1ResTime" : 1325.2000000000005,
    "pct2ResTime" : 1594.55,
    "pct3ResTime" : 2491.4399999999987,
    "throughput" : 1.4545242978283952,
    "receivedKBytesPerSec" : 10.467177295602973,
    "sentKBytesPerSec" : 0.9076572522581489
  },
  "Login-8" : {
    "transaction" : "Login-8",
    "sampleCount" : 100,
    "errorCount" : 0,
    "errorPct" : 0.0,
    "meanResTime" : 571.1300000000001,
    "medianResTime" : 418.0,
    "minResTime" : 27.0,
    "maxResTime" : 2799.0,
    "pct1ResTime" : 1268.9,
    "pct2ResTime" : 1554.4999999999982,
    "pct3ResTime" : 2794.5099999999975,
    "throughput" : 1.4777815543306387,
    "receivedKBytesPerSec" : 84.53083668297153,
    "sentKBytesPerSec" : 0.9236134714566493
  },
  "Session Test-1" : {
    "transaction" : "Session Test-1",
    "sampleCount" : 10000,
    "errorCount" : 0,
    "errorPct" : 0.0,
    "meanResTime" : 1114.4653999999994,
    "medianResTime" : 1017.0,
    "minResTime" : 18.0,
    "maxResTime" : 5884.0,
    "pct1ResTime" : 2032.8999999999996,
    "pct2ResTime" : 2393.0,
    "pct3ResTime" : 3132.0,
    "throughput" : 22.267251553140795,
    "receivedKBytesPerSec" : 123.36144341891381,
    "sentKBytesPerSec" : 12.547074361486562
  },
  "Session Test-2" : {
    "transaction" : "Session Test-2",
    "sampleCount" : 10000,
    "errorCount" : 0,
    "errorPct" : 0.0,
    "meanResTime" : 882.9849000000021,
    "medianResTime" : 808.0,