{
  "Session Test" : {
    "transaction" : "Session Test",
    "sampleCount" : 9900,
    "errorCount" : 0,
    "errorPct" : 0.0,
    "meanResTime" : 252.02171717171737,
    "medianResTime" : 247.0,
    "minResTime" : 12.0,
    "maxResTime" : 1284.0,
    "pct1ResTime" : 389.0,
    "pct2ResTime" : 460.0,
    "pct3ResTime" : 663.9599999999991,
    "throughput" : 136.54984069185252,
    "receivedKBytesPerSec" : 52384.001290176166,
    "sentKBytesPerSec" : 627.5425295857988
  },
  "Login Welcome-1" : {
    "transaction" : "Login Welcome-1",
    "sampleCount" : 100,
    "errorCount" : 0,
    "errorPct" : 0.0,
    "meanResTime" : 57.420000000000016,
    "medianResTime" : 43.0,
    "minResTime" : 8.0,
    "maxResTime" : 290.0,
    "pct1ResTime" : 127.80000000000001,
    "pct2ResTime" : 183.5999999999999,
    "pct3ResTime" : 289.7399999999999,
    "throughput" : 1.6841821611425492,
    "receivedKBytesPerSec" : 200.14301074929264,
    "sentKBytesPerSec" : 1.0147855404540556
  },
  "Login Welcome-0" : {
    "transaction" : "Login Welcome-0",
    "sampleCount" : 100,
    "errorCount" : 0,
    "errorPct" : 0.0,
    "meanResTime" : 45.129999999999995,
    "medianResTime" : 27.0,
    "minResTime" : 4.0,
    "maxResTime" : 528.0,
    "pct1ResTime" : 79.0,
    "pct2ResTime" : 106.49999999999989,
    "pct3ResTime" : 526.5699999999993,
    "throughput" : 1.6705367434556724,
    "receivedKBytesPerSec" : 4.295432856951939,
    "sentKBytesPerSec" : 0.8336369881893053
  },
  "Login-0" : {
    "transaction" : "Login-0",
    "sampleCount" : 100,
    "errorCount" : 0,
    "errorPct" : 0.0,
    "meanResTime" : 442.57999999999987,
    "medianResTime" : 402.5,
    "minResTime" : 197.0,
    "maxResTime" : 1015.0,
    "pct1ResTime" : 649.6000000000001,
    "pct2ResTime" : 740.9499999999996,
    "pct3ResTime" : 1012.5499999999988,
    "throughput" : 1.6823404720647366,
    "receivedKBytesPerSec" : 0.7212377609730657,
    "sentKBytesPerSec" : 1.2321829629380394
  },
  "Login-1" : {
    "transaction" : "Login-1",
    "sampleCount" : 100,
    "errorCount" : 0,
    "errorPct" : 0.0,
    "meanResTime" : 76.07,
    "medianResTime" : 56.0,
    "minResTime" : 5.0,
    "maxResTime" : 599.0,
    "pct1ResTime" : 157.9,
    "pct2ResTime" : 194.5999999999999,
    "pct3ResTime" : 596.6699999999988,
    "throughput" : 1.6887898132198467,
    "receivedKBytesPerSec" : 7.954134051913399,
    "sentKBytesPerSec" : 1.0241586660249267
  },
  "Login-2" : {
    "transaction" : "Login-2",
    "sampleCount" : 100,
    "errorCount" : 0,
    "errorPct" : 0.0,
    "meanResTime" : 311.0400000000001,
    "medianResTime" : 263.5,
    "minResTime" : 137.0,
    "maxResTime" : 2260.0,
    "pct1ResTime" : 459.3000000000002,
    "pct2ResTime" : 835.0999999999982,
    "pct3ResTime" : 2246.509999999993,
    "throughput" : 1.6835016835016834,
    "receivedKBytesPerSec" : 10.051688762626263,
    "sentKBytesPerSec" : 0.9683422769360269
  },
  "Login-3" : {
    "transaction" : "Login-3",
    "sampleCount" : 100,
    "errorCount" : 0,
    "errorPct" : 0.0,
    "meanResTime" : 44.85,
    "medianResTime" : 39.5,
    "minResTime" : 8.0,
    "maxResTime" : 143.0,
    "pct1ResTime" : 83.40000000000003,
    "pct2ResTime" : 115.5499999999999,
    "pct3ResTime" : 142.89999999999995,
    "throughput" : 1.6883906260552441,
    "receivedKBytesPerSec" : 91.67268595512257,
    "sentKBytesPerSec" : 1.0486488654014992
  },
  "Login-4" : {
    "transaction" : "Login-4",
    "sampleCount" : 100,
    "errorCount" : 0,
    "errorPct" : 0.0,
    "meanResTime" : 50.47,
    "medianResTime" : 42.5,
    "minResTime" : 8.0,
    "maxResTime" : 338.0,
    "pct1ResTime" : 91.80000000000001,
    "pct2ResTime" : 126.64999999999992,
    "pct3ResTime" : 336.34999999999917,
    "throughput" : 1.6874504311435852,
    "receivedKBytesPerSec" : 257.47955812001146,
    "sentKBytesPerSec" : 1.057952321088068
  },
  "Session Test-5" : {
    "transaction" : "Session Test-5",
    "sampleCount" : 9900,
    "errorCount" : 0,
    "errorPct" : 0.0,
    "meanResTime" : 46.93666666666651,
    "medianResTime" : 39.0,
    "minResTime" : 4.0,
    "maxResTime" : 713.0,
    "pct1ResTime" : 84.0,
    "pct2ResTime" : 112.0,
    "pct3ResTime" : 208.95999999999913,
    "throughput" : 136.67614656100727,
    "receivedKBytesPerSec" : 11633.464170831377,
    "sentKBytesPerSec" : 78.48200603307839
  },
  "Login-5" : {
    "transaction" : "Login-5",
    "sampleCount" : 100,
    "errorCount" : 0,
    "errorPct" : 0.0,
    "meanResTime" : 47.53,
    "medianResTime" : 38.0,
    "minResTime" : 7.0,
    "maxResTime" : 187.0,
    "pct1ResTime" : 91.80000000000001,
    "pct2ResTime" : 125.59999999999991,
    "pct3ResTime" : 186.6499999999998,
    "throughput" : 1.688219603606037,
    "receivedKBytesPerSec" : 36.01480199294324,
    "sentKBytesPerSec" : 1.0633805120370057
  },
  "Session Test-6" : {
    "transaction" : "Session Test-6",
    "sampleCount" : 9900,
    "errorCount" : 0,
    "errorPct" : 0.0,
    "meanResTime" : 45.74434343434334,
    "medianResTime" : 37.0,
    "minResTime" : 3.0,
    "maxResTime" : 674.0,
    "pct1ResTime" : 82.0,
    "pct2ResTime" : 109.0,
    "pct3ResTime" : 199.98999999999978,
    "throughput" : 136.67614656100727,
    "receivedKBytesPerSec" : 983.5383817078306,
    "sentKBytesPerSec" : 78.74895163183037
  },
  "Login-6" : {
    "transaction" : "Login-6",
    "sampleCount" : 100,
    "errorCount" : 0,
    "errorPct" : 0.0,
    "meanResTime" : 53.33,
    "medianResTime" : 39.0,
    "minResTime" : 9.0,
    "maxResTime" : 339.0,
    "pct1ResTime" : 98.60000000000008,
    "pct2ResTime" : 131.69999999999993,
    "pct3ResTime" : 338.5999999999998,
    "throughput" : 1.688191103232886,
    "receivedKBytesPerSec" : 143.69407866970542,
    "sentKBytesPerSec" : 1.0501735671478012
  },
  "Session Test-7" : {
    "transaction" : "Session Test-7",
    "sampleCount" : 9900,
    "errorCount" : 0,
    "errorPct" : 0.0,
    "meanResTime" : 46.62101010101,
    "medianResTime" : 38.0,
    "minResTime" : 3.0,
    "maxResTime" : 707.0,
    "pct1ResTime" : 83.0,
    "pct2ResTime" : 110.0,
    "pct3ResTime" : 207.0,
    "throughput" : 136.67237285327738,
    "receivedKBytesPerSec" : 7817.7933041754095,
    "sentKBytesPerSec" : 78.88024644168645
  },
  "Login-7" : {
    "transaction" : "Login-7",
    "sampleCount" : 100,
    "errorCount" : 0,
    "errorPct" : 0.0,
    "meanResTime" : 46.93999999999999,
    "medianResTime" : 38.0,
    "minResTime" : 6.0,
    "maxResTime" : 220.0,
    "pct1ResTime" : 84.80000000000001,
    "pct2ResTime" : 124.29999999999984,
    "pct3ResTime" : 219.68999999999983,
    "throughput" : 1.6879916275615272,
    "receivedKBytesPerSec" : 12.147275687012593,
    "sentKBytesPerSec" : 1.0533463379021641
  },
  "Login-8" : {
    "transaction" : "Login-8",
    "sampleCount" : 100,
    "errorCount" : 1,
    "errorPct" : 1.0,
    "meanResTime" : 50.15,
    "medianResTime" : 38.0,
    "minResTime" : 5.0,
    "maxResTime" : 210.0,
    "pct1ResTime" : 113.60000000000002,
    "pct2ResTime" : 153.49999999999966,
    "pct3ResTime" : 209.69999999999985,
    "throughput" : 1.6856868331001467,
    "receivedKBytesPerSec" : 95.50454648176087,
    "sentKBytesPerSec" : 1.0430187279807157
  },
  "Session Test-1" : {
    "transaction" : "Session Test-1",
    "sampleCount" : 9900,
    "errorCount" : 0,
    "errorPct" : 0.0,
    "meanResTime" : 67.96212121212119,
    "medianResTime" : 57.0,
    "minResTime" : 3.0,
    "maxResTime" : 765.0,
    "pct1ResTime" : 124.0,
    "pct2ResTime" : 161.0,
    "pct3ResTime" : 283.9899999999998,
    "throughput" : 136.60448173087536,
    "receivedKBytesPerSec" : 756.7703275704755,
    "sentKBytesPerSec" : 76.97342378780772
  },
  "Session Test-2" : {
    "transaction" : "Session Test-2",
    "sampleCount" : 9900,
    "errorCount" : 0,
    "errorPct" : 0.0,
    "meanResTime" : 45.51424242424256,
    "medianResTime" : 37.0,
    "minResTime" : 2.0,
    "maxResTime" : 716.0,
    "pct1ResTime" : 80.0,
    "pct2ResTime" : 105.0,