{
  "Show Contact Page-6" : {
    "transaction" : "Show Contact Page-6",
    "sampleCount" : 1000,
    "errorCount" : 0,
    "errorPct" : 0.0,
    "meanResTime" : 7.503,
    "medianResTime" : 7.0,
    "minResTime" : 2.0,
    "maxResTime" : 89.0,
    "pct1ResTime" : 11.0,
    "pct2ResTime" : 12.0,
    "pct3ResTime" : 19.980000000000018,
    "throughput" : 16.76333523317799,
    "receivedKBytesPerSec" : 116.36111995842693,
    "sentKBytesPerSec" : 8.5781129513528
  },
  "Show Contact Page-5" : {
    "transaction" : "Show Contact Page-5",
    "sampleCount" : 1000,
    "errorCount" : 0,
    "errorPct" : 0.0,
    "meanResTime" : 7.816999999999992,
    "medianResTime" : 7.0,
    "minResTime" : 2.0,
    "maxResTime" : 37.0,
    "pct1ResTime" : 12.0,
    "pct2ResTime" : 13.0,
    "pct3ResTime" : 19.99000000000001,
    "throughput" : 16.763616247296866,
    "receivedKBytesPerSec" : 1422.599109642432,
    "sentKBytesPerSec" : 8.545515313563442
  },
  "Show Contact Page-4" : {
    "transaction" : "Show Contact Page-4",
    "sampleCount" : 1000,
    "errorCount" : 0,
    "errorPct" : 0.0,
    "meanResTime" : 7.642000000000002,
    "medianResTime" : 7.0,
    "minResTime" : 2.0,
    "maxResTime" : 90.0,
    "pct1ResTime" : 11.0,
    "pct2ResTime" : 12.0,
    "pct3ResTime" : 18.980000000000018,
    "throughput" : 16.765302529884153,
    "receivedKBytesPerSec" : 353.4957489479773,
    "sentKBytesPerSec" : 8.677353848475196
  },
  "Show Contact Page-3" : {
    "transaction" : "Show Contact Page-3",
    "sampleCount" : 1000,
    "errorCount" : 0,
    "errorPct" : 0.0,
    "meanResTime" : 8.267999999999994,
    "medianResTime" : 8.0,
    "minResTime" : 2.0,
    "maxResTime" : 65.0,
    "pct1ResTime" : 12.0,
    "pct2ResTime" : 14.0,
    "pct3ResTime" : 22.0,
    "throughput" : 16.759402024535767,
    "receivedKBytesPerSec" : 2550.5225103646426,
    "sentKBytesPerSec" : 8.625200065361668
  },
  "Show Contact Page-7" : {
    "transaction" : "Show Contact Page-7",
    "sampleCount" : 1000,
    "errorCount" : 2,
    "errorPct" : 0.2,
    "meanResTime" : 5.8809999999999985,
    "medianResTime" : 5.0,
    "minResTime" : 0.0,
    "maxResTime" : 88.0,
    "pct1ResTime" : 8.0,
    "pct2ResTime" : 9.0,
    "pct3ResTime" : 17.0,
    "throughput" : 16.768957306234697,
    "receivedKBytesPerSec" : 953.0758066916524,
    "sentKBytesPerSec" : 8.58017107480632
  },
  "Show Contact Page-2" : {
    "transaction" : "Show Contact Page-2",
    "sampleCount" : 1000,
    "errorCount" : 0,
    "errorPct" : 0.0,
    "meanResTime" : 7.627999999999995,
    "medianResTime" : 7.0,
    "minResTime" : 2.0,
    "maxResTime" : 92.0,
    "pct1ResTime" : 11.0,
    "pct2ResTime" : 12.0,
    "pct3ResTime" : 20.960000000000036,
    "throughput" : 16.758278589623274,
    "receivedKBytesPerSec" : 905.7489536549806,
    "sentKBytesPerSec" : 8.526428852728248
  },
  "Show Contact Page-1" : {
    "transaction" : "Show Contact Page-1",
    "sampleCount" : 1000,
    "errorCount" : 1,
    "errorPct" : 0.1,
    "meanResTime" : 119.55800000000008,
    "medianResTime" : 91.0,
    "minResTime" : 72.0,
    "maxResTime" : 1763.0,
    "pct1ResTime" : 106.0,
    "pct2ResTime" : 130.94999999999993,
    "pct3ResTime" : 1359.8400000000001,
    "throughput" : 16.736961906674697,
    "receivedKBytesPerSec" : 99.86412332839593,
    "sentKBytesPerSec" : 8.817306123217515
  },
  "Show Contact Page-0" : {
    "transaction" : "Show Contact Page-0",
    "sampleCount" : 1000,
    "errorCount" : 0,
    "errorPct" : 0.0,
    "meanResTime" : 3.0330000000000013,
    "medianResTime" : 3.0,
    "minResTime" : 1.0,
    "maxResTime" : 87.0,
    "pct1ResTime" : 4.0,
    "pct2ResTime" : 4.0,
    "pct3ResTime" : 6.0,
    "throughput" : 16.693376068376068,
    "receivedKBytesPerSec" : 97.95946952624197,
    "sentKBytesPerSec" : 8.362990159254807
  },
  "Send Email-1" : {
    "transaction" : "Send Email-1",
    "sampleCount" : 3,
    "errorCount" : 0,
    "errorPct" : 0.0,
    "meanResTime" : 58.0,
    "medianResTime" : 7.0,
    "minResTime" : 3.0,
    "maxResTime" : 164.0,
    "pct1ResTime" : 164.0,
    "pct2ResTime" : 164.0,
    "pct3ResTime" : 164.0,
    "throughput" : 18.29268292682927,
    "receivedKBytesPerSec" : 730.8736661585366,
    "sentKBytesPerSec" : 9.467892530487804
  },
  "Show Contact Page" : {
    "transaction" : "Show Contact Page",
    "sampleCount" : 1000,
    "errorCount" : 3,
    "errorPct" : 0.3,
    "meanResTime" : 124.4190000000001,
    "medianResTime" : 95.0,
    "minResTime" : 74.0,
    "maxResTime" : 1990.0,
    "pct1ResTime" : 111.0,
    "pct2ResTime" : 134.89999999999986,
    "pct3ResTime" : 1421.3400000000006,
    "throughput" : 16.67055646317474,
    "receivedKBytesPerSec" : 6464.702913101599,
    "sentKBytesPerSec" : 68.38200397801154
  },
  "Total" : {
    "transaction" : "Total",
    "sampleCount" : 11003,
    "errorCount" : 6,
    "errorPct" : 0.054530583,
    "meanResTime" : 27.611924020721645,
    "medianResTime" : 7.0,
    "minResTime" : 0.0,
    "maxResTime" : 1990.0,
    "pct1ResTime" : 92.0,
    "pct2ResTime" : 99.0,
    "pct3ResTime" : 128.0,
    "throughput" : 183.40778770502732,
    "receivedKBytesPerSec" : 13130.214529906072,
    "sentKBytesPerSec" : 158.8753500466729
  },
  "Send Email" : {
    "transaction" : "Send Email",
    "sampleCount" : 1000,
    "errorCount" : 0,
    "errorPct" : 0.0,
    "meanResTime" : 6.037,
    "medianResTime" : 6.0,
    "minResTime" : 2.0,
    "maxResTime" : 174.0,
    "pct1ResTime" : 8.0,
    "pct2ResTime" : 9.0,
    "pct3ResTime" : 14.990000000000009,
    "throughput" : 17.228012748729434,
    "receivedKBytesPerSec" : 104.4404529890602,
    "sentKBytesPerSec" : 11.433579281161167
  },
  "Send Email-0" : {
    "transaction" : "Send Email-0",
    "sampleCount" : 1000,
    "errorCount" : 0,
    "errorPct" : 0.0,
    "meanResTime" : 5.854000000000001,
    "medianResTime" : 6.0,
    "minResTime" : 2.0,
    "maxResTime" : 66.0,
    "pct1ResTime" : 8.0,
    "pct2ResTime" : 9.0,
    "pct3ResTime" : 13.990000000000009,
    "throughput" : 17.228012748729434,
    "receivedKBytesPerSec" : 102.37544685158066,
    "sentKBytesPerSec" : 11.406828753553278
  }
}