{
  "Show Contact Page-6" : {
    "transaction" : "Show Contact Page-6",
    "sampleCount" : 988,
    "errorCount" : 15,
    "errorPct" : 1.5182186,
    "meanResTime" : 40084.64574898781,
    "medianResTime" : 33244.0,
    "minResTime" : 485.0,
    "maxResTime" : 204221.0,
    "pct1ResTime" : 82175.9,
    "pct2ResTime" : 88153.0,
    "pct3ResTime" : 152085.5,
    "throughput" : 4.21865259310498,
    "receivedKBytesPerSec" : 30.70118970513198,
    "sentKBytesPerSec" : 2.7692496706846343
  },
  "Show Contact Page-5" : {
    "transaction" : "Show Contact Page-5",
    "sampleCount" : 988,
    "errorCount" : 7,
    "errorPct" : 0.708502,
    "meanResTime" : 39386.572874493926,
    "medianResTime" : 33205.5,
    "minResTime" : 529.0,
    "maxResTime" : 172431.0,
    "pct1ResTime" : 81737.40000000001,
    "pct2ResTime" : 88993.2,
    "pct3ResTime" : 104883.11000000006,
    "throughput" : 4.5124663734476975,
    "receivedKBytesPerSec" : 380.9938598001132,
    "sentKBytesPerSec" : 2.962202563439431
  },
  "Show Contact Page-4" : {
    "transaction" : "Show Contact Page-4",
    "sampleCount" : 988,
    "errorCount" : 16,
    "errorPct" : 1.6194332,
    "meanResTime" : 39876.396761133605,
    "medianResTime" : 32714.5,
    "minResTime" : 448.0,
    "maxResTime" : 178396.0,
    "pct1ResTime" : 83372.7,
    "pct2ResTime" : 91119.19999999998,
    "pct3ResTime" : 152581.53,
    "throughput" : 4.5124663734476975,
    "receivedKBytesPerSec" : 94.61574367061507,
    "sentKBytesPerSec" : 2.978874896379979
  },
  "Show Contact Page-3" : {
    "transaction" : "Show Contact Page-3",
    "sampleCount" : 988,
    "errorCount" : 15,
    "errorPct" : 1.5182186,
    "meanResTime" : 40632.74898785428,
    "medianResTime" : 33597.5,
    "minResTime" : 506.0,
    "maxResTime" : 171881.0,
    "pct1ResTime" : 82748.3,
    "pct2ResTime" : 91861.54999999999,
    "pct3ResTime" : 153568.45,
    "throughput" : 4.507073093959701,
    "receivedKBytesPerSec" : 676.9947506697314,
    "sentKBytesPerSec" : 2.956207503843329
  },
  "Show Contact Page-7" : {
    "transaction" : "Show Contact Page-7",
    "sampleCount" : 988,
    "errorCount" : 134,
    "errorPct" : 13.562753,
    "meanResTime" : 37729.01417004049,
    "medianResTime" : 31564.5,
    "minResTime" : 270.0,
    "maxResTime" : 173120.0,
    "pct1ResTime" : 79007.80000000002,
    "pct2ResTime" : 86708.84999999999,
    "pct3ResTime" : 111830.60000000005,
    "throughput" : 4.22925290333075,
    "receivedKBytesPerSec" : 210.33575513888474,
    "sentKBytesPerSec" : 2.430422529332951
  },
  "Show Contact Page-2" : {
    "transaction" : "Show Contact Page-2",
    "sampleCount" : 988,
    "errorCount" : 7,
    "errorPct" : 0.708502,
    "meanResTime" : 39311.92813765183,
    "medianResTime" : 32914.0,
    "minResTime" : 290.0,
    "maxResTime" : 174830.0,
    "pct1ResTime" : 81895.6,
    "pct2ResTime" : 89890.7,
    "pct3ResTime" : 105143.36000000004,
    "throughput" : 4.3801315812807005,
    "receivedKBytesPerSec" : 235.77189341910722,
    "sentKBytesPerSec" : 2.8710843984412406
  },
  "Show Contact Page-1" : {
    "transaction" : "Show Contact Page-1",
    "sampleCount" : 988,
    "errorCount" : 0,
    "errorPct" : 0.0,
    "meanResTime" : 115.68927125506062,
    "medianResTime" : 100.0,
    "minResTime" : 73.0,
    "maxResTime" : 1033.0,
    "pct1ResTime" : 120.0,
    "pct2ResTime" : 143.0,
    "pct3ResTime" : 787.8400000000006,
    "throughput" : 7.716700251495697,
    "receivedKBytesPerSec" : 46.07412630629364,
    "sentKBytesPerSec" : 4.069353648249684
  },
  "Show Contact Page-0" : {
    "transaction" : "Show Contact Page-0",
    "sampleCount" : 988,
    "errorCount" : 0,
    "errorPct" : 0.0,
    "meanResTime" : 21718.727732793534,
    "medianResTime" : 20410.0,
    "minResTime" : 165.0,
    "maxResTime" : 69014.0,
    "pct1ResTime" : 43397.6,
    "pct2ResTime" : 48067.45,
    "pct3ResTime" : 59946.1,
    "throughput" : 7.69764162336094,
    "receivedKBytesPerSec" : 47.02860101401625,
    "sentKBytesPerSec" : 3.939027549454231
  },
  "Send Email-2" : {
    "transaction" : "Send Email-2",
    "sampleCount" : 988,
    "errorCount" : 0,
    "errorPct" : 0.0,
    "meanResTime" : 42037.822874493955,
    "medianResTime" : 41903.5,
    "minResTime" : 177.0,
    "maxResTime" : 107762.0,
    "pct1ResTime" : 70774.5,
    "pct2ResTime" : 77909.45,
    "pct3ResTime" : 91382.43000000001,
    "throughput" : 2.607293560671035,
    "receivedKBytesPerSec" : 143.34439786494852,
    "sentKBytesPerSec" : 1.8469119701955734
  },
  "Send Email-1" : {
    "transaction" : "Send Email-1",
    "sampleCount" : 1000,
    "errorCount" : 12,
    "errorPct" : 1.2,
    "meanResTime" : 42755.223999999966,
    "medianResTime" : 39243.5,
    "minResTime" : 89.0,
    "maxResTime" : 181727.0,
    "pct1ResTime" : 78204.7,
    "pct2ResTime" : 89732.0,
    "pct3ResTime" : 148836.05000000002,
    "throughput" : 2.7698299047455492,
    "receivedKBytesPerSec" : 16.343797909401633,
    "sentKBytesPerSec" : 1.9391649490836016
  },
  "Show Contact Page" : {
    "transaction" : "Show Contact Page",
    "sampleCount" : 1000,
    "errorCount" : 182,
    "errorPct" : 18.2,
    "meanResTime" : 75439.13600000007,
    "medianResTime" : 64138.5,
    "minResTime" : 1589.0,
    "maxResTime" : 219173.0,
    "pct1ResTime" : 148222.3,
    "pct2ResTime" : 168458.14999999997,
    "pct3ResTime" : 190214.79,
    "throughput" : 4.26121231490359,
    "receivedKBytesPerSec" : 1593.7879264541386,
    "sentKBytesPerSec" : 20.623718307233407
  },
  "Send Email-4" : {
    "transaction" : "Send Email-4",
    "sampleCount" : 988,
    "errorCount" : 3,
    "errorPct" : 0.30364373,
    "meanResTime" : 42384.81072874491,
    "medianResTime" : 41767.5,
    "minResTime" : 169.0,
    "maxResTime" : 168902.0,
    "pct1ResTime" : 71167.6,
    "pct2ResTime" : 80277.35,
    "pct3ResTime" : 97936.89000000001,
    "throughput" : 2.6086772844408768,
    "receivedKBytesPerSec" : 56.31164470848427,
    "sentKBytesPerSec" : 1.8743473356110854
  },
  "Send Email-3" : {
    "transaction" : "Send Email-3",
    "sampleCount" : 988,
    "errorCount" : 6,
    "errorPct" : 0.60728747,
    "meanResTime" : 42231.67408906887,
    "medianResTime" : 42132.5,
    "minResTime" : 410.0,
    "maxResTime" : 167149.0,
    "pct1ResTime" : 70824.2,
    "pct2ResTime" : 79102.5,
    "pct3ResTime" : 93049.9,
    "throughput" : 2.6077271071649153,
    "receivedKBytesPerSec" : 393.22576001932697,
    "sentKBytesPerSec" : 1.8563512993435811
  },
  "Send Email-6" : {
    "transaction" : "Send Email-6",
    "sampleCount" : 976,
    "errorCount" : 1,
    "errorPct" : 0.10245901,
    "meanResTime" : 42047.36270491799,
    "medianResTime" : 41781.0,
    "minResTime" : 223.0,
    "maxResTime" : 166099.0,
    "pct1ResTime" : 71112.20000000001,
    "pct2ResTime" : 80610.9,
    "pct3ResTime" : 96652.17,
    "throughput" : 2.5733239118742026,
    "receivedKBytesPerSec" : 18.867101707430734,
    "sentKBytesPerSec" : 1.8352400362796486
  },
  "Send Email-5" : {
    "transaction" : "Send Email-5",
    "sampleCount" : 976,
    "errorCount" : 1,
    "errorPct" : 0.10245901,
    "meanResTime" : 42116.95184426225,
    "medianResTime" : 41707.5,
    "minResTime" : 215.0,
    "maxResTime" : 147868.0,
    "pct1ResTime" : 70907.90000000001,
    "pct2ResTime" : 80120.45,
    "pct3ResTime" : 97968.81,
    "throughput" : 2.5768228513495317,
    "receivedKBytesPerSec" : 218.85249805451193,
    "sentKBytesPerSec" : 1.8250552871731778
  },
  "Total" : {
    "transaction" : "Total",
    "sampleCount" : 17796,
    "errorCount" : 433,
    "errorPct" : 2.433131,
    "meanResTime" : 45368.30568667101,
    "medianResTime" : 37163.5,
    "minResTime" : 73.0,
    "maxResTime" : 261797.0,
    "pct1ResTime" : 87378.40000000002,
    "pct2ResTime" : 120913.09999999974,
    "pct3ResTime" : 195029.79999999993,
    "throughput" : 46.514545597114406,
    "receivedKBytesPerSec" : 3924.0436175965133,
    "sentKBytesPerSec" : 55.42537274726209
  },