{
  "Session Test" : {
    "transaction" : "Session Test",
    "sampleCount" : 50000,
    "errorCount" : 0,
    "errorPct" : 0.0,
    "meanResTime" : 398.28420000000216,
    "medianResTime" : 383.0,
    "minResTime" : 12.0,
    "maxResTime" : 3724.0,
    "pct1ResTime" : 660.0,
    "pct2ResTime" : 748.0,
    "pct3ResTime" : 913.0,
    "throughput" : 223.19635029328,
    "receivedKBytesPerSec" : 85623.68234378069,
    "sentKBytesPerSec" : 1025.7441645314216
  },
  "Login Welcome-1" : {
    "transaction" : "Login Welcome-1",
    "sampleCount" : 100,
    "errorCount" : 0,
    "errorPct" : 0.0,
    "meanResTime" : 35.37,
    "medianResTime" : 26.5,
    "minResTime" : 5.0,
    "maxResTime" : 233.0,
    "pct1ResTime" : 67.80000000000001,
    "pct2ResTime" : 98.84999999999997,
    "pct3ResTime" : 232.95999999999998,
    "throughput" : 3.3800912624640866,
    "receivedKBytesPerSec" : 401.6796148808518,
    "sentKBytesPerSec" : 2.036637020449552
  },
  "Login Welcome-0" : {
    "transaction" : "Login Welcome-0",
    "sampleCount" : 100,
    "errorCount" : 0,
    "errorPct" : 0.0,
    "meanResTime" : 88.98999999999998,
    "medianResTime" : 23.0,
    "minResTime" : 4.0,
    "maxResTime" : 3078.0,
    "pct1ResTime" : 126.2000000000001,
    "pct2ResTime" : 436.3999999999994,
    "pct3ResTime" : 3053.2099999999873,
    "throughput" : 3.316859597333245,
    "receivedKBytesPerSec" : 8.528604804471126,
    "sentKBytesPerSec" : 1.6551906779661016
  },
  "Login-0" : {
    "transaction" : "Login-0",
    "sampleCount" : 100,
    "errorCount" : 0,
    "errorPct" : 0.0,
    "meanResTime" : 764.4000000000003,
    "medianResTime" : 627.0,
    "minResTime" : 190.0,
    "maxResTime" : 2093.0,
    "pct1ResTime" : 1415.1000000000004,
    "pct2ResTime" : 1577.8,
    "pct3ResTime" : 2092.6699999999996,
    "throughput" : 3.283425269240872,
    "receivedKBytesPerSec" : 1.407640325387444,
    "sentKBytesPerSec" : 2.4048524921197796
  },
  "Login-1" : {
    "transaction" : "Login-1",
    "sampleCount" : 100,
    "errorCount" : 0,
    "errorPct" : 0.0,
    "meanResTime" : 32.54,
    "medianResTime" : 25.0,
    "minResTime" : 4.0,
    "maxResTime" : 228.0,
    "pct1ResTime" : 65.60000000000002,
    "pct2ResTime" : 77.84999999999997,
    "pct3ResTime" : 227.15999999999957,
    "throughput" : 3.3472803347280333,
    "receivedKBytesPerSec" : 15.765559623430962,
    "sentKBytesPerSec" : 2.0299424686192467
  },
  "Login-2" : {
    "transaction" : "Login-2",
    "sampleCount" : 100,
    "errorCount" : 0,
    "errorPct" : 0.0,
    "meanResTime" : 752.1100000000002,
    "medianResTime" : 678.0,
    "minResTime" : 124.0,
    "maxResTime" : 2848.0,
    "pct1ResTime" : 1275.2000000000003,
    "pct2ResTime" : 1574.1499999999987,
    "pct3ResTime" : 2839.4199999999955,
    "throughput" : 3.3185106524191945,
    "receivedKBytesPerSec" : 19.813841922745073,
    "sentKBytesPerSec" : 1.9087917717528373
  },
  "Login-3" : {
    "transaction" : "Login-3",
    "sampleCount" : 100,
    "errorCount" : 0,
    "errorPct" : 0.0,
    "meanResTime" : 122.14,
    "medianResTime" : 84.5,
    "minResTime" : 5.0,
    "maxResTime" : 437.0,
    "pct1ResTime" : 302.6,
    "pct2ResTime" : 345.79999999999995,
    "pct3ResTime" : 436.7499999999999,
    "throughput" : 3.329338127580237,
    "receivedKBytesPerSec" : 180.76940483919296,
    "sentKBytesPerSec" : 2.067831102676788
  },
  "Login-4" : {
    "transaction" : "Login-4",
    "sampleCount" : 100,
    "errorCount" : 0,
    "errorPct" : 0.0,
    "meanResTime" : 130.41000000000003,
    "medianResTime" : 62.5,
    "minResTime" : 5.0,
    "maxResTime" : 725.0,
    "pct1ResTime" : 342.80000000000007,
    "pct2ResTime" : 425.8499999999995,
    "pct3ResTime" : 723.4799999999992,
    "throughput" : 3.3304469459801505,
    "receivedKBytesPerSec" : 508.17611715679743,
    "sentKBytesPerSec" : 2.0880341204289614
  },
  "Session Test-5" : {
    "transaction" : "Session Test-5",
    "sampleCount" : 50000,
    "errorCount" : 0,
    "errorPct" : 0.0,
    "meanResTime" : 141.81745999999947,
    "medianResTime" : 56.0,
    "minResTime" : 4.0,
    "maxResTime" : 2894.0,
    "pct1ResTime" : 254.0,
    "pct2ResTime" : 308.0,
    "pct3ResTime" : 461.0,
    "throughput" : 223.2471748070028,
    "receivedKBytesPerSec" : 19002.11701109985,
    "sentKBytesPerSec" : 128.19271365870864
  },
  "Login-5" : {
    "transaction" : "Login-5",
    "sampleCount" : 100,
    "errorCount" : 0,
    "errorPct" : 0.0,
    "meanResTime" : 141.73,
    "medianResTime" : 102.5,
    "minResTime" : 5.0,
    "maxResTime" : 715.0,
    "pct1ResTime" : 378.70000000000016,
    "pct2ResTime" : 420.29999999999984,
    "pct3ResTime" : 713.4699999999992,
    "throughput" : 3.3250207813798838,
    "receivedKBytesPerSec" : 70.93269430590192,
    "sentKBytesPerSec" : 2.0943734413965087
  },
  "Session Test-6" : {
    "transaction" : "Session Test-6",
    "sampleCount" : 50000,
    "errorCount" : 0,
    "errorPct" : 0.0,
    "meanResTime" : 140.4426400000002,
    "medianResTime" : 54.0,
    "minResTime" : 3.0,
    "maxResTime" : 3166.0,
    "pct1ResTime" : 256.0,
    "pct2ResTime" : 313.0,
    "pct3ResTime" : 468.9900000000016,
    "throughput" : 223.24817159747462,
    "receivedKBytesPerSec" : 1606.5031172072433,
    "sentKBytesPerSec" : 128.6293176196387
  },
  "Login-6" : {
    "transaction" : "Login-6",
    "sampleCount" : 100,
    "errorCount" : 0,
    "errorPct" : 0.0,
    "meanResTime" : 129.33,
    "medianResTime" : 94.0,
    "minResTime" : 5.0,
    "maxResTime" : 726.0,
    "pct1ResTime" : 280.40000000000003,
    "pct2ResTime" : 359.39999999999964,
    "pct3ResTime" : 723.0199999999985,
    "throughput" : 3.32944897619444,
    "receivedKBytesPerSec" : 283.3933327784252,
    "sentKBytesPerSec" : 2.0711513650740803
  },
  "Session Test-7" : {
    "transaction" : "Session Test-7",
    "sampleCount" : 50000,
    "errorCount" : 0,
    "errorPct" : 0.0,
    "meanResTime" : 143.6091599999998,
    "medianResTime" : 56.0,
    "minResTime" : 4.0,
    "maxResTime" : 2885.0,
    "pct1ResTime" : 260.0,
    "pct2ResTime" : 311.0,
    "pct3ResTime" : 465.9900000000016,
    "throughput" : 223.25215884837607,
    "receivedKBytesPerSec" : 12770.23136789807,
    "sentKBytesPerSec" : 128.84963464784204
  },
  "Login-7" : {
    "transaction" : "Login-7",
    "sampleCount" : 100,
    "errorCount" : 0,
    "errorPct" : 0.0,
    "meanResTime" : 115.33999999999997,
    "medianResTime" : 91.5,
    "minResTime" : 4.0,
    "maxResTime" : 435.0,
    "pct1ResTime" : 249.40000000000003,
    "pct2ResTime" : 297.84999999999974,
    "pct3ResTime" : 434.3999999999997,
    "throughput" : 3.34817691766833,
    "receivedKBytesPerSec" : 24.094448931931563,
    "sentKBytesPerSec" : 2.0893408695215454
  },
  "Login-8" : {
    "transaction" : "Login-8",
    "sampleCount" : 100,
    "errorCount" : 0,
    "errorPct" : 0.0,
    "meanResTime" : 125.48999999999998,
    "medianResTime" : 83.5,
    "minResTime" : 6.0,
    "maxResTime" : 652.0,
    "pct1ResTime" : 292.8,
    "pct2ResTime" : 343.84999999999997,
    "pct3ResTime" : 650.9499999999995,
    "throughput" : 3.348625389277702,
    "receivedKBytesPerSec" : 191.54529643706258,
    "sentKBytesPerSec" : 2.0928908682985634
  },
  "Session Test-1" : {
    "transaction" : "Session Test-1",
    "sampleCount" : 50000,
    "errorCount" : 0,
    "errorPct" : 0.0,
    "meanResTime" : 41.35847999999991,
    "medianResTime" : 18.0,
    "minResTime" : 3.0,
    "maxResTime" : 639.0,
    "pct1ResTime" : 62.0,
    "pct2ResTime" : 69.0,
    "pct3ResTime" : 80.9900000000016,
    "throughput" : 223.21926828723858,
    "receivedKBytesPerSec" : 1236.585306731177,
    "sentKBytesPerSec" : 125.77882597825844
  },
  "Session Test-2" : {
    "transaction" : "Session Test-2",
    "sampleCount" : 50000,
    "errorCount" : 0,
    "errorPct" : 0.0,
    "meanResTime" : 141.4326600000002,
    "medianResTime" : 55.0,
    "minResTime" : 3.0,
    "maxResTime" : 3157.0,
    "pct1ResTime" : 255.0,
    "pct2ResTime" : 307.0,