{
  "Login Welcome-1" : {
    "transaction" : "Login Welcome-1",
    "sampleCount" : 5099,
    "errorCount" : 601,
    "errorPct" : 11.786625,
    "meanResTime" : 10678.04863698765,
    "medianResTime" : 7451.0,
    "minResTime" : 1.0,
    "maxResTime" : 64423.0,
    "pct1ResTime" : 34258.0,
    "pct2ResTime" : 36955.0,
    "pct3ResTime" : 44165.0,
    "throughput" : 17.097828820521418,
    "receivedKBytesPerSec" : 1797.3504825425432,
    "sentKBytesPerSec" : 9.087838722860257
  },
  "Login Welcome-0" : {
    "transaction" : "Login Welcome-0",
    "sampleCount" : 5099,
    "errorCount" : 0,
    "errorPct" : 0.0,
    "meanResTime" : 15148.668170229448,
    "medianResTime" : 9599.0,
    "minResTime" : 3.0,
    "maxResTime" : 62678.0,
    "pct1ResTime" : 44422.0,
    "pct2ResTime" : 46520.0,
    "pct3ResTime" : 49246.0,
    "throughput" : 18.274413670508633,
    "receivedKBytesPerSec" : 46.98879999457932,
    "sentKBytesPerSec" : 9.11936072815421
  },
  "Login" : {
    "transaction" : "Login",
    "sampleCount" : 7000,
    "errorCount" : 6289,
    "errorPct" : 89.84286,
    "meanResTime" : 41467.34457142858,
    "medianResTime" : 30223.5,
    "minResTime" : 1.0,
    "maxResTime" : 166649.0,
    "pct1ResTime" : 94101.5,
    "pct2ResTime" : 101605.95,
    "pct3ResTime" : 118607.82999999997,
    "throughput" : 22.603394384025215,
    "receivedKBytesPerSec" : 3654.4454084382915,
    "sentKBytesPerSec" : 56.40892759406241
  },
  "Login-0" : {
    "transaction" : "Login-0",
    "sampleCount" : 4671,
    "errorCount" : 0,
    "errorPct" : 0.0,
    "meanResTime" : 25306.701562834533,
    "medianResTime" : 23503.0,
    "minResTime" : 5.0,
    "maxResTime" : 77114.0,
    "pct1ResTime" : 50006.6,
    "pct2ResTime" : 54756.99999999999,
    "pct3ResTime" : 66723.64,
    "throughput" : 15.245574181419395,
    "receivedKBytesPerSec" : 6.539450518997402,
    "sentKBytesPerSec" : 11.107289228957779
  },
  "Logout-2" : {
    "transaction" : "Logout-2",
    "sampleCount" : 3748,
    "errorCount" : 703,
    "errorPct" : 18.75667,
    "meanResTime" : 6171.751867662744,
    "medianResTime" : 2712.5,
    "minResTime" : 1.0,
    "maxResTime" : 56909.0,
    "pct1ResTime" : 15744.399999999998,
    "pct2ResTime" : 24400.499999999985,
    "pct3ResTime" : 42811.67,
    "throughput" : 12.931897069276047,
    "receivedKBytesPerSec" : 1254.9478838704083,
    "sentKBytesPerSec" : 6.330458431308784
  },
  "Login-1" : {
    "transaction" : "Login-1",
    "sampleCount" : 4671,
    "errorCount" : 589,
    "errorPct" : 12.609719,
    "meanResTime" : 13352.310640119891,
    "medianResTime" : 6527.0,
    "minResTime" : 1.0,
    "maxResTime" : 58511.0,
    "pct1ResTime" : 39532.600000000006,
    "pct2ResTime" : 46424.99999999996,
    "pct3ResTime" : 50366.84,
    "throughput" : 15.494284595941167,
    "receivedKBytesPerSec" : 68.0941832733625,
    "sentKBytesPerSec" : 8.215135319986333
  },
  "Logout-1" : {
    "transaction" : "Logout-1",
    "sampleCount" : 4052,
    "errorCount" : 304,
    "errorPct" : 7.502468,
    "meanResTime" : 9730.118213228043,
    "medianResTime" : 3254.0,
    "minResTime" : 2.0,
    "maxResTime" : 62635.0,
    "pct1ResTime" : 33309.4,
    "pct2ResTime" : 36355.35,
    "pct3ResTime" : 46549.359999999986,
    "throughput" : 13.987800373514315,
    "receivedKBytesPerSec" : 37.55410585264481,
    "sentKBytesPerSec" : 6.544995831621681
  },
  "Login-2" : {
    "transaction" : "Login-2",
    "sampleCount" : 4082,
    "errorCount" : 1721,
    "errorPct" : 42.160706,
    "meanResTime" : 14878.198432141156,
    "medianResTime" : 10275.0,
    "minResTime" : 2.0,
    "maxResTime" : 68502.0,
    "pct1ResTime" : 39611.4,
    "pct2ResTime" : 50228.65,
    "pct3ResTime" : 62951.85,
    "throughput" : 13.497070454575514,
    "receivedKBytesPerSec" : 113.71371171814037,
    "sentKBytesPerSec" : 4.524388269336323
  },
  "Logout-0" : {
    "transaction" : "Logout-0",
    "sampleCount" : 4052,
    "errorCount" : 0,
    "errorPct" : 0.0,
    "meanResTime" : 16374.126850937844,
    "medianResTime" : 7629.0,
    "minResTime" : 2.0,
    "maxResTime" : 59676.0,
    "pct1ResTime" : 45950.1,
    "pct2ResTime" : 47988.35,
    "pct3ResTime" : 52064.34,
    "throughput" : 13.98881447213975,
    "receivedKBytesPerSec" : 6.085852810191258,
    "sentKBytesPerSec" : 7.83906670751916
  },
  "Login-3" : {
    "transaction" : "Login-3",
    "sampleCount" : 4082,
    "errorCount" : 779,
    "errorPct" : 19.083782,
    "meanResTime" : 9391.638902498786,
    "medianResTime" : 5228.5,
    "minResTime" : 1.0,
    "maxResTime" : 63917.0,
    "pct1ResTime" : 25468.0,
    "pct2ResTime" : 36761.85,
    "pct3ResTime" : 47946.19,
    "throughput" : 13.454585007465614,
    "receivedKBytesPerSec" : 612.7822806419769,
    "sentKBytesPerSec" : 6.771210150432939
  },
  "Login-4" : {
    "transaction" : "Login-4",
    "sampleCount" : 4082,
    "errorCount" : 1053,
    "errorPct" : 25.796179,
    "meanResTime" : 8706.35570798629,
    "medianResTime" : 4642.0,
    "minResTime" : 1.0,
    "maxResTime" : 68516.0,
    "pct1ResTime" : 25456.4,
    "pct2ResTime" : 36408.299999999996,
    "pct3ResTime" : 47867.3,
    "throughput" : 13.453210380262473,
    "receivedKBytesPerSec" : 1482.2398272095052,
    "sentKBytesPerSec" : 6.267950196014132
  },
  "Login-5" : {
    "transaction" : "Login-5",
    "sampleCount" : 3862,
    "errorCount" : 1120,
    "errorPct" : 29.000519,
    "meanResTime" : 8739.33635422061,
    "medianResTime" : 4546.0,
    "minResTime" : 1.0,
    "maxResTime" : 79821.0,
    "pct1ResTime" : 25476.7,
    "pct2ResTime" : 36711.8,
    "pct3ResTime" : 48637.15999999998,
    "throughput" : 12.809116960305667,
    "receivedKBytesPerSec" : 203.84059542431442,
    "sentKBytesPerSec" : 5.728410475068324
  },
  "Login-6" : {
    "transaction" : "Login-6",
    "sampleCount" : 3862,
    "errorCount" : 1220,
    "errorPct" : 31.58985,
    "meanResTime" : 8645.83505955464,
    "medianResTime" : 4336.5,
    "minResTime" : 0.0,
    "maxResTime" : 65313.0,
    "pct1ResTime" : 25466.100000000002,
    "pct2ResTime" : 36760.25,
    "pct3ResTime" : 48137.11,
    "throughput" : 12.73058108411018,
    "receivedKBytesPerSec" : 751.6393228050708,
    "sentKBytesPerSec" : 5.417616347440699
  },
  "Logout-4" : {
    "transaction" : "Logout-4",
    "sampleCount" : 3748,
    "errorCount" : 1102,
    "errorPct" : 29.402348,
    "meanResTime" : 5395.656883671291,
    "medianResTime" : 2107.0,
    "minResTime" : 1.0,
    "maxResTime" : 62819.0,
    "pct1ResTime" : 15132.099999999997,
    "pct2ResTime" : 22687.049999999785,
    "pct3ResTime" : 42872.61,
    "throughput" : 12.932834147098912,
    "receivedKBytesPerSec" : 344.94446899100257,
    "sentKBytesPerSec" : 5.483516125066855
  },
  "Login-7" : {
    "transaction" : "Login-7",
    "sampleCount" : 3862,
    "errorCount" : 1270,
    "errorPct" : 32.884518,
    "meanResTime" : 8785.090885551544,
    "medianResTime" : 4303.0,
    "minResTime" : 0.0,
    "maxResTime" : 82876.0,
    "pct1ResTime" : 25478.800000000003,
    "pct2ResTime" : 37104.7,
    "pct3ResTime" : 48747.61999999999,
    "throughput" : 12.808904543479631,
    "receivedKBytesPerSec" : 72.99223059054621,
    "sentKBytesPerSec" : 5.364578669293453
  },
  "Logout-3" : {
    "transaction" : "Logout-3",
    "sampleCount" : 3748,
    "errorCount" : 948,
    "errorPct" : 25.29349,
    "meanResTime" : 5648.940234791872,
    "medianResTime" : 2041.5,
    "minResTime" : 1.0,
    "maxResTime" : 78105.0,
    "pct1ResTime" : 15255.1,
    "pct2ResTime" : 24274.549999999996,
    "pct3ResTime" : 43459.81999999998,
    "throughput" : 12.931897069276047,
    "receivedKBytesPerSec" : 831.2347490660344,
    "sentKBytesPerSec" : 5.726765800859826
  },