{
  "Welcome-3" : {
    "transaction" : "Welcome-3",
    "sampleCount" : 4197,
    "errorCount" : 97,
    "errorPct" : 2.3111746,
    "meanResTime" : 5.820347867524421,
    "medianResTime" : 4.0,
    "minResTime" : 2.0,
    "maxResTime" : 518.0,
    "pct1ResTime" : 6.0,
    "pct2ResTime" : 10.0,
    "pct3ResTime" : 40.099999999997635,
    "throughput" : 70.34392598551891,
    "receivedKBytesPerSec" : 2523.884256393093,
    "sentKBytesPerSec" : 41.2711575447506
  },
  "Registration-4" : {
    "transaction" : "Registration-4",
    "sampleCount" : 4351,
    "errorCount" : 152,
    "errorPct" : 3.4934497,
    "meanResTime" : 6.6129625373477685,
    "medianResTime" : 4.0,
    "minResTime" : 2.0,
    "maxResTime" : 543.0,
    "pct1ResTime" : 6.0,
    "pct2ResTime" : 9.0,
    "pct3ResTime" : 95.95999999999913,
    "throughput" : 74.1302347769789,
    "receivedKBytesPerSec" : 2629.8623308760266,
    "sentKBytesPerSec" : 46.38956388216853
  },
  "Registration" : {
    "transaction" : "Registration",
    "sampleCount" : 5000,
    "errorCount" : 942,
    "errorPct" : 18.84,
    "meanResTime" : 22.94120000000007,
    "medianResTime" : 12.0,
    "minResTime" : 1.0,
    "maxResTime" : 1158.0,
    "pct1ResTime" : 16.0,
    "pct2ResTime" : 36.0,
    "pct3ResTime" : 453.97999999999956,
    "throughput" : 85.10058889607517,
    "receivedKBytesPerSec" : 17631.5044108699,
    "sentKBytesPerSec" : 242.10939693999558
  },
  "Total" : {
    "transaction" : "Total",
    "sampleCount" : 48543,
    "errorCount" : 2594,
    "errorPct" : 5.3437157,
    "meanResTime" : 8.704427002863575,
    "medianResTime" : 4.0,
    "minResTime" : 1.0,
    "maxResTime" : 1158.0,
    "pct1ResTime" : 11.0,
    "pct2ResTime" : 13.0,
    "pct3ResTime" : 23.0,
    "throughput" : 811.7965784236667,
    "receivedKBytesPerSec" : 68292.17070489531,
    "sentKBytesPerSec" : 793.4917107568106
  },
  "Welcome" : {
    "transaction" : "Welcome",
    "sampleCount" : 5000,
    "errorCount" : 964,
    "errorPct" : 19.28,
    "meanResTime" : 11.299199999999981,
    "medianResTime" : 7.0,
    "minResTime" : 1.0,
    "maxResTime" : 606.0,
    "pct1ResTime" : 11.0,
    "pct2ResTime" : 21.0,
    "pct3ResTime" : 147.90999999999804,
    "throughput" : 83.64141253617491,
    "receivedKBytesPerSec" : 16857.08033378674,
    "sentKBytesPerSec" : 158.90724846936214
  },
  "Registration-3" : {
    "transaction" : "Registration-3",
    "sampleCount" : 4351,
    "errorCount" : 147,
    "errorPct" : 3.3785336,
    "meanResTime" : 7.245460813606084,
    "medianResTime" : 4.0,
    "minResTime" : 2.0,
    "maxResTime" : 558.0,
    "pct1ResTime" : 6.0,
    "pct2ResTime" : 11.0,
    "pct3ResTime" : 94.43999999999869,
    "throughput" : 74.1125570620699,
    "receivedKBytesPerSec" : 6104.108252788164,
    "sentKBytesPerSec" : 45.87428459494447
  },
  "Welcome-0" : {
    "transaction" : "Welcome-0",
    "sampleCount" : 4197,
    "errorCount" : 0,
    "errorPct" : 0.0,
    "meanResTime" : 4.144388849177989,
    "medianResTime" : 2.0,
    "minResTime" : 1.0,
    "maxResTime" : 511.0,
    "pct1ResTime" : 4.0,
    "pct2ResTime" : 7.0,
    "pct3ResTime" : 35.0,
    "throughput" : 70.22152322312944,
    "receivedKBytesPerSec" : 275.46861209698335,
    "sentKBytesPerSec" : 35.522215849200244
  },
  "Registration-2" : {
    "transaction" : "Registration-2",
    "sampleCount" : 4351,
    "errorCount" : 120,
    "errorPct" : 2.7579868,
    "meanResTime" : 6.5794070328659835,
    "medianResTime" : 4.0,
    "minResTime" : 2.0,
    "maxResTime" : 521.0,
    "pct1ResTime" : 6.0,
    "pct2ResTime" : 10.0,
    "pct3ResTime" : 73.39999999999782,
    "throughput" : 74.12897180339041,
    "receivedKBytesPerSec" : 8571.576965004473,
    "sentKBytesPerSec" : 46.883086027344746
  },
  "Welcome-1" : {
    "transaction" : "Welcome-1",
    "sampleCount" : 4197,
    "errorCount" : 97,
    "errorPct" : 2.3111746,
    "meanResTime" : 6.173218965928021,
    "medianResTime" : 4.0,
    "minResTime" : 2.0,
    "maxResTime" : 350.0,
    "pct1ResTime" : 6.0,
    "pct2ResTime" : 10.0,
    "pct3ResTime" : 45.039999999999054,
    "throughput" : 70.34274700410626,
    "receivedKBytesPerSec" : 8170.312745511397,
    "sentKBytesPerSec" : 41.40467872705941
  },
  "Registration-1" : {
    "transaction" : "Registration-1",
    "sampleCount" : 4351,
    "errorCount" : 0,
    "errorPct" : 0.0,
    "meanResTime" : 7.750172374166846,
    "medianResTime" : 3.0,
    "minResTime" : 2.0,
    "maxResTime" : 779.0,
    "pct1ResTime" : 4.0,
    "pct2ResTime" : 8.0,
    "pct3ResTime" : 165.91999999999825,
    "throughput" : 74.09614958873316,
    "receivedKBytesPerSec" : 287.2113867909266,
    "sentKBytesPerSec" : 46.34403644458541
  },
  "Welcome-2" : {
    "transaction" : "Welcome-2",
    "sampleCount" : 4197,
    "errorCount" : 75,
    "errorPct" : 1.7869908,
    "meanResTime" : 6.29640219204194,
    "medianResTime" : 4.0,
    "minResTime" : 2.0,
    "maxResTime" : 305.0,
    "pct1ResTime" : 6.0,
    "pct2ResTime" : 10.0,
    "pct3ResTime" : 41.0,
    "throughput" : 70.35689738990496,
    "receivedKBytesPerSec" : 5887.240206512037,
    "sentKBytesPerSec" : 40.96042293556066
  },
  "Registration-0" : {
    "transaction" : "Registration-0",
    "sampleCount" : 4351,
    "errorCount" : 0,
    "errorPct" : 0.0,
    "meanResTime" : 7.937025971041155,
    "medianResTime" : 4.0,
    "minResTime" : 2.0,
    "maxResTime" : 581.0,
    "pct1ResTime" : 6.0,
    "pct2ResTime" : 13.0,
    "pct3ResTime" : 128.31999999999607,
    "throughput" : 74.0721824991488,
    "receivedKBytesPerSec" : 27.791133331205312,
    "sentKBytesPerSec" : 56.788356262768126
  }
}