{
  "Login Welcome-1" : {
    "transaction" : "Login Welcome-1",
    "sampleCount" : 3000,
    "errorCount" : 520,
    "errorPct" : 17.333334,
    "meanResTime" : 22101.94800000001,
    "medianResTime" : 24874.0,
    "minResTime" : 0.0,
    "maxResTime" : 50223.0,
    "pct1ResTime" : 41489.0,
    "pct2ResTime" : 42877.6,
    "pct3ResTime" : 46590.279999999984,
    "throughput" : 21.627077100529863,
    "receivedKBytesPerSec" : 2132.7729207592906,
    "sentKBytesPerSec" : 10.772424575568612
  },
  "Login Welcome-0" : {
    "transaction" : "Login Welcome-0",
    "sampleCount" : 3000,
    "errorCount" : 0,
    "errorPct" : 0.0,
    "meanResTime" : 21047.561666666665,
    "medianResTime" : 23269.5,
    "minResTime" : 30.0,
    "maxResTime" : 40090.0,
    "pct1ResTime" : 35381.9,
    "pct2ResTime" : 36891.85,
    "pct3ResTime" : 38392.78,
    "throughput" : 30.06132510321055,
    "receivedKBytesPerSec" : 77.20828615375365,
    "sentKBytesPerSec" : 15.00130578880917
  },
  "Login" : {
    "transaction" : "Login",
    "sampleCount" : 3000,
    "errorCount" : 2434,
    "errorPct" : 81.13333,
    "meanResTime" : 60994.215000000055,
    "medianResTime" : 64943.0,
    "minResTime" : 0.0,
    "maxResTime" : 111943.0,
    "pct1ResTime" : 84481.80000000002,
    "pct2ResTime" : 89138.15,
    "pct3ResTime" : 101328.87,
    "throughput" : 13.953553272340802,
    "receivedKBytesPerSec" : 2810.2521970305675,
    "sentKBytesPerSec" : 44.42373496504635
  },
  "Login-0" : {
    "transaction" : "Login-0",
    "sampleCount" : 2852,
    "errorCount" : 0,
    "errorPct" : 0.0,
    "meanResTime" : 11675.552244039258,
    "medianResTime" : 3614.0,
    "minResTime" : 259.0,
    "maxResTime" : 46875.0,
    "pct1ResTime" : 32798.0,
    "pct2ResTime" : 34311.75,
    "pct3ResTime" : 42641.38999999999,
    "throughput" : 16.56242559394182,
    "receivedKBytesPerSec" : 6.144715427678763,
    "sentKBytesPerSec" : 12.130682808062858
  },
  "Logout-2" : {
    "transaction" : "Logout-2",
    "sampleCount" : 2324,
    "errorCount" : 501,
    "errorPct" : 21.55766,
    "meanResTime" : 15017.619191049893,
    "medianResTime" : 11715.5,
    "minResTime" : 0.0,
    "maxResTime" : 49688.0,
    "pct1ResTime" : 32699.5,
    "pct2ResTime" : 35344.25,
    "pct3ResTime" : 42561.75,
    "throughput" : 10.482161381985476,
    "receivedKBytesPerSec" : 982.8114913273532,
    "sentKBytesPerSec" : 4.9543489736029045
  },
  "Login-1" : {
    "transaction" : "Login-1",
    "sampleCount" : 2852,
    "errorCount" : 9,
    "errorPct" : 0.31556803,
    "meanResTime" : 28308.314165497904,
    "medianResTime" : 30728.0,
    "minResTime" : 0.0,
    "maxResTime" : 46732.0,
    "pct1ResTime" : 40352.3,
    "pct2ResTime" : 42088.299999999996,
    "pct3ResTime" : 43883.20999999999,
    "throughput" : 14.501891551071878,
    "receivedKBytesPerSec" : 48.082290933076216,
    "sentKBytesPerSec" : 8.867519601960705
  },
  "Logout-1" : {
    "transaction" : "Logout-1",
    "sampleCount" : 2351,
    "errorCount" : 27,
    "errorPct" : 1.1484475,
    "meanResTime" : 23469.814121650325,
    "medianResTime" : 25012.0,
    "minResTime" : 0.0,
    "maxResTime" : 44680.0,
    "pct1ResTime" : 35118.8,
    "pct2ResTime" : 38018.20000000001,
    "pct3ResTime" : 42128.84,
    "throughput" : 10.536741901364262,
    "receivedKBytesPerSec" : 27.921645622221277,
    "sentKBytesPerSec" : 5.268896163120059
  },
  "Login-2" : {
    "transaction" : "Login-2",
    "sampleCount" : 2843,
    "errorCount" : 588,
    "errorPct" : 20.682377,
    "meanResTime" : 12961.315863524462,
    "medianResTime" : 119.0,
    "minResTime" : 0.0,
    "maxResTime" : 43854.0,
    "pct1ResTime" : 33614.6,
    "pct2ResTime" : 34752.99999999999,
    "pct3ResTime" : 36277.6,
    "throughput" : 13.42056939468181,
    "receivedKBytesPerSec" : 739.1396185605578,
    "sentKBytesPerSec" : 6.568363459396051
  },
  "Logout-0" : {
    "transaction" : "Logout-0",
    "sampleCount" : 2351,
    "errorCount" : 0,
    "errorPct" : 0.0,
    "meanResTime" : 7428.350489153545,
    "medianResTime" : 1821.0,
    "minResTime" : 23.0,
    "maxResTime" : 47005.0,
    "pct1ResTime" : 29440.000000000007,
    "pct2ResTime" : 35234.2,
    "pct3ResTime" : 42166.16,
    "throughput" : 10.876051868266076,
    "receivedKBytesPerSec" : 4.800757269976823,
    "sentKBytesPerSec" : 6.139021464704875
  },
  "Login-3" : {
    "transaction" : "Login-3",
    "sampleCount" : 2843,
    "errorCount" : 771,
    "errorPct" : 27.11924,
    "meanResTime" : 20766.87864931406,
    "medianResTime" : 25455.0,
    "minResTime" : 0.0,
    "maxResTime" : 50207.0,
    "pct1ResTime" : 36570.799999999996,
    "pct2ResTime" : 39983.8,
    "pct3ResTime" : 43383.12,
    "throughput" : 13.31441309804803,
    "receivedKBytesPerSec" : 719.9678904449885,
    "sentKBytesPerSec" : 6.143588311603162
  },
  "Login-4" : {
    "transaction" : "Login-4",
    "sampleCount" : 2843,
    "errorCount" : 841,
    "errorPct" : 29.581429,
    "meanResTime" : 20101.05592683787,
    "medianResTime" : 25090.0,
    "minResTime" : 0.0,
    "maxResTime" : 50209.0,
    "pct1ResTime" : 35904.399999999994,
    "pct2ResTime" : 39734.2,
    "pct3ResTime" : 43464.68,
    "throughput" : 13.40784757592907,
    "receivedKBytesPerSec" : 777.2210164871605,
    "sentKBytesPerSec" : 6.0441776168411625
  },
  "Login-5" : {
    "transaction" : "Login-5",
    "sampleCount" : 1000,
    "errorCount" : 240,
    "errorPct" : 24.0,
    "meanResTime" : 20699.272999999986,
    "medianResTime" : 22417.5,
    "minResTime" : 0.0,
    "maxResTime" : 50626.0,
    "pct1ResTime" : 40576.9,
    "pct2ResTime" : 42849.049999999996,
    "pct3ResTime" : 45340.9,
    "throughput" : 5.764486153704259,
    "receivedKBytesPerSec" : 96.4796249283042,
    "sentKBytesPerSec" : 2.759522570845535
  },
  "Login-6" : {
    "transaction" : "Login-6",
    "sampleCount" : 1000,
    "errorCount" : 279,
    "errorPct" : 27.9,
    "meanResTime" : 19153.567000000025,
    "medianResTime" : 18440.5,
    "minResTime" : 0.0,
    "maxResTime" : 50150.0,
    "pct1ResTime" : 40060.1,
    "pct2ResTime" : 42361.75,
    "pct3ResTime" : 46345.5,
    "throughput" : 5.762161040876771,
    "receivedKBytesPerSec" : 357.1281398375647,
    "sentKBytesPerSec" : 2.584402379268321
  },
  "Logout-4" : {
    "transaction" : "Logout-4",
    "sampleCount" : 2324,
    "errorCount" : 533,
    "errorPct" : 22.934595,
    "meanResTime" : 14773.233648881262,
    "medianResTime" : 11366.5,
    "minResTime" : 0.0,
    "maxResTime" : 47727.0,
    "pct1ResTime" : 32688.5,
    "pct2ResTime" : 35123.5,
    "pct3ResTime" : 42638.0,
    "throughput" : 10.482208660902353,
    "receivedKBytesPerSec" : 302.2440433603282,
    "sentKBytesPerSec" : 4.851627196291084
  },
  "Login-7" : {
    "transaction" : "Login-7",
    "sampleCount" : 1000,
    "errorCount" : 283,
    "errorPct" : 28.3,
    "meanResTime" : 19079.385999999973,
    "medianResTime" : 18124.0,
    "minResTime" : 0.0,
    "maxResTime" : 70422.0,
    "pct1ResTime" : 40001.7,
    "pct2ResTime" : 42353.5,
    "pct3ResTime" : 45786.880000000005,
    "throughput" : 5.763555883437846,
    "receivedKBytesPerSec" : 33.29636064766518,
    "sentKBytesPerSec" : 2.57875786545267
  },
  "Logout-3" : {
    "transaction" : "Logout-3",
    "sampleCount" : 2324,
    "errorCount" : 510,
    "errorPct" : 21.944923,
    "meanResTime" : 14969.019363166955,
    "medianResTime" : 11681.0,
    "minResTime" : 0.0,
    "maxResTime" : 47963.0,
    "pct1ResTime" : 32730.5,
    "pct2ResTime" : 35310.25,
    "pct3ResTime" : 42345.25,
    "throughput" : 10.48183044150877,
    "receivedKBytesPerSec" : 702.47133909725,
    "sentKBytesPerSec" : 4.849835671712137
  },
  "Login-8" : {
    "transaction" : "Login-8",
    "sampleCount" : 1000,
    "errorCount" : 426,
    "errorPct" : 42.6,
    "meanResTime" : 14840.129,
    "medianResTime" : 11150.0,
    "minResTime" : 0.0,
    "maxResTime" : 72350.0,
    "pct1ResTime" : 38421.2,
    "pct2ResTime" : 40673.049999999996,
    "pct3ResTime" : 52863.38000000001,