{
  "Login Welcome-1" : {
    "transaction" : "Login Welcome-1",
    "sampleCount" : 3976,
    "errorCount" : 368,
    "errorPct" : 9.255533,
    "meanResTime" : 10450.225603621757,
    "medianResTime" : 6366.5,
    "minResTime" : 1.0,
    "maxResTime" : 48311.0,
    "pct1ResTime" : 28409.9,
    "pct2ResTime" : 33419.15,
    "pct3ResTime" : 34272.520000000004,
    "throughput" : 15.343057806591032,
    "receivedKBytesPerSec" : 1657.8011003644267,
    "sentKBytesPerSec" : 8.389136904761905
  },
  "Login Welcome-0" : {
    "transaction" : "Login Welcome-0",
    "sampleCount" : 3976,
    "errorCount" : 0,
    "errorPct" : 0.0,
    "meanResTime" : 12050.752766599604,
    "medianResTime" : 9090.0,
    "minResTime" : 3.0,
    "maxResTime" : 54693.0,
    "pct1ResTime" : 30083.900000000005,
    "pct2ResTime" : 33172.0,
    "pct3ResTime" : 34032.38,
    "throughput" : 17.59245329770006,
    "receivedKBytesPerSec" : 45.23528274691822,
    "sentKBytesPerSec" : 8.779046518676495
  },
  "Login" : {
    "transaction" : "Login",
    "sampleCount" : 5000,
    "errorCount" : 4016,
    "errorPct" : 80.32,
    "meanResTime" : 44453.20059999998,
    "medianResTime" : 52275.0,
    "minResTime" : 1.0,
    "maxResTime" : 115090.0,
    "pct1ResTime" : 75671.90000000001,
    "pct2ResTime" : 86237.75,
    "pct3ResTime" : 96312.33999999998,
    "throughput" : 18.372626256687635,
    "receivedKBytesPerSec" : 3868.8884822350483,
    "sentKBytesPerSec" : 61.21867797356363
  },
  "Login-0" : {
    "transaction" : "Login-0",
    "sampleCount" : 4239,
    "errorCount" : 0,
    "errorPct" : 0.0,
    "meanResTime" : 17286.41825902337,
    "medianResTime" : 16841.0,
    "minResTime" : 305.0,
    "maxResTime" : 49927.0,
    "pct1ResTime" : 35346.0,
    "pct2ResTime" : 43911.0,
    "pct3ResTime" : 49480.6,
    "throughput" : 15.99477783144168,
    "receivedKBytesPerSec" : 6.862958195531348,
    "sentKBytesPerSec" : 11.617115631508845
  },
  "Logout-2" : {
    "transaction" : "Logout-2",
    "sampleCount" : 3836,
    "errorCount" : 948,
    "errorPct" : 24.713243,
    "meanResTime" : 8164.479927007328,
    "medianResTime" : 2477.0,
    "minResTime" : 2.0,
    "maxResTime" : 48762.0,
    "pct1ResTime" : 23967.400000000005,
    "pct2ResTime" : 33827.75,
    "pct3ResTime" : 45457.26000000001,
    "throughput" : 15.52081310286787,
    "receivedKBytesPerSec" : 1398.5238508969178,
    "sentKBytesPerSec" : 7.040739352706027
  },
  "Login-1" : {
    "transaction" : "Login-1",
    "sampleCount" : 4239,
    "errorCount" : 154,
    "errorPct" : 3.6329322,
    "meanResTime" : 15745.085633404096,
    "medianResTime" : 14879.0,
    "minResTime" : 2.0,
    "maxResTime" : 48621.0,
    "pct1ResTime" : 33754.0,
    "pct2ResTime" : 40625.0,
    "pct3ResTime" : 45114.6,
    "throughput" : 15.986212410339183,
    "receivedKBytesPerSec" : 71.60277739345354,
    "sentKBytesPerSec" : 9.348378262343212
  },
  "Logout-1" : {
    "transaction" : "Logout-1",
    "sampleCount" : 3908,
    "errorCount" : 72,
    "errorPct" : 1.8423746,
    "meanResTime" : 13429.300409416548,
    "medianResTime" : 8819.5,
    "minResTime" : 2.0,
    "maxResTime" : 47894.0,
    "pct1ResTime" : 35006.299999999996,
    "pct2ResTime" : 38701.1,
    "pct3ResTime" : 43696.46,
    "throughput" : 15.764421137555464,
    "receivedKBytesPerSec" : 41.92785807029044,
    "sentKBytesPerSec" : 7.827918578559903
  },
  "Login-2" : {
    "transaction" : "Login-2",
    "sampleCount" : 4085,
    "errorCount" : 1364,
    "errorPct" : 33.390453,
    "meanResTime" : 8906.371603427193,
    "medianResTime" : 4326.0,
    "minResTime" : 2.0,
    "maxResTime" : 54425.0,
    "pct1ResTime" : 23759.2,
    "pct2ResTime" : 27389.399999999998,
    "pct3ResTime" : 34064.56,
    "throughput" : 15.32028202820282,
    "receivedKBytesPerSec" : 146.51021010304157,
    "sentKBytesPerSec" : 5.916831917566757
  },
  "Logout-0" : {
    "transaction" : "Logout-0",
    "sampleCount" : 3908,
    "errorCount" : 0,
    "errorPct" : 0.0,
    "meanResTime" : 11665.1003070624,
    "medianResTime" : 6455.0,
    "minResTime" : 51.0,
    "maxResTime" : 48302.0,
    "pct1ResTime" : 26616.1,
    "pct2ResTime" : 33689.7,
    "pct3ResTime" : 42770.11,
    "throughput" : 15.708342544767572,
    "receivedKBytesPerSec" : 6.846025590620416,
    "sentKBytesPerSec" : 8.810663574974376
  },
  "Login-3" : {
    "transaction" : "Login-3",
    "sampleCount" : 4085,
    "errorCount" : 1197,
    "errorPct" : 29.302326,
    "meanResTime" : 8548.430599755196,
    "medianResTime" : 3626.0,
    "minResTime" : 2.0,
    "maxResTime" : 48301.0,
    "pct1ResTime" : 24446.0,
    "pct2ResTime" : 29798.7,
    "pct3ResTime" : 41483.43999999997,
    "throughput" : 15.231284349622294,
    "receivedKBytesPerSec" : 611.717631423426,
    "sentKBytesPerSec" : 6.697870486543525
  },
  "Login-4" : {
    "transaction" : "Login-4",
    "sampleCount" : 4085,
    "errorCount" : 1354,
    "errorPct" : 33.145657,
    "meanResTime" : 8050.461199510388,
    "medianResTime" : 2891.0,
    "minResTime" : 2.0,
    "maxResTime" : 49132.0,
    "pct1ResTime" : 24407.4,
    "pct2ResTime" : 28631.79999999996,
    "pct3ResTime" : 44192.799999999996,
    "throughput" : 15.244755766697391,
    "receivedKBytesPerSec" : 1521.0028924160138,
    "sentKBytesPerSec" : 6.398508668239034
  },
  "Login-5" : {
    "transaction" : "Login-5",
    "sampleCount" : 3769,
    "errorCount" : 1208,
    "errorPct" : 32.05094,
    "meanResTime" : 7819.308835234807,
    "medianResTime" : 2851.0,
    "minResTime" : 2.0,
    "maxResTime" : 48098.0,
    "pct1ResTime" : 24183.0,
    "pct2ResTime" : 27424.0,
    "pct3ResTime" : 40129.90000000016,
    "throughput" : 14.064639875810236,
    "receivedKBytesPerSec" : 215.51053340748462,
    "sentKBytesPerSec" : 6.019657966215385
  },
  "Login-6" : {
    "transaction" : "Login-6",
    "sampleCount" : 3769,
    "errorCount" : 1269,
    "errorPct" : 33.669407,
    "meanResTime" : 7579.565136641036,
    "medianResTime" : 2617.0,
    "minResTime" : 2.0,
    "maxResTime" : 49136.0,
    "pct1ResTime" : 24142.0,
    "pct2ResTime" : 27501.5,
    "pct3ResTime" : 40414.9,
    "throughput" : 14.052212039639988,
    "receivedKBytesPerSec" : 804.9471421083072,
    "sentKBytesPerSec" : 5.798264748484419
  },
  "Logout-4" : {
    "transaction" : "Logout-4",
    "sampleCount" : 3836,
    "errorCount" : 1236,
    "errorPct" : 32.22106,
    "meanResTime" : 7116.2617309697525,
    "medianResTime" : 2144.0,
    "minResTime" : 2.0,
    "maxResTime" : 48338.0,
    "pct1ResTime" : 22084.100000000013,
    "pct2ResTime" : 33419.94999999999,
    "pct3ResTime" : 44704.67,
    "throughput" : 15.520122348409753,
    "receivedKBytesPerSec" : 398.6202693794176,
    "sentKBytesPerSec" : 6.317788008318397
  },
  "Login-7" : {
    "transaction" : "Login-7",
    "sampleCount" : 3769,
    "errorCount" : 1320,
    "errorPct" : 35.022552,
    "meanResTime" : 7451.038737065519,
    "medianResTime" : 2375.0,
    "minResTime" : 1.0,
    "maxResTime" : 49756.0,
    "pct1ResTime" : 24222.0,
    "pct2ResTime" : 27599.5,
    "pct3ResTime" : 40322.5,
    "throughput" : 14.055985261540528,
    "receivedKBytesPerSec" : 78.40571501061005,
    "sentKBytesPerSec" : 5.699343625532367
  },
  "Logout-3" : {
    "transaction" : "Logout-3",
    "sampleCount" : 3836,
    "errorCount" : 1135,
    "errorPct" : 29.588112,
    "meanResTime" : 7489.240354535955,
    "medianResTime" : 2162.0,
    "minResTime" : 2.0,
    "maxResTime" : 48084.0,
    "pct1ResTime" : 22517.500000000004,
    "pct2ResTime" : 33636.34999999999,
    "pct3ResTime" : 45177.44000000002,
    "throughput" : 15.520436320086745,
    "receivedKBytesPerSec" : 942.4173101378976,
    "sentKBytesPerSec" : 6.4779657332050755
  },