{
  "Show Contact Page-6" : {
    "transaction" : "Show Contact Page-6",
    "sampleCount" : 2948,
    "errorCount" : 487,
    "errorPct" : 16.519674,
    "meanResTime" : 61.111261872455906,
    "medianResTime" : 10.0,
    "minResTime" : 1.0,
    "maxResTime" : 2010.0,
    "pct1ResTime" : 99.0,
    "pct2ResTime" : 213.0,
    "pct3ResTime" : 1381.8899999999908,
    "throughput" : 49.198931909212284,
    "receivedKBytesPerSec" : 306.0620540929573,
    "sentKBytesPerSec" : 21.017020089285715
  },
  "Show Contact Page-5" : {
    "transaction" : "Show Contact Page-5",
    "sampleCount" : 2948,
    "errorCount" : 482,
    "errorPct" : 16.350067,
    "meanResTime" : 60.15400271370421,
    "medianResTime" : 10.0,
    "minResTime" : 1.0,
    "maxResTime" : 2657.0,
    "pct1ResTime" : 106.09999999999991,
    "pct2ResTime" : 214.54999999999973,
    "pct3ResTime" : 1336.8099999999927,
    "throughput" : 49.189901720311695,
    "receivedKBytesPerSec" : 3512.6166901832944,
    "sentKBytesPerSec" : 20.97548899984983
  },
  "Show Contact Page-4" : {
    "transaction" : "Show Contact Page-4",
    "sampleCount" : 2948,
    "errorCount" : 489,
    "errorPct" : 16.587517,
    "meanResTime" : 65.12042062415185,
    "medianResTime" : 10.0,
    "minResTime" : 1.0,
    "maxResTime" : 2921.0,
    "pct1ResTime" : 107.0,
    "pct2ResTime" : 212.54999999999973,
    "pct3ResTime" : 1508.5099999999998,
    "throughput" : 49.18579818473038,
    "receivedKBytesPerSec" : 886.1147528718133,
    "sentKBytesPerSec" : 21.234727198595166
  },
  "Show Contact Page-3" : {
    "transaction" : "Show Contact Page-3",
    "sampleCount" : 2948,
    "errorCount" : 438,
    "errorPct" : 14.857531,
    "meanResTime" : 65.16994572591577,
    "medianResTime" : 10.0,
    "minResTime" : 0.0,
    "maxResTime" : 2955.0,
    "pct1ResTime" : 104.09999999999991,
    "pct2ResTime" : 218.09999999999945,
    "pct3ResTime" : 1480.2599999999939,
    "throughput" : 49.184156962194265,
    "receivedKBytesPerSec" : 6395.657201895083,
    "sentKBytesPerSec" : 21.551729756164704
  },
  "Show Contact Page-7" : {
    "transaction" : "Show Contact Page-7",
    "sampleCount" : 2948,
    "errorCount" : 597,
    "errorPct" : 20.251019,
    "meanResTime" : 50.56953867028493,
    "medianResTime" : 8.0,
    "minResTime" : 0.0,
    "maxResTime" : 2520.0,
    "pct1ResTime" : 88.0,
    "pct2ResTime" : 172.0,
    "pct3ResTime" : 1035.0199999999995,
    "throughput" : 49.198931909212284,
    "receivedKBytesPerSec" : 2259.7064314919894,
    "sentKBytesPerSec" : 20.11593257155374
  },
  "Show Contact Page-2" : {
    "transaction" : "Show Contact Page-2",
    "sampleCount" : 2948,
    "errorCount" : 400,
    "errorPct" : 13.5685215,
    "meanResTime" : 56.472184531886185,
    "medianResTime" : 9.0,
    "minResTime" : 1.0,
    "maxResTime" : 2562.0,
    "pct1ResTime" : 104.09999999999991,
    "pct2ResTime" : 206.1999999999989,
    "pct3ResTime" : 1246.3199999999924,
    "throughput" : 49.18743951680182,
    "receivedKBytesPerSec" : 2314.9750695817484,
    "sentKBytesPerSec" : 21.63036892665265
  },
  "Show Contact Page-1" : {
    "transaction" : "Show Contact Page-1",
    "sampleCount" : 2948,
    "errorCount" : 82,
    "errorPct" : 2.7815468,
    "meanResTime" : 402.58344640434115,
    "medianResTime" : 106.0,
    "minResTime" : 3.0,
    "maxResTime" : 5159.0,
    "pct1ResTime" : 595.8999999999983,
    "pct2ResTime" : 3145.7499999999986,
    "pct3ResTime" : 4571.589999999998,
    "throughput" : 49.198931909212284,
    "receivedKBytesPerSec" : 289.2939283628171,
    "sentKBytesPerSec" : 25.22308390353805
  },
  "Show Contact Page-0" : {
    "transaction" : "Show Contact Page-0",
    "sampleCount" : 2948,
    "errorCount" : 0,
    "errorPct" : 0.0,
    "meanResTime" : 32.7795115332428,
    "medianResTime" : 3.0,
    "minResTime" : 1.0,
    "maxResTime" : 2699.0,
    "pct1ResTime" : 28.0,
    "pct2ResTime" : 104.0,
    "pct3ResTime" : 765.6299999999969,
    "throughput" : 49.094058086863846,
    "receivedKBytesPerSec" : 288.0919873476219,
    "sentKBytesPerSec" : 24.594972459532375
  },
  "Send Email-2" : {
    "transaction" : "Send Email-2",
    "sampleCount" : 1299,
    "errorCount" : 623,
    "errorPct" : 47.95997,
    "meanResTime" : 10.64280215550424,
    "medianResTime" : 7.0,
    "minResTime" : 1.0,
    "maxResTime" : 354.0,
    "pct1ResTime" : 22.0,
    "pct2ResTime" : 29.0,
    "pct3ResTime" : 48.0,
    "throughput" : 24.487718438365977,
    "receivedKBytesPerSec" : 847.6530835862537,
    "sentKBytesPerSec" : 6.524966215101703
  },
  "Send Email-1" : {
    "transaction" : "Send Email-1",
    "sampleCount" : 1342,
    "errorCount" : 290,
    "errorPct" : 21.609537,
    "meanResTime" : 48.74441132637855,
    "medianResTime" : 19.0,
    "minResTime" : 1.0,
    "maxResTime" : 506.0,
    "pct1ResTime" : 102.0,
    "pct2ResTime" : 108.0,
    "pct3ResTime" : 129.56999999999994,
    "throughput" : 25.124499194967612,
    "receivedKBytesPerSec" : 774.0767431057401,
    "sentKBytesPerSec" : 10.254198776303966
  },
  "Show Contact Page" : {
    "transaction" : "Show Contact Page",
    "sampleCount" : 7000,
    "errorCount" : 4791,
    "errorPct" : 68.442856,
    "meanResTime" : 224.11657142857058,
    "medianResTime" : 32.0,
    "minResTime" : 2.0,
    "maxResTime" : 5311.0,
    "pct1ResTime" : 232.90000000000055,
    "pct2ResTime" : 1501.0499999999747,
    "pct3ResTime" : 4020.99,
    "throughput" : 116.53459412665646,
    "receivedKBytesPerSec" : 16382.496256846409,
    "sentKBytesPerSec" : 175.98224291115903
  },
  "Send Email-4" : {
    "transaction" : "Send Email-4",
    "sampleCount" : 1164,
    "errorCount" : 767,
    "errorPct" : 65.89347,
    "meanResTime" : 13.079896907216487,
    "medianResTime" : 10.0,
    "minResTime" : 1.0,
    "maxResTime" : 313.0,
    "pct1ResTime" : 26.0,
    "pct2ResTime" : 34.0,
    "pct3ResTime" : 51.34999999999991,
    "throughput" : 21.94446015496861,
    "receivedKBytesPerSec" : 280.19822950247914,
    "sentKBytesPerSec" : 3.851533190053353
  },
  "Send Email-3" : {
    "transaction" : "Send Email-3",
    "sampleCount" : 1276,
    "errorCount" : 736,
    "errorPct" : 57.680252,
    "meanResTime" : 12.446708463949843,
    "medianResTime" : 9.0,
    "minResTime" : 1.0,
    "maxResTime" : 354.0,
    "pct1ResTime" : 25.0,
    "pct2ResTime" : 33.0,
    "pct3ResTime" : 50.23000000000002,
    "throughput" : 24.054140667709767,
    "receivedKBytesPerSec" : 953.7181134771995,
    "sentKBytesPerSec" : 5.2232756152562825
  },
  "Send Email-6" : {
    "transaction" : "Send Email-6",
    "sampleCount" : 648,
    "errorCount" : 448,
    "errorPct" : 69.1358,
    "meanResTime" : 14.816358024691368,
    "medianResTime" : 12.0,
    "minResTime" : 1.0,
    "maxResTime" : 194.0,
    "pct1ResTime" : 29.0,
    "pct2ResTime" : 37.0,
    "pct3ResTime" : 56.52999999999997,
    "throughput" : 19.531014527699078,
    "receivedKBytesPerSec" : 90.25974125361687,
    "sentKBytesPerSec" : 3.0849520484206403
  },
  "Send Email-5" : {
    "transaction" : "Send Email-5",
    "sampleCount" : 864,
    "errorCount" : 595,
    "errorPct" : 68.86574,
    "meanResTime" : 15.035879629629633,
    "medianResTime" : 11.0,
    "minResTime" : 1.0,
    "maxResTime" : 587.0,
    "pct1ResTime" : 28.0,
    "pct2ResTime" : 35.0,
    "pct3ResTime" : 57.700000000000045,
    "throughput" : 16.287136178555272,
    "receivedKBytesPerSec" : 411.23765195554023,
    "sentKBytesPerSec" : 2.588476032319786
  },
  "Total" : {
    "transaction" : "Total",
    "sampleCount" : 48331,
    "errorCount" : 16341,
    "errorPct" : 33.810596,
    "meanResTime" : 102.77207175518767,
    "medianResTime" : 11.0,
    "minResTime" : 0.0,
    "maxResTime" : 5311.0,
    "pct1ResTime" : 93.0,
    "pct2ResTime" : 110.0,
    "pct3ResTime" : 274.0,
    "throughput" : 803.4010439176834,
    "receivedKBytesPerSec" : 39546.34282392304,
    "sentKBytesPerSec" : 485.4737992037634
  },
  "Send Email-7" : {
    "transaction" : "Send Email-7",
    "sampleCount" : 603,