{
  "Login Welcome-1" : {
    "transaction" : "Login Welcome-1",
    "sampleCount" : 3251,
    "errorCount" : 153,
    "errorPct" : 4.7062445,
    "meanResTime" : 12175.171947093204,
    "medianResTime" : 7323.0,
    "minResTime" : 5.0,
    "maxResTime" : 65788.0,
    "pct1ResTime" : 31655.2,
    "pct2ResTime" : 33405.79999999999,
    "pct3ResTime" : 49236.36,
    "throughput" : 16.335944605520353,
    "receivedKBytesPerSec" : 1851.5657387040285,
    "sentKBytesPerSec" : 9.379807021918607
  },
  "Login Welcome-0" : {
    "transaction" : "Login Welcome-0",
    "sampleCount" : 3251,
    "errorCount" : 0,
    "errorPct" : 0.0,
    "meanResTime" : 13261.267609966146,
    "medianResTime" : 10560.0,
    "minResTime" : 3.0,
    "maxResTime" : 52700.0,
    "pct1ResTime" : 32749.0,
    "pct2ResTime" : 33305.6,
    "pct3ResTime" : 44876.96,
    "throughput" : 18.003400211544104,
    "receivedKBytesPerSec" : 46.29194605175355,
    "sentKBytesPerSec" : 8.984118660252967
  },
  "Login" : {
    "transaction" : "Login",
    "sampleCount" : 5000,
    "errorCount" : 3718,
    "errorPct" : 74.36,
    "meanResTime" : 34747.83159999996,
    "medianResTime" : 20745.0,
    "minResTime" : 1236.0,
    "maxResTime" : 117377.0,
    "pct1ResTime" : 80422.90000000001,
    "pct2ResTime" : 84885.3,
    "pct3ResTime" : 95978.41999999997,
    "throughput" : 23.43984398439844,
    "receivedKBytesPerSec" : 4217.058261307087,
    "sentKBytesPerSec" : 64.64829832592633
  },
  "Login-0" : {
    "transaction" : "Login-0",
    "sampleCount" : 3324,
    "errorCount" : 0,
    "errorPct" : 0.0,
    "meanResTime" : 20723.10198555954,
    "medianResTime" : 20824.0,
    "minResTime" : 407.0,
    "maxResTime" : 58839.0,
    "pct1ResTime" : 41791.0,
    "pct2ResTime" : 46341.75,
    "pct3ResTime" : 49437.0,
    "throughput" : 15.894951774792824,
    "receivedKBytesPerSec" : 6.818705939506893,
    "sentKBytesPerSec" : 11.568457169943049
  },
  "Logout-2" : {
    "transaction" : "Logout-2",
    "sampleCount" : 3077,
    "errorCount" : 561,
    "errorPct" : 18.232044,
    "meanResTime" : 4784.701982450419,
    "medianResTime" : 2586.0,
    "minResTime" : 1.0,
    "maxResTime" : 49446.0,
    "pct1ResTime" : 12728.2,
    "pct2ResTime" : 15835.299999999997,
    "pct3ResTime" : 31085.719999999954,
    "throughput" : 15.903205966415653,
    "receivedKBytesPerSec" : 1552.893894222942,
    "sentKBytesPerSec" : 7.835253129473907
  },
  "Login-1" : {
    "transaction" : "Login-1",
    "sampleCount" : 3324,
    "errorCount" : 307,
    "errorPct" : 9.235861,
    "meanResTime" : 12721.964500601698,
    "medianResTime" : 8416.0,
    "minResTime" : 2.0,
    "maxResTime" : 50742.0,
    "pct1ResTime" : 32656.5,
    "pct2ResTime" : 38310.0,
    "pct3ResTime" : 41985.0,
    "throughput" : 15.826310527067562,
    "receivedKBytesPerSec" : 70.40302836201971,
    "sentKBytesPerSec" : 8.715700584440318
  },
  "Logout-1" : {
    "transaction" : "Logout-1",
    "sampleCount" : 3148,
    "errorCount" : 71,
    "errorPct" : 2.2554002,
    "meanResTime" : 8090.906607369723,
    "medianResTime" : 5040.0,
    "minResTime" : 2.0,
    "maxResTime" : 43206.0,
    "pct1ResTime" : 18740.5,
    "pct2ResTime" : 25466.949999999997,
    "pct3ResTime" : 39390.96999999994,
    "throughput" : 16.29079166623542,
    "receivedKBytesPerSec" : 43.44774259106646,
    "sentKBytesPerSec" : 8.054985545674246
  },
  "Login-2" : {
    "transaction" : "Login-2",
    "sampleCount" : 3017,
    "errorCount" : 689,
    "errorPct" : 22.837255,
    "meanResTime" : 5825.871395425905,
    "medianResTime" : 1528.0,
    "minResTime" : 3.0,
    "maxResTime" : 28058.0,
    "pct1ResTime" : 17728.800000000003,
    "pct2ResTime" : 22894.3,
    "pct3ResTime" : 26783.920000000002,
    "throughput" : 14.25049123337364,
    "receivedKBytesPerSec" : 142.50416046474692,
    "sentKBytesPerSec" : 6.370350700479897
  },
  "Logout-0" : {
    "transaction" : "Logout-0",
    "sampleCount" : 3148,
    "errorCount" : 0,
    "errorPct" : 0.0,
    "meanResTime" : 11785.79447268105,
    "medianResTime" : 7169.5,
    "minResTime" : 3.0,
    "maxResTime" : 54037.0,
    "pct1ResTime" : 37063.0,
    "pct2ResTime" : 39055.2,
    "pct3ResTime" : 41591.02,
    "throughput" : 16.299986019707035,
    "receivedKBytesPerSec" : 7.094396952619752,
    "sentKBytesPerSec" : 9.136167972572737
  },
  "Login-3" : {
    "transaction" : "Login-3",
    "sampleCount" : 3017,
    "errorCount" : 560,
    "errorPct" : 18.561485,
    "meanResTime" : 10341.8011269473,
    "medianResTime" : 5855.0,
    "minResTime" : 2.0,
    "maxResTime" : 57114.0,
    "pct1ResTime" : 25287.4,
    "pct2ResTime" : 36995.299999999974,
    "pct3ResTime" : 43545.58,
    "throughput" : 14.19931756677256,
    "receivedKBytesPerSec" : 646.0270739572303,
    "sentKBytesPerSec" : 7.18913622190846
  },
  "Login-4" : {
    "transaction" : "Login-4",
    "sampleCount" : 3017,
    "errorCount" : 662,
    "errorPct" : 21.942327,
    "meanResTime" : 10047.686443486898,
    "medianResTime" : 5554.0,
    "minResTime" : 2.0,
    "maxResTime" : 59655.0,
    "pct1ResTime" : 25151.400000000012,
    "pct2ResTime" : 35734.599999999955,
    "pct3ResTime" : 47642.16000000018,
    "throughput" : 14.200854781315309,
    "receivedKBytesPerSec" : 1671.4158291858278,
    "sentKBytesPerSec" : 6.954944160916348
  },
  "Login-5" : {
    "transaction" : "Login-5",
    "sampleCount" : 2830,
    "errorCount" : 623,
    "errorPct" : 22.014133,
    "meanResTime" : 10076.71837455828,
    "medianResTime" : 5630.0,
    "minResTime" : 1.0,
    "maxResTime" : 62807.0,
    "pct1ResTime" : 23539.3,
    "pct2ResTime" : 34767.799999999996,
    "pct3ResTime" : 47908.16000000002,
    "throughput" : 13.321157575643463,
    "receivedKBytesPerSec" : 229.59225063428482,
    "sentKBytesPerSec" : 6.543613221307734
  },
  "Login-6" : {
    "transaction" : "Login-6",
    "sampleCount" : 2830,
    "errorCount" : 660,
    "errorPct" : 23.321554,
    "meanResTime" : 9768.714487632506,
    "medianResTime" : 5607.0,
    "minResTime" : 1.0,
    "maxResTime" : 62746.0,
    "pct1ResTime" : 23439.2,
    "pct2ResTime" : 32607.45,
    "pct3ResTime" : 46111.080000000075,
    "throughput" : 13.321533812218155,
    "receivedKBytesPerSec" : 877.921661261168,
    "sentKBytesPerSec" : 6.354289619206545
  },
  "Logout-4" : {
    "transaction" : "Logout-4",
    "sampleCount" : 3077,
    "errorCount" : 880,
    "errorPct" : 28.599285,
    "meanResTime" : 4145.460188495277,
    "medianResTime" : 2160.0,
    "minResTime" : 1.0,
    "maxResTime" : 46355.0,
    "pct1ResTime" : 12629.400000000003,
    "pct2ResTime" : 15587.699999999999,
    "pct3ResTime" : 25993.179999999997,
    "throughput" : 15.903616948697008,
    "receivedKBytesPerSec" : 428.21358100953336,
    "sentKBytesPerSec" : 6.819831219505576
  },
  "Login-7" : {
    "transaction" : "Login-7",
    "sampleCount" : 2830,
    "errorCount" : 671,
    "errorPct" : 23.710247,
    "meanResTime" : 9838.606360424019,
    "medianResTime" : 5621.5,
    "minResTime" : 2.0,
    "maxResTime" : 62835.0,
    "pct1ResTime" : 23457.0,
    "pct2ResTime" : 32957.89999999999,
    "pct3ResTime" : 50036.40000000004,
    "throughput" : 13.32002899342,
    "receivedKBytesPerSec" : 81.72742728699721,
    "sentKBytesPerSec" : 6.341212082925417
  },
  "Logout-3" : {
    "transaction" : "Logout-3",
    "sampleCount" : 3077,
    "errorCount" : 728,
    "errorPct" : 23.659409,
    "meanResTime" : 4207.733831654193,
    "medianResTime" : 1863.0,
    "minResTime" : 1.0,
    "maxResTime" : 53722.0,
    "pct1ResTime" : 12878.0,
    "pct2ResTime" : 15699.299999999997,
    "pct3ResTime" : 30564.23999999988,
    "throughput" : 15.915133082994547,
    "receivedKBytesPerSec" : 1044.3823002009435,