{
  "Login Welcome-1" : {
    "transaction" : "Login Welcome-1",
    "sampleCount" : 1000,
    "errorCount" : 0,
    "errorPct" : 0.0,
    "meanResTime" : 2.3990000000000076,
    "medianResTime" : 2.0,
    "minResTime" : 1.0,
    "maxResTime" : 15.0,
    "pct1ResTime" : 3.0,
    "pct2ResTime" : 3.0,
    "pct3ResTime" : 6.0,
    "throughput" : 16.743967985533214,
    "receivedKBytesPerSec" : 1985.64819562815,
    "sentKBytesPerSec" : 9.009693710965625
  },
  "Login Welcome-0" : {
    "transaction" : "Login Welcome-0",
    "sampleCount" : 1000,
    "errorCount" : 0,
    "errorPct" : 0.0,
    "meanResTime" : 1.3840000000000012,
    "medianResTime" : 1.0,
    "minResTime" : 1.0,
    "maxResTime" : 38.0,
    "pct1ResTime" : 2.0,
    "pct2ResTime" : 2.0,
    "pct3ResTime" : 3.0,
    "throughput" : 16.719612104999165,
    "receivedKBytesPerSec" : 33.97803983447584,
    "sentKBytesPerSec" : 8.343478306303293
  },
  "Login" : {
    "transaction" : "Login",
    "sampleCount" : 1000,
    "errorCount" : 0,
    "errorPct" : 0.0,
    "meanResTime" : 106.81299999999983,
    "medianResTime" : 85.0,
    "minResTime" : 71.0,
    "maxResTime" : 1187.0,
    "pct1ResTime" : 97.0,
    "pct2ResTime" : 103.0,
    "pct3ResTime" : 1137.3100000000006,
    "throughput" : 16.83133320990356,
    "receivedKBytesPerSec" : 6516.958340740874,
    "sentKBytesPerSec" : 97.9964927709424
  },
  "Login-0" : {
    "transaction" : "Login-0",
    "sampleCount" : 1000,
    "errorCount" : 0,
    "errorPct" : 0.0,
    "meanResTime" : 1.2510000000000014,
    "medianResTime" : 1.0,
    "minResTime" : 0.0,
    "maxResTime" : 18.0,
    "pct1ResTime" : 2.0,
    "pct2ResTime" : 2.0,
    "pct3ResTime" : 5.980000000000018,
    "throughput" : 16.856584181781404,
    "receivedKBytesPerSec" : 3.3416861219742433,
    "sentKBytesPerSec" : 10.74936471748365
  },
  "Login-1" : {
    "transaction" : "Login-1",
    "sampleCount" : 1000,
    "errorCount" : 0,
    "errorPct" : 0.0,
    "meanResTime" : 1.5250000000000004,
    "medianResTime" : 1.0,
    "minResTime" : 1.0,
    "maxResTime" : 45.0,
    "pct1ResTime" : 2.0,
    "pct2ResTime" : 2.0,
    "pct3ResTime" : 4.0,
    "throughput" : 16.859141869678833,
    "receivedKBytesPerSec" : 81.89196451150637,
    "sentKBytesPerSec" : 11.047347846244627
  },
  "Login-2" : {
    "transaction" : "Login-2",
    "sampleCount" : 1000,
    "errorCount" : 0,
    "errorPct" : 0.0,
    "meanResTime" : 103.04600000000005,
    "medianResTime" : 82.0,
    "minResTime" : 69.0,
    "maxResTime" : 1157.0,
    "pct1ResTime" : 94.0,
    "pct2ResTime" : 99.0,
    "pct3ResTime" : 1081.4900000000005,
    "throughput" : 16.837567981680728,
    "receivedKBytesPerSec" : 100.53211976562106,
    "sentKBytesPerSec" : 9.68489017696284
  },
  "Logout-0" : {
    "transaction" : "Logout-0",
    "sampleCount" : 1000,
    "errorCount" : 0,
    "errorPct" : 0.0,
    "meanResTime" : 1.6529999999999998,
    "medianResTime" : 2.0,
    "minResTime" : 1.0,
    "maxResTime" : 10.0,
    "pct1ResTime" : 2.0,
    "pct2ResTime" : 2.0,
    "pct3ResTime" : 4.0,
    "throughput" : 17.167087260304545,
    "receivedKBytesPerSec" : 34.88741073114625,
    "sentKBytesPerSec" : 10.276781729069029
  },
  "Login-3" : {
    "transaction" : "Login-3",
    "sampleCount" : 1000,
    "errorCount" : 0,
    "errorPct" : 0.0,
    "meanResTime" : 4.115,
    "medianResTime" : 4.0,
    "minResTime" : 2.0,
    "maxResTime" : 73.0,
    "pct1ResTime" : 5.0,
    "pct2ResTime" : 5.0,
    "pct3ResTime" : 10.0,
    "throughput" : 16.86056314280897,
    "receivedKBytesPerSec" : 910.365936788695,
    "sentKBytesPerSec" : 11.048279168774236
  },
  "Login-4" : {
    "transaction" : "Login-4",
    "sampleCount" : 1000,
    "errorCount" : 0,
    "errorPct" : 0.0,
    "meanResTime" : 4.220000000000004,
    "medianResTime" : 4.0,
    "minResTime" : 2.0,
    "maxResTime" : 23.0,
    "pct1ResTime" : 5.0,
    "pct2ResTime" : 5.0,
    "pct3ResTime" : 11.990000000000009,
    "throughput" : 16.86056314280897,
    "receivedKBytesPerSec" : 2568.4861585314447,
    "sentKBytesPerSec" : 11.147071530939133
  },
  "Login-5" : {
    "transaction" : "Login-5",
    "sampleCount" : 1000,
    "errorCount" : 0,
    "errorPct" : 0.0,
    "meanResTime" : 4.028000000000003,
    "medianResTime" : 4.0,
    "minResTime" : 2.0,
    "maxResTime" : 83.0,
    "pct1ResTime" : 5.0,
    "pct2ResTime" : 5.0,
    "pct3ResTime" : 13.0,
    "throughput" : 16.86226898691488,
    "receivedKBytesPerSec" : 355.5402829067179,
    "sentKBytesPerSec" : 11.197600499123162
  },
  "Login-6" : {
    "transaction" : "Login-6",
    "sampleCount" : 1000,
    "errorCount" : 0,
    "errorPct" : 0.0,
    "meanResTime" : 4.115,
    "medianResTime" : 4.0,
    "minResTime" : 2.0,
    "maxResTime" : 67.0,
    "pct1ResTime" : 5.0,
    "pct2ResTime" : 5.0,
    "pct3ResTime" : 11.990000000000009,
    "throughput" : 16.86113171916099,
    "receivedKBytesPerSec" : 1430.8744973275107,
    "sentKBytesPerSec" : 11.0651176906994
  },
  "Login-7" : {
    "transaction" : "Login-7",
    "sampleCount" : 1000,
    "errorCount" : 0,
    "errorPct" : 0.0,
    "meanResTime" : 4.095999999999998,
    "medianResTime" : 4.0,
    "minResTime" : 2.0,
    "maxResTime" : 67.0,
    "pct1ResTime" : 5.0,
    "pct2ResTime" : 5.0,
    "pct3ResTime" : 13.990000000000009,
    "throughput" : 16.861416021717503,
    "receivedKBytesPerSec" : 117.04193855700001,
    "sentKBytesPerSec" : 11.098236717419528
  },
  "Login-8" : {
    "transaction" : "Login-8",
    "sampleCount" : 1000,
    "errorCount" : 0,
    "errorPct" : 0.0,
    "meanResTime" : 3.5410000000000035,
    "medianResTime" : 3.0,
    "minResTime" : 2.0,
    "maxResTime" : 17.0,
    "pct1ResTime" : 4.0,
    "pct2ResTime" : 4.0,
    "pct3ResTime" : 8.0,
    "throughput" : 16.86283767832451,
    "receivedKBytesPerSec" : 960.2760288438839,
    "sentKBytesPerSec" : 11.115640071161176
  },
  "Total" : {
    "transaction" : "Total",
    "sampleCount" : 16000,
    "errorCount" : 0,
    "errorPct" : 0.0,
    "meanResTime" : 15.6644375000001,
    "medianResTime" : 3.0,
    "minResTime" : 0.0,
    "maxResTime" : 1187.0,
    "pct1ResTime" : 80.0,
    "pct2ResTime" : 86.0,
    "pct3ResTime" : 97.0,
    "throughput" : 267.0895584675736,
    "receivedKBytesPerSec" : 18237.45849548243,
    "sentKBytesPerSec" : 266.89393623236793
  },
  "Logout" : {
    "transaction" : "Logout",
    "sampleCount" : 1000,
    "errorCount" : 0,
    "errorPct" : 0.0,
    "meanResTime" : 1.6529999999999998,
    "medianResTime" : 2.0,
    "minResTime" : 1.0,
    "maxResTime" : 10.0,
    "pct1ResTime" : 2.0,
    "pct2ResTime" : 2.0,
    "pct3ResTime" : 4.0,
    "throughput" : 17.167087260304545,
    "receivedKBytesPerSec" : 34.88741073114625,
    "sentKBytesPerSec" : 10.276781729069029
  },
  "Login Welcome-2" : {
    "transaction" : "Login Welcome-2",
    "sampleCount" : 1000,
    "errorCount" : 0,
    "errorPct" : 0.0,
    "meanResTime" : 2.35,
    "medianResTime" : 2.0,
    "minResTime" : 1.0,
    "maxResTime" : 16.0,
    "pct1ResTime" : 3.0,
    "pct2ResTime" : 3.0,
    "pct3ResTime" : 7.0,
    "throughput" : 16.743967985533214,
    "receivedKBytesPerSec" : 609.6831936607338,
    "sentKBytesPerSec" : 8.97699064849388
  },
  "Login Welcome" : {
    "transaction" : "Login Welcome",
    "sampleCount" : 1000,
    "errorCount" : 0,
    "errorPct" : 0.0,
    "meanResTime" : 4.441999999999996,
    "medianResTime" : 4.0,
    "minResTime" : 3.0,
    "maxResTime" : 101.0,
    "pct1ResTime" : 5.0,
    "pct2ResTime" : 6.0,
    "pct3ResTime" : 11.0,
    "throughput" : 16.71877351077525,
    "receivedKBytesPerSec" : 2625.402556718439,
    "sentKBytesPerSec" : 26.302679810409106
  }
}