{
  "Login Welcome-1" : {
    "transaction" : "Login Welcome-1",
    "sampleCount" : 2999,
    "errorCount" : 504,
    "errorPct" : 16.805601,
    "meanResTime" : 26949.837945982,
    "medianResTime" : 30540.0,
    "minResTime" : 0.0,
    "maxResTime" : 60972.0,
    "pct1ResTime" : 50823.0,
    "pct2ResTime" : 52088.0,
    "pct3ResTime" : 54318.0,
    "throughput" : 20.07765950324697,
    "receivedKBytesPerSec" : 1992.3227163461538,
    "sentKBytesPerSec" : 10.064503989673295
  },
  "Login Welcome-0" : {
    "transaction" : "Login Welcome-0",
    "sampleCount" : 2999,
    "errorCount" : 0,
    "errorPct" : 0.0,
    "meanResTime" : 24378.5931977326,
    "medianResTime" : 26568.0,
    "minResTime" : 38.0,
    "maxResTime" : 46459.0,
    "pct1ResTime" : 41710.0,
    "pct2ResTime" : 43325.0,
    "pct3ResTime" : 45034.0,
    "throughput" : 28.22907057738286,
    "receivedKBytesPerSec" : 72.50239806495793,
    "sentKBytesPerSec" : 14.086967836955703
  },
  "Login" : {
    "transaction" : "Login",
    "sampleCount" : 3000,
    "errorCount" : 2447,
    "errorPct" : 81.566666,
    "meanResTime" : 72875.67966666674,
    "medianResTime" : 76751.0,
    "minResTime" : 0.0,
    "maxResTime" : 134890.0,
    "pct1ResTime" : 102599.3,
    "pct2ResTime" : 109391.09999999995,
    "pct3ResTime" : 122299.79999999997,
    "throughput" : 12.38441215323646,
    "receivedKBytesPerSec" : 2401.9806714479955,
    "sentKBytesPerSec" : 38.72877798748142
  },
  "Login-0" : {
    "transaction" : "Login-0",
    "sampleCount" : 2893,
    "errorCount" : 0,
    "errorPct" : 0.0,
    "meanResTime" : 14949.064293121302,
    "medianResTime" : 4227.0,
    "minResTime" : 176.0,
    "maxResTime" : 54587.0,
    "pct1ResTime" : 39672.6,
    "pct2ResTime" : 41899.999999999985,
    "pct3ResTime" : 48809.85999999996,
    "throughput" : 15.363781200212426,
    "receivedKBytesPerSec" : 5.69275777515932,
    "sentKBytesPerSec" : 11.252769433749336
  },
  "Logout-2" : {
    "transaction" : "Logout-2",
    "sampleCount" : 2263,
    "errorCount" : 634,
    "errorPct" : 28.015907,
    "meanResTime" : 16189.189129474167,
    "medianResTime" : 9377.0,
    "minResTime" : 0.0,
    "maxResTime" : 54418.0,
    "pct1ResTime" : 39170.8,
    "pct2ResTime" : 42020.6,
    "pct3ResTime" : 51657.76,
    "throughput" : 9.077526003120775,
    "receivedKBytesPerSec" : 782.9439743934945,
    "sentKBytesPerSec" : 3.9372159825930515
  },
  "Login-1" : {
    "transaction" : "Login-1",
    "sampleCount" : 2893,
    "errorCount" : 26,
    "errorPct" : 0.89872104,
    "meanResTime" : 33944.44452125822,
    "medianResTime" : 37028.0,
    "minResTime" : 0.0,
    "maxResTime" : 54606.0,
    "pct1ResTime" : 47920.4,
    "pct2ResTime" : 50997.299999999996,
    "pct3ResTime" : 53041.72,
    "throughput" : 13.168975296222284,
    "receivedKBytesPerSec" : 43.38321439301175,
    "sentKBytesPerSec" : 8.006467344423555
  },
  "Logout-1" : {
    "transaction" : "Logout-1",
    "sampleCount" : 2296,
    "errorCount" : 33,
    "errorPct" : 1.4372822,
    "meanResTime" : 27678.594512195115,
    "medianResTime" : 30647.0,
    "minResTime" : 0.0,
    "maxResTime" : 53964.0,
    "pct1ResTime" : 41504.4,
    "pct2ResTime" : 42630.750000000015,
    "pct3ResTime" : 50947.93000000003,
    "throughput" : 9.171673271123609,
    "receivedKBytesPerSec" : 24.311060309943436,
    "sentKBytesPerSec" : 4.57289309418142
  },
  "Login-2" : {
    "transaction" : "Login-2",
    "sampleCount" : 2867,
    "errorCount" : 646,
    "errorPct" : 22.532263,
    "meanResTime" : 15218.75130798743,
    "medianResTime" : 106.0,
    "minResTime" : 0.0,
    "maxResTime" : 50880.0,
    "pct1ResTime" : 40674.4,
    "pct2ResTime" : 41684.4,
    "pct3ResTime" : 42595.64,
    "throughput" : 11.959985983413706,
    "receivedKBytesPerSec" : 643.5499944465535,
    "sentKBytesPerSec" : 5.716660548315507
  },
  "Logout-0" : {
    "transaction" : "Logout-0",
    "sampleCount" : 2296,
    "errorCount" : 0,
    "errorPct" : 0.0,
    "meanResTime" : 7673.569686411164,
    "medianResTime" : 2068.0,
    "minResTime" : 13.0,
    "maxResTime" : 55069.0,
    "pct1ResTime" : 32390.500000000015,
    "pct2ResTime" : 42129.75,
    "pct3ResTime" : 51295.70000000004,
    "throughput" : 9.435474259976903,
    "receivedKBytesPerSec" : 4.164877310067931,
    "sentKBytesPerSec" : 5.325882931901027
  },
  "Login-3" : {
    "transaction" : "Login-3",
    "sampleCount" : 2867,
    "errorCount" : 893,
    "errorPct" : 31.147541,
    "meanResTime" : 23483.071852110228,
    "medianResTime" : 30588.0,
    "minResTime" : 0.0,
    "maxResTime" : 59660.0,
    "pct1ResTime" : 42223.2,
    "pct2ResTime" : 47566.2,
    "pct3ResTime" : 52427.72,
    "throughput" : 11.92491504485881,
    "receivedKBytesPerSec" : 614.6688265389151,
    "sentKBytesPerSec" : 5.200772811027323
  },
  "Login-4" : {
    "transaction" : "Login-4",
    "sampleCount" : 2867,
    "errorCount" : 914,
    "errorPct" : 31.880014,
    "meanResTime" : 23236.86989884898,
    "medianResTime" : 30547.0,
    "minResTime" : 0.0,
    "maxResTime" : 59363.0,
    "pct1ResTime" : 42160.600000000006,
    "pct2ResTime" : 47027.4,
    "pct3ResTime" : 52385.16,
    "throughput" : 11.965326844984956,
    "receivedKBytesPerSec" : 652.4966643247436,
    "sentKBytesPerSec" : 5.221429756394793
  },
  "Login-5" : {
    "transaction" : "Login-5",
    "sampleCount" : 986,
    "errorCount" : 289,
    "errorPct" : 29.310345,
    "meanResTime" : 22690.564908722128,
    "medianResTime" : 23792.0,
    "minResTime" : 0.0,
    "maxResTime" : 60240.0,
    "pct1ResTime" : 48909.700000000004,
    "pct2ResTime" : 51703.15,
    "pct3ResTime" : 53774.56,
    "throughput" : 4.962454452116844,
    "receivedKBytesPerSec" : 78.01019645041069,
    "sentKBytesPerSec" : 2.209592335436253
  },
  "Login-6" : {
    "transaction" : "Login-6",
    "sampleCount" : 986,
    "errorCount" : 312,
    "errorPct" : 31.643002,
    "meanResTime" : 21785.835699797186,
    "medianResTime" : 21796.0,
    "minResTime" : 0.0,
    "maxResTime" : 61359.0,
    "pct1ResTime" : 48609.4,
    "pct2ResTime" : 51566.399999999994,
    "pct3ResTime" : 57561.54,
    "throughput" : 4.978440223373424,
    "receivedKBytesPerSec" : 293.11265507923343,
    "sentKBytesPerSec" : 2.1169751210528442
  },
  "Logout-4" : {
    "transaction" : "Logout-4",
    "sampleCount" : 2263,
    "errorCount" : 674,
    "errorPct" : 29.783474,
    "meanResTime" : 15811.67918692002,
    "medianResTime" : 9081.0,
    "minResTime" : 0.0,
    "maxResTime" : 60739.0,
    "pct1ResTime" : 38946.40000000001,
    "pct2ResTime" : 41830.99999999997,
    "pct3ResTime" : 51857.6,
    "throughput" : 9.077307533403129,
    "receivedKBytesPerSec" : 240.52960043225514,
    "sentKBytesPerSec" : 3.82799667347565
  },
  "Login-7" : {
    "transaction" : "Login-7",
    "sampleCount" : 986,
    "errorCount" : 318,
    "errorPct" : 32.251522,
    "meanResTime" : 21553.803245436105,
    "medianResTime" : 20931.5,
    "minResTime" : 0.0,
    "maxResTime" : 76634.0,
    "pct1ResTime" : 48407.5,
    "pct2ResTime" : 51436.25,
    "pct3ResTime" : 56180.02,
    "throughput" : 4.961255912247157,
    "receivedKBytesPerSec" : 27.679576645365803,
    "sentKBytesPerSec" : 2.0974522303008953
  },
  "Logout-3" : {
    "transaction" : "Logout-3",
    "sampleCount" : 2263,
    "errorCount" : 668,
    "errorPct" : 29.51834,
    "meanResTime" : 15901.39151568718,
    "medianResTime" : 9181.0,
    "minResTime" : 0.0,
    "maxResTime" : 59338.0,
    "pct1ResTime" : 39380.6,
    "pct2ResTime" : 41964.99999999999,
    "pct3ResTime" : 51651.52000000001,
    "throughput" : 9.07821789327578,
    "receivedKBytesPerSec" : 551.6218103507931,
    "sentKBytesPerSec" : 3.7928482770741905
  },
  "Login-8" : {
    "transaction" : "Login-8",
    "sampleCount" : 986,
    "errorCount" : 415,
    "errorPct" : 42.08925,
    "meanResTime" : 19042.395537525335,
    "medianResTime" : 15173.5,
    "minResTime" : 0.0,
    "maxResTime" : 72991.0,
    "pct1ResTime" : 47360.700000000004,