{
  "Login Welcome-1" : {
    "transaction" : "Login Welcome-1",
    "sampleCount" : 2897,
    "errorCount" : 12,
    "errorPct" : 0.4142216,
    "meanResTime" : 8878.492578529507,
    "medianResTime" : 8016.0,
    "minResTime" : 2.0,
    "maxResTime" : 36560.0,
    "pct1ResTime" : 19120.2,
    "pct2ResTime" : 23629.7,
    "pct3ResTime" : 36486.02,
    "throughput" : 15.7007056375126,
    "receivedKBytesPerSec" : 1858.2626235763275,
    "sentKBytesPerSec" : 9.421101896400815
  },
  "Login Welcome-0" : {
    "transaction" : "Login Welcome-0",
    "sampleCount" : 2897,
    "errorCount" : 0,
    "errorPct" : 0.0,
    "meanResTime" : 7919.315843976527,
    "medianResTime" : 4577.0,
    "minResTime" : 3.0,
    "maxResTime" : 40144.0,
    "pct1ResTime" : 14623.000000000407,
    "pct2ResTime" : 36231.2,
    "pct3ResTime" : 38090.06,
    "throughput" : 17.568649330487094,
    "receivedKBytesPerSec" : 45.17407586637942,
    "sentKBytesPerSec" : 8.767167781131745
  },
  "Login" : {
    "transaction" : "Login",
    "sampleCount" : 3000,
    "errorCount" : 1731,
    "errorPct" : 57.7,
    "meanResTime" : 41539.362,
    "medianResTime" : 46206.5,
    "minResTime" : 2.0,
    "maxResTime" : 89446.0,
    "pct1ResTime" : 70277.5,
    "pct2ResTime" : 70741.75,
    "pct3ResTime" : 73556.47999999998,
    "throughput" : 14.728046619176899,
    "receivedKBytesPerSec" : 4396.012818616741,
    "sentKBytesPerSec" : 67.41849637076385
  },
  "Login-0" : {
    "transaction" : "Login-0",
    "sampleCount" : 2921,
    "errorCount" : 0,
    "errorPct" : 0.0,
    "meanResTime" : 14175.469017459796,
    "medianResTime" : 10452.0,
    "minResTime" : 339.0,
    "maxResTime" : 43090.0,
    "pct1ResTime" : 36553.0,
    "pct2ResTime" : 38872.0,
    "pct3ResTime" : 39981.12,
    "throughput" : 15.012051784126593,
    "receivedKBytesPerSec" : 6.436433062168191,
    "sentKBytesPerSec" : 10.985037012982007
  },
  "Logout-2" : {
    "transaction" : "Logout-2",
    "sampleCount" : 2854,
    "errorCount" : 360,
    "errorPct" : 12.613875,
    "meanResTime" : 6025.3265592151365,
    "medianResTime" : 4059.0,
    "minResTime" : 1.0,
    "maxResTime" : 38507.0,
    "pct1ResTime" : 16480.5,
    "pct2ResTime" : 18215.25,
    "pct3ResTime" : 25600.69999999983,
    "throughput" : 14.813200045674899,
    "receivedKBytesPerSec" : 1543.1293663645895,
    "sentKBytesPerSec" : 7.799676236985249
  },
  "Login-1" : {
    "transaction" : "Login-1",
    "sampleCount" : 2921,
    "errorCount" : 21,
    "errorPct" : 0.71893185,
    "meanResTime" : 13202.301609038019,
    "medianResTime" : 12147.0,
    "minResTime" : 3.0,
    "maxResTime" : 39204.0,
    "pct1ResTime" : 31418.200000000008,
    "pct2ResTime" : 35747.8,
    "pct3ResTime" : 38447.36,
    "throughput" : 14.710622267883403,
    "receivedKBytesPerSec" : 68.8293952532307,
    "sentKBytesPerSec" : 8.857640829908744
  },
  "Logout-1" : {
    "transaction" : "Logout-1",
    "sampleCount" : 2863,
    "errorCount" : 9,
    "errorPct" : 0.31435558,
    "meanResTime" : 10346.358016067063,
    "medianResTime" : 7628.0,
    "minResTime" : 2.0,
    "maxResTime" : 38668.0,
    "pct1ResTime" : 23393.8,
    "pct2ResTime" : 32186.799999999996,
    "pct3ResTime" : 37698.520000000004,
    "throughput" : 14.864773653577567,
    "receivedKBytesPerSec" : 39.466580665604894,
    "sentKBytesPerSec" : 7.497520401421577
  },
  "Login-2" : {
    "transaction" : "Login-2",
    "sampleCount" : 2900,
    "errorCount" : 267,
    "errorPct" : 9.206897,
    "meanResTime" : 3454.9251724137916,
    "medianResTime" : 799.0,
    "minResTime" : 2.0,
    "maxResTime" : 37923.0,
    "pct1ResTime" : 10294.5,
    "pct2ResTime" : 17999.9,
    "pct3ResTime" : 22511.989999999998,
    "throughput" : 14.594132152382869,
    "receivedKBytesPerSec" : 94.45114346912585,
    "sentKBytesPerSec" : 7.629552409918977
  },
  "Logout-0" : {
    "transaction" : "Logout-0",
    "sampleCount" : 2863,
    "errorCount" : 0,
    "errorPct" : 0.0,
    "meanResTime" : 8583.819769472573,
    "medianResTime" : 2841.0,
    "minResTime" : 32.0,
    "maxResTime" : 39415.0,
    "pct1ResTime" : 27921.199999999957,
    "pct2ResTime" : 37001.799999999996,
    "pct3ResTime" : 38171.840000000004,
    "throughput" : 14.856828536734715,
    "receivedKBytesPerSec" : 6.541194066349776,
    "sentKBytesPerSec" : 8.376952780401233
  },
  "Login-3" : {
    "transaction" : "Login-3",
    "sampleCount" : 2900,
    "errorCount" : 430,
    "errorPct" : 14.827586,
    "meanResTime" : 10258.193448275886,
    "medianResTime" : 7359.5,
    "minResTime" : 2.0,
    "maxResTime" : 40227.0,
    "pct1ResTime" : 20882.5,
    "pct2ResTime" : 37764.75,
    "pct3ResTime" : 38462.979999999996,
    "throughput" : 14.34947401755584,
    "receivedKBytesPerSec" : 672.5965665095027,
    "sentKBytesPerSec" : 7.593102263505823
  },
  "Login-4" : {
    "transaction" : "Login-4",
    "sampleCount" : 2900,
    "errorCount" : 506,
    "errorPct" : 17.448277,
    "meanResTime" : 9927.81551724137,
    "medianResTime" : 6561.5,
    "minResTime" : 2.0,
    "maxResTime" : 38801.0,
    "pct1ResTime" : 21185.700000000026,
    "pct2ResTime" : 37814.9,
    "pct3ResTime" : 38578.99,
    "throughput" : 14.356719935048218,
    "receivedKBytesPerSec" : 1802.8086338962157,
    "sentKBytesPerSec" : 7.432706356190221
  },
  "Login-5" : {
    "transaction" : "Login-5",
    "sampleCount" : 2876,
    "errorCount" : 581,
    "errorPct" : 20.20167,
    "meanResTime" : 9501.723922114037,
    "medianResTime" : 5401.5,
    "minResTime" : 1.0,
    "maxResTime" : 40125.0,
    "pct1ResTime" : 20488.7,
    "pct2ResTime" : 37770.45,
    "pct3ResTime" : 38515.46,
    "throughput" : 14.22910039036023,
    "receivedKBytesPerSec" : 249.64731444901815,
    "sentKBytesPerSec" : 7.1520577015129545
  },
  "Login-6" : {
    "transaction" : "Login-6",
    "sampleCount" : 2876,
    "errorCount" : 655,
    "errorPct" : 22.774687,
    "meanResTime" : 8946.006954102915,
    "medianResTime" : 4789.5,
    "minResTime" : 1.0,
    "maxResTime" : 40149.0,
    "pct1ResTime" : 19801.600000000006,
    "pct2ResTime" : 37536.8,
    "pct3ResTime" : 38473.99,
    "throughput" : 14.231776052414107,
    "receivedKBytesPerSec" : 943.8503116989677,
    "sentKBytesPerSec" : 6.83688466651079
  },
  "Logout-4" : {
    "transaction" : "Logout-4",
    "sampleCount" : 2854,
    "errorCount" : 483,
    "errorPct" : 16.923616,
    "meanResTime" : 5725.392431674833,
    "medianResTime" : 3736.0,
    "minResTime" : 2.0,
    "maxResTime" : 38867.0,
    "pct1ResTime" : 16498.0,
    "pct2ResTime" : 18219.75,
    "pct3ResTime" : 26348.749999999894,
    "throughput" : 14.813353818045924,
    "receivedKBytesPerSec" : 457.70921340066127,
    "sentKBytesPerSec" : 7.39105000317911
  },
  "Login-7" : {
    "transaction" : "Login-7",
    "sampleCount" : 2876,
    "errorCount" : 686,
    "errorPct" : 23.852573,
    "meanResTime" : 8563.796940194721,
    "medianResTime" : 4267.5,
    "minResTime" : 1.0,
    "maxResTime" : 40017.0,
    "pct1ResTime" : 19382.4,
    "pct2ResTime" : 37385.9,
    "pct3ResTime" : 38504.3,
    "throughput" : 14.22994522757522,
    "receivedKBytesPerSec" : 86.73832290063777,
    "sentKBytesPerSec" : 6.761753945272106
  },
  "Logout-3" : {
    "transaction" : "Logout-3",
    "sampleCount" : 2854,
    "errorCount" : 430,
    "errorPct" : 15.066573,
    "meanResTime" : 5934.4302733006325,
    "medianResTime" : 3824.0,
    "minResTime" : 1.0,
    "maxResTime" : 38643.0,
    "pct1ResTime" : 16677.5,
    "pct2ResTime" : 18463.75,
    "pct3ResTime" : 24102.249999999927,
    "throughput" : 14.812969393104236,
    "receivedKBytesPerSec" : 1077.0758905979944,
    "sentKBytesPerSec" : 7.457778949908911
  },
  "Login-8" : {
    "transaction" : "Login-8",