{
  "Login Welcome-1" : {
    "transaction" : "Login Welcome-1",
    "sampleCount" : 5706,
    "errorCount" : 840,
    "errorPct" : 14.721346,
    "meanResTime" : 10376.6384507536,
    "medianResTime" : 8005.5,
    "minResTime" : 1.0,
    "maxResTime" : 37885.0,
    "pct1ResTime" : 27870.3,
    "pct2ResTime" : 31803.949999999997,
    "pct3ResTime" : 34124.92000000001,
    "throughput" : 14.46607849102525,
    "receivedKBytesPerSec" : 1471.52578061619,
    "sentKBytesPerSec" : 7.433209304647095
  },
  "Login Welcome-0" : {
    "transaction" : "Login Welcome-0",
    "sampleCount" : 5706,
    "errorCount" : 0,
    "errorPct" : 0.0,
    "meanResTime" : 10539.441114616167,
    "medianResTime" : 9143.5,
    "minResTime" : 4.0,
    "maxResTime" : 33882.0,
    "pct1ResTime" : 24949.3,
    "pct2ResTime" : 27504.25,
    "pct3ResTime" : 30376.86,
    "throughput" : 15.568512642254351,
    "receivedKBytesPerSec" : 40.03114627642159,
    "sentKBytesPerSec" : 7.7690526954999735
  },
  "Login" : {
    "transaction" : "Login",
    "sampleCount" : 10000,
    "errorCount" : 9171,
    "errorPct" : 91.71,
    "meanResTime" : 29190.619299999977,
    "medianResTime" : 28587.0,
    "minResTime" : 2.0,
    "maxResTime" : 90439.0,
    "pct1ResTime" : 65267.9,
    "pct2ResTime" : 72634.64999999997,
    "pct3ResTime" : 82006.22999999998,
    "throughput" : 24.83540336420374,
    "receivedKBytesPerSec" : 3822.355316215997,
    "sentKBytesPerSec" : 61.603502571861235
  },
  "Login-0" : {
    "transaction" : "Login-0",
    "sampleCount" : 6708,
    "errorCount" : 0,
    "errorPct" : 0.0,
    "meanResTime" : 13172.489862850365,
    "medianResTime" : 11329.5,
    "minResTime" : 6.0,
    "maxResTime" : 35562.0,
    "pct1ResTime" : 27775.1,
    "pct2ResTime" : 29976.0,
    "pct3ResTime" : 32513.1,
    "throughput" : 16.82581965671114,
    "receivedKBytesPerSec" : 7.226811862416065,
    "sentKBytesPerSec" : 12.09849613593095
  },
  "Logout-2" : {
    "transaction" : "Logout-2",
    "sampleCount" : 6296,
    "errorCount" : 1403,
    "errorPct" : 22.283989,
    "meanResTime" : 8535.4539390089,
    "medianResTime" : 4905.0,
    "minResTime" : 2.0,
    "maxResTime" : 37820.0,
    "pct1ResTime" : 21465.500000000004,
    "pct2ResTime" : 27476.15,
    "pct3ResTime" : 33083.15,
    "throughput" : 17.24737769182092,
    "receivedKBytesPerSec" : 1602.8069182211725,
    "sentKBytesPerSec" : 8.076417807349037
  },
  "Login-1" : {
    "transaction" : "Login-1",
    "sampleCount" : 6708,
    "errorCount" : 188,
    "errorPct" : 2.8026237,
    "meanResTime" : 13935.122689326163,
    "medianResTime" : 11544.5,
    "minResTime" : 2.0,
    "maxResTime" : 38518.0,
    "pct1ResTime" : 31954.800000000003,
    "pct2ResTime" : 33297.0,
    "pct3ResTime" : 35764.46,
    "throughput" : 17.14741459524126,
    "receivedKBytesPerSec" : 73.6566017258612,
    "sentKBytesPerSec" : 10.12118026353797
  },
  "Logout-1" : {
    "transaction" : "Logout-1",
    "sampleCount" : 6358,
    "errorCount" : 62,
    "errorPct" : 0.9751494,
    "meanResTime" : 11318.960994023315,
    "medianResTime" : 9680.5,
    "minResTime" : 2.0,
    "maxResTime" : 37411.0,
    "pct1ResTime" : 27006.800000000003,
    "pct2ResTime" : 32301.0,
    "pct3ResTime" : 34951.869999999995,
    "throughput" : 17.34476192554683,
    "receivedKBytesPerSec" : 46.08590374073155,
    "sentKBytesPerSec" : 8.689505692699269
  },
  "Login-2" : {
    "transaction" : "Login-2",
    "sampleCount" : 6520,
    "errorCount" : 1520,
    "errorPct" : 23.312883,
    "meanResTime" : 7301.780521472374,
    "medianResTime" : 1877.0,
    "minResTime" : 1.0,
    "maxResTime" : 57850.0,
    "pct1ResTime" : 20222.400000000016,
    "pct2ResTime" : 33171.8,
    "pct3ResTime" : 44496.03999999999,
    "throughput" : 16.68932011498225,
    "receivedKBytesPerSec" : 301.03138932430653,
    "sentKBytesPerSec" : 7.50391225932311
  },
  "Logout-0" : {
    "transaction" : "Logout-0",
    "sampleCount" : 6358,
    "errorCount" : 0,
    "errorPct" : 0.0,
    "meanResTime" : 10497.364737338763,
    "medianResTime" : 9517.5,
    "minResTime" : 2.0,
    "maxResTime" : 38017.0,
    "pct1ResTime" : 23022.100000000006,
    "pct2ResTime" : 27785.499999999993,
    "pct3ResTime" : 31097.92,
    "throughput" : 17.346938775510203,
    "receivedKBytesPerSec" : 7.480859886568264,
    "sentKBytesPerSec" : 9.67969218937575
  },
  "Login-3" : {
    "transaction" : "Login-3",
    "sampleCount" : 6520,
    "errorCount" : 2011,
    "errorPct" : 30.843557,
    "meanResTime" : 7958.724693251523,
    "medianResTime" : 4776.5,
    "minResTime" : 1.0,
    "maxResTime" : 37674.0,
    "pct1ResTime" : 20060.00000000003,
    "pct2ResTime" : 24628.899999999994,
    "pct3ResTime" : 34307.79,
    "throughput" : 16.645179407972837,
    "receivedKBytesPerSec" : 688.0467408708404,
    "sentKBytesPerSec" : 7.181055816877497
  },
  "Login-4" : {
    "transaction" : "Login-4",
    "sampleCount" : 6520,
    "errorCount" : 2316,
    "errorPct" : 35.521473,
    "meanResTime" : 7443.432822085905,
    "medianResTime" : 3917.5,
    "minResTime" : 2.0,
    "maxResTime" : 37648.0,
    "pct1ResTime" : 19773.4,
    "pct2ResTime" : 23896.149999999998,
    "pct3ResTime" : 34294.7,
    "throughput" : 16.645136913909923,
    "receivedKBytesPerSec" : 1483.609633045894,
    "sentKBytesPerSec" : 6.760172169943784
  },
  "Login-5" : {
    "transaction" : "Login-5",
    "sampleCount" : 5426,
    "errorCount" : 2016,
    "errorPct" : 37.15444,
    "meanResTime" : 6960.848322889789,
    "medianResTime" : 3434.0,
    "minResTime" : 2.0,
    "maxResTime" : 37801.0,
    "pct1ResTime" : 19625.900000000005,
    "pct2ResTime" : 24399.099999999988,
    "pct3ResTime" : 34288.46,
    "throughput" : 13.850740782339667,
    "receivedKBytesPerSec" : 198.97569625036377,
    "sentKBytesPerSec" : 5.482862428461664
  },
  "Login-6" : {
    "transaction" : "Login-6",
    "sampleCount" : 5426,
    "errorCount" : 2167,
    "errorPct" : 39.93734,
    "meanResTime" : 6753.9214891264155,
    "medianResTime" : 3116.5,
    "minResTime" : 2.0,
    "maxResTime" : 37698.0,
    "pct1ResTime" : 19450.3,
    "pct2ResTime" : 24355.54999999999,
    "pct3ResTime" : 34169.67999999999,
    "throughput" : 13.851058995913094,
    "receivedKBytesPerSec" : 722.3956157870738,
    "sentKBytesPerSec" : 5.175198661449333
  },
  "Logout-4" : {
    "transaction" : "Logout-4",
    "sampleCount" : 6296,
    "errorCount" : 2087,
    "errorPct" : 33.14803,
    "meanResTime" : 7554.274459974614,
    "medianResTime" : 3596.5,
    "minResTime" : 1.0,
    "maxResTime" : 37791.0,
    "pct1ResTime" : 20575.7,
    "pct2ResTime" : 27204.199999999997,
    "pct3ResTime" : 32835.12999999998,
    "throughput" : 17.247661183174216,
    "receivedKBytesPerSec" : 437.5408672284849,
    "sentKBytesPerSec" : 6.9249968110934566
  },
  "Login-7" : {
    "transaction" : "Login-7",
    "sampleCount" : 5426,
    "errorCount" : 2225,
    "errorPct" : 41.006268,
    "meanResTime" : 6649.926833763358,
    "medianResTime" : 2806.0,
    "minResTime" : 1.0,
    "maxResTime" : 41690.0,
    "pct1ResTime" : 19600.6,
    "pct2ResTime" : 25859.549999999996,
    "pct3ResTime" : 34300.38,
    "throughput" : 13.852049087209704,
    "receivedKBytesPerSec" : 73.46776535746379,
    "sentKBytesPerSec" : 5.099420295670788
  },
  "Logout-3" : {
    "transaction" : "Logout-3",
    "sampleCount" : 6296,
    "errorCount" : 1836,
    "errorPct" : 29.161373,
    "meanResTime" : 7909.021283354507,
    "medianResTime" : 4346.0,
    "minResTime" : 1.0,
    "maxResTime" : 37823.0,
    "pct1ResTime" : 20885.600000000006,
    "pct2ResTime" : 27027.949999999997,
    "pct3ResTime" : 32995.24999999998,
    "throughput" : 17.24756668502097,
    "receivedKBytesPerSec" : 1053.3679312816237,