{
  "Save Poll" : {
    "transaction" : "Save Poll",
    "sampleCount" : 500,
    "errorCount" : 115,
    "errorPct" : 23.0,
    "meanResTime" : 96099.36200000004,
    "medianResTime" : 93570.0,
    "minResTime" : 16377.0,
    "maxResTime" : 188048.0,
    "pct1ResTime" : 129518.90000000002,
    "pct2ResTime" : 144084.1,
    "pct3ResTime" : 177668.63000000006,
    "throughput" : 2.362167524920867,
    "receivedKBytesPerSec" : 897.7700677203903,
    "sentKBytesPerSec" : 11.567875776562575
  },
  "Polls" : {
    "transaction" : "Polls",
    "sampleCount" : 500,
    "errorCount" : 72,
    "errorPct" : 14.4,
    "meanResTime" : 34461.25600000001,
    "medianResTime" : 35761.0,
    "minResTime" : 624.0,
    "maxResTime" : 129100.0,
    "pct1ResTime" : 58126.8,
    "pct2ResTime" : 63169.95,
    "pct3ResTime" : 116481.12000000004,
    "throughput" : 3.0238521457254826,
    "receivedKBytesPerSec" : 1483.6307839204394,
    "sentKBytesPerSec" : 12.711648388740384
  },
  "Save Poll-0" : {
    "transaction" : "Save Poll-0",
    "sampleCount" : 487,
    "errorCount" : 0,
    "errorPct" : 0.0,
    "meanResTime" : 29111.86652977413,
    "medianResTime" : 27270.0,
    "minResTime" : 613.0,
    "maxResTime" : 102223.0,
    "pct1ResTime" : 50841.2,
    "pct2ResTime" : 58928.19999999999,
    "pct3ResTime" : 81276.6,
    "throughput" : 2.3196882948623903,
    "receivedKBytesPerSec" : 0.8204181839508055,
    "sentKBytesPerSec" : 1.8423475665302798
  },
  "Show New Poll Form-0" : {
    "transaction" : "Show New Poll Form-0",
    "sampleCount" : 471,
    "errorCount" : 0,
    "errorPct" : 0.0,
    "meanResTime" : 22325.79830148619,
    "medianResTime" : 20864.0,
    "minResTime" : 197.0,
    "maxResTime" : 70618.0,
    "pct1ResTime" : 38525.8,
    "pct2ResTime" : 45591.39999999999,
    "pct3ResTime" : 53611.759999999995,
    "throughput" : 2.519915895800675,
    "receivedKBytesPerSec" : 4.1588455702179115,
    "sentKBytesPerSec" : 1.287027356937259
  },
  "Save Poll-2" : {
    "transaction" : "Save Poll-2",
    "sampleCount" : 474,
    "errorCount" : 3,
    "errorPct" : 0.6329114,
    "meanResTime" : 22194.23206751056,
    "medianResTime" : 22242.0,
    "minResTime" : 94.0,
    "maxResTime" : 155041.0,
    "pct1ResTime" : 39229.0,
    "pct2ResTime" : 47067.5,
    "pct3ResTime" : 70702.75,
    "throughput" : 2.2641725738960967,
    "receivedKBytesPerSec" : 127.05355772744424,
    "sentKBytesPerSec" : 1.4402416968397118
  },
  "Show New Poll Form-1" : {
    "transaction" : "Show New Poll Form-1",
    "sampleCount" : 46,
    "errorCount" : 0,
    "errorPct" : 0.0,
    "meanResTime" : 136.73913043478262,
    "medianResTime" : 128.0,
    "minResTime" : 91.0,
    "maxResTime" : 285.0,
    "pct1ResTime" : 191.9,
    "pct2ResTime" : 234.14999999999995,
    "pct3ResTime" : 285.0,
    "throughput" : 0.3343339123609062,
    "receivedKBytesPerSec" : 46.382435238703515,
    "sentKBytesPerSec" : 0.18120636851592084
  },
  "Save Poll-1" : {
    "transaction" : "Save Poll-1",
    "sampleCount" : 487,
    "errorCount" : 13,
    "errorPct" : 2.6694045,
    "meanResTime" : 32117.12114989734,
    "medianResTime" : 31573.0,
    "minResTime" : 496.0,
    "maxResTime" : 121351.0,
    "pct1ResTime" : 49394.0,
    "pct2ResTime" : 57066.799999999974,
    "pct3ResTime" : 77334.16,
    "throughput" : 2.3182196834463884,
    "receivedKBytesPerSec" : 83.12891880132096,
    "sentKBytesPerSec" : 1.4042045995477805
  },
  "Polls-0" : {
    "transaction" : "Polls-0",
    "sampleCount" : 450,
    "errorCount" : 0,
    "errorPct" : 0.0,
    "meanResTime" : 17422.731111111116,
    "medianResTime" : 15792.5,
    "minResTime" : 130.0,
    "maxResTime" : 57535.0,
    "pct1ResTime" : 34786.50000000001,
    "pct2ResTime" : 43039.34999999999,
    "pct3ResTime" : 54587.170000000006,
    "throughput" : 3.87807337314822,
    "receivedKBytesPerSec" : 95.21294595150684,
    "sentKBytesPerSec" : 1.9428238676025749
  },
  "Total" : {
    "transaction" : "Total",
    "sampleCount" : 9787,
    "errorCount" : 308,
    "errorPct" : 3.1470318,
    "meanResTime" : 23438.039950955328,
    "medianResTime" : 19251.0,
    "minResTime" : 57.0,
    "maxResTime" : 188048.0,
    "pct1ResTime" : 47151.600000000006,
    "pct2ResTime" : 76685.60000000012,
    "pct3ResTime" : 117449.60000000044,
    "throughput" : 45.07562498848584,
    "receivedKBytesPerSec" : 4076.0062060590953,
    "sentKBytesPerSec" : 44.26510024225788
  },
  "Polls-2" : {
    "transaction" : "Polls-2",
    "sampleCount" : 450,
    "errorCount" : 0,
    "errorPct" : 0.0,
    "meanResTime" : 241.92444444444442,
    "medianResTime" : 114.0,
    "minResTime" : 82.0,
    "maxResTime" : 2551.0,
    "pct1ResTime" : 227.60000000000014,
    "pct2ResTime" : 1393.5999999999972,
    "pct3ResTime" : 2417.9900000000007,
    "throughput" : 3.958166577241422,
    "receivedKBytesPerSec" : 23.633037552005913,
    "sentKBytesPerSec" : 2.087314405967156
  },
  "Show New Poll Form" : {
    "transaction" : "Show New Poll Form",
    "sampleCount" : 500,
    "errorCount" : 29,
    "errorPct" : 5.8,
    "meanResTime" : 24772.732000000004,
    "medianResTime" : 22353.5,
    "minResTime" : 197.0,
    "maxResTime" : 114980.0,
    "pct1ResTime" : 45098.90000000002,
    "pct2ResTime" : 54741.64999999999,
    "pct3ResTime" : 78875.87000000001,
    "throughput" : 2.560924391268272,
    "receivedKBytesPerSec" : 36.81725955801006,
    "sentKBytesPerSec" : 1.406892832036652
  },
  "Save Poll-8" : {
    "transaction" : "Save Poll-8",
    "sampleCount" : 44,
    "errorCount" : 11,
    "errorPct" : 25.0,
    "meanResTime" : 20010.727272727272,
    "medianResTime" : 22758.0,
    "minResTime" : 198.0,
    "maxResTime" : 47545.0,
    "pct1ResTime" : 35246.5,
    "pct2ResTime" : 45262.25,
    "pct3ResTime" : 47545.0,
    "throughput" : 0.4373366199842956,
    "receivedKBytesPerSec" : 19.05734894803149,
    "sentKBytesPerSec" : 0.2056421704320687
  },
  "Polls-1" : {
    "transaction" : "Polls-1",
    "sampleCount" : 450,
    "errorCount" : 0,
    "errorPct" : 0.0,
    "meanResTime" : 262.3422222222221,
    "medianResTime" : 121.0,
    "minResTime" : 72.0,
    "maxResTime" : 2622.0,
    "pct1ResTime" : 243.80000000000007,
    "pct2ResTime" : 1897.1499999999978,
    "pct3ResTime" : 2557.25,
    "throughput" : 3.957261574990107,
    "receivedKBytesPerSec" : 548.991894484017,
    "sentKBytesPerSec" : 2.1448048575385834
  },
  "Save Poll-7" : {
    "transaction" : "Save Poll-7",
    "sampleCount" : 425,
    "errorCount" : 6,
    "errorPct" : 1.4117647,
    "meanResTime" : 24280.538823529423,
    "medianResTime" : 24058.0,
    "minResTime" : 166.0,
    "maxResTime" : 87244.0,
    "pct1ResTime" : 39014.2,
    "pct2ResTime" : 47612.1,
    "pct3ResTime" : 66043.54000000005,
    "throughput" : 2.02953086797066,
    "receivedKBytesPerSec" : 104.01367150192448,
    "sentKBytesPerSec" : 1.2751441713067315
  },
  "Polls-4" : {
    "transaction" : "Polls-4",
    "sampleCount" : 450,
    "errorCount" : 1,
    "errorPct" : 0.22222222,
    "meanResTime" : 13765.422222222207,
    "medianResTime" : 14389.5,
    "minResTime" : 153.0,
    "maxResTime" : 110947.0,
    "pct1ResTime" : 27458.7,
    "pct2ResTime" : 28122.5,
    "pct3ResTime" : 29113.56,
    "throughput" : 2.7625666085504506,
    "receivedKBytesPerSec" : 420.6026726105334,
    "sentKBytesPerSec" : 1.4239747904286275
  },
  "Polls-3" : {
    "transaction" : "Polls-3",
    "sampleCount" : 450,
    "errorCount" : 1,
    "errorPct" : 0.22222222,
    "meanResTime" : 13629.155555555559,
    "medianResTime" : 13896.0,
    "minResTime" : 97.0,
    "maxResTime" : 110947.0,
    "pct1ResTime" : 27239.8,
    "pct2ResTime" : 27917.399999999998,
    "pct3ResTime" : 28920.39,
    "throughput" : 2.762498772222768,
    "receivedKBytesPerSec" : 149.67231536916194,
    "sentKBytesPerSec" : 1.407789277744696
  },
  "Polls-6" : {
    "transaction" : "Polls-6",
    "sampleCount" : 450,
    "errorCount" : 1,
    "errorPct" : 0.22222222,
    "meanResTime" : 13721.871111111106,