{
  "Login Welcome-1" : {
    "transaction" : "Login Welcome-1",
    "sampleCount" : 3000,
    "errorCount" : 508,
    "errorPct" : 16.933332,
    "meanResTime" : 30917.48266666673,
    "medianResTime" : 36808.0,
    "minResTime" : 0.0,
    "maxResTime" : 66049.0,
    "pct1ResTime" : 56233.8,
    "pct2ResTime" : 57442.95,
    "pct3ResTime" : 60385.649999999994,
    "throughput" : 18.799466095162895,
    "receivedKBytesPerSec" : 1862.6982890821316,
    "sentKBytesPerSec" : 9.409304129929376
  },
  "Login Welcome-0" : {
    "transaction" : "Login Welcome-0",
    "sampleCount" : 3000,
    "errorCount" : 0,
    "errorPct" : 0.0,
    "meanResTime" : 27382.159333333326,
    "medianResTime" : 29302.5,
    "minResTime" : 84.0,
    "maxResTime" : 52611.0,
    "pct1ResTime" : 46347.4,
    "pct2ResTime" : 48235.25,
    "pct3ResTime" : 50030.899999999994,
    "throughput" : 26.772567042969968,
    "receivedKBytesPerSec" : 68.76157355762794,
    "sentKBytesPerSec" : 13.360138436482083
  },
  "Login" : {
    "transaction" : "Login",
    "sampleCount" : 3000,
    "errorCount" : 2475,
    "errorPct" : 82.5,
    "meanResTime" : 83463.02166666675,
    "medianResTime" : 85769.0,
    "minResTime" : 0.0,
    "maxResTime" : 147347.0,
    "pct1ResTime" : 115856.7,
    "pct2ResTime" : 128196.84999999999,
    "pct3ResTime" : 139499.30999999997,
    "throughput" : 11.365100050764113,
    "receivedKBytesPerSec" : 2076.0531037851465,
    "sentKBytesPerSec" : 34.57842419217816
  },
  "Login-0" : {
    "transaction" : "Login-0",
    "sampleCount" : 2950,
    "errorCount" : 0,
    "errorPct" : 0.0,
    "meanResTime" : 18731.838305084733,
    "medianResTime" : 6218.0,
    "minResTime" : 237.0,
    "maxResTime" : 63353.0,
    "pct1ResTime" : 45065.50000000001,
    "pct2ResTime" : 48266.45,
    "pct3ResTime" : 58184.179999999964,
    "throughput" : 14.402257492835487,
    "receivedKBytesPerSec" : 5.328377573488129,
    "sentKBytesPerSec" : 10.548528437135365
  },
  "Logout-2" : {
    "transaction" : "Logout-2",
    "sampleCount" : 2093,
    "errorCount" : 529,
    "errorPct" : 25.274725,
    "meanResTime" : 18096.721452460573,
    "medianResTime" : 12293.0,
    "minResTime" : 0.0,
    "maxResTime" : 65866.0,
    "pct1ResTime" : 42090.00000000003,
    "pct2ResTime" : 48349.0,
    "pct3ResTime" : 55776.85999999998,
    "throughput" : 8.208100646294787,
    "receivedKBytesPerSec" : 734.0968203169119,
    "sentKBytesPerSec" : 3.6956888598465834
  },
  "Login-1" : {
    "transaction" : "Login-1",
    "sampleCount" : 2950,
    "errorCount" : 41,
    "errorPct" : 1.3898305,
    "meanResTime" : 38328.705084745605,
    "medianResTime" : 42117.5,
    "minResTime" : 0.0,
    "maxResTime" : 61126.0,
    "pct1ResTime" : 52453.5,
    "pct2ResTime" : 55860.649999999994,
    "pct3ResTime" : 58480.39,
    "throughput" : 12.373434445963744,
    "receivedKBytesPerSec" : 40.702352807249156,
    "sentKBytesPerSec" : 7.4855796731211255
  },
  "Logout-1" : {
    "transaction" : "Logout-1",
    "sampleCount" : 2132,
    "errorCount" : 39,
    "errorPct" : 1.8292683,
    "meanResTime" : 30933.196998123814,
    "medianResTime" : 34068.0,
    "minResTime" : 1.0,
    "maxResTime" : 59122.0,
    "pct1ResTime" : 48618.7,
    "pct2ResTime" : 49575.35,
    "pct3ResTime" : 56344.580000000016,
    "throughput" : 8.10393717548141,
    "receivedKBytesPerSec" : 21.482348243608456,
    "sentKBytesPerSec" : 4.024462608141188
  },
  "Login-2" : {
    "transaction" : "Login-2",
    "sampleCount" : 2909,
    "errorCount" : 742,
    "errorPct" : 25.507048,
    "meanResTime" : 16342.715366105203,
    "medianResTime" : 111.0,
    "minResTime" : 0.0,
    "maxResTime" : 51710.0,
    "pct1ResTime" : 47180.0,
    "pct2ResTime" : 48782.5,
    "pct3ResTime" : 50062.6,
    "throughput" : 11.224249626694345,
    "receivedKBytesPerSec" : 565.881021392488,
    "sentKBytesPerSec" : 5.148247169581087
  },
  "Logout-0" : {
    "transaction" : "Logout-0",
    "sampleCount" : 2132,
    "errorCount" : 0,
    "errorPct" : 0.0,
    "meanResTime" : 9719.64587242026,
    "medianResTime" : 2149.0,
    "minResTime" : 20.0,
    "maxResTime" : 65342.0,
    "pct1ResTime" : 39778.9,
    "pct2ResTime" : 49476.399999999994,
    "pct3ResTime" : 58438.98000000001,
    "throughput" : 8.321558770033022,
    "receivedKBytesPerSec" : 3.673188050834888,
    "sentKBytesPerSec" : 4.697129852616295
  },
  "Login-3" : {
    "transaction" : "Login-3",
    "sampleCount" : 2909,
    "errorCount" : 1055,
    "errorPct" : 36.266758,
    "meanResTime" : 25011.215194224846,
    "medianResTime" : 32630.0,
    "minResTime" : 0.0,
    "maxResTime" : 67539.0,
    "pct1ResTime" : 49056.0,
    "pct2ResTime" : 51175.5,
    "pct3ResTime" : 57920.60000000001,
    "throughput" : 11.230142644816338,
    "receivedKBytesPerSec" : 539.1131348985175,
    "sentKBytesPerSec" : 4.5343474337444745
  },
  "Login-4" : {
    "transaction" : "Login-4",
    "sampleCount" : 2909,
    "errorCount" : 1094,
    "errorPct" : 37.607426,
    "meanResTime" : 24560.848745273353,
    "medianResTime" : 32542.0,
    "minResTime" : 0.0,
    "maxResTime" : 67572.0,
    "pct1ResTime" : 48898.0,
    "pct2ResTime" : 50970.5,
    "pct3ResTime" : 57506.8,
    "throughput" : 11.204578894255583,
    "receivedKBytesPerSec" : 562.1651583672283,
    "sentKBytesPerSec" : 4.47833193227951
  },
  "Login-5" : {
    "transaction" : "Login-5",
    "sampleCount" : 999,
    "errorCount" : 360,
    "errorPct" : 36.036037,
    "meanResTime" : 23455.592592592602,
    "medianResTime" : 24922.0,
    "minResTime" : 0.0,
    "maxResTime" : 65060.0,
    "pct1ResTime" : 52695.0,
    "pct2ResTime" : 56220.0,
    "pct3ResTime" : 59656.0,
    "throughput" : 4.5066584864123564,
    "receivedKBytesPerSec" : 65.04787249714668,
    "sentKBytesPerSec" : 1.815723759371955
  },
  "Login-6" : {
    "transaction" : "Login-6",
    "sampleCount" : 999,
    "errorCount" : 379,
    "errorPct" : 37.93794,
    "meanResTime" : 22710.77877877876,
    "medianResTime" : 23572.0,
    "minResTime" : 0.0,
    "maxResTime" : 67010.0,
    "pct1ResTime" : 52782.0,
    "pct2ResTime" : 56260.0,
    "pct3ResTime" : 59024.0,
    "throughput" : 4.466621061526699,
    "receivedKBytesPerSec" : 239.65067915889816,
    "sentKBytesPerSec" : 1.7244268898188762
  },
  "Logout-4" : {
    "transaction" : "Logout-4",
    "sampleCount" : 2093,
    "errorCount" : 541,
    "errorPct" : 25.848064,
    "meanResTime" : 18012.905876731926,
    "medianResTime" : 12104.0,
    "minResTime" : 1.0,
    "maxResTime" : 65864.0,
    "pct1ResTime" : 42263.20000000002,
    "pct2ResTime" : 48291.4,
    "pct3ResTime" : 55692.2,
    "throughput" : 8.208293788678596,
    "receivedKBytesPerSec" : 228.5052192510079,
    "sentKBytesPerSec" : 3.6555315782042936
  },
  "Login-7" : {
    "transaction" : "Login-7",
    "sampleCount" : 999,
    "errorCount" : 375,
    "errorPct" : 37.537537,
    "meanResTime" : 22850.254254254236,
    "medianResTime" : 23605.0,
    "minResTime" : 0.0,
    "maxResTime" : 66367.0,
    "pct1ResTime" : 52482.0,
    "pct2ResTime" : 55951.0,
    "pct3ResTime" : 59834.0,
    "throughput" : 4.497892879011634,
    "receivedKBytesPerSec" : 23.89528016013894,
    "sentKBytesPerSec" : 1.7531905098512408
  },
  "Logout-3" : {
    "transaction" : "Logout-3",
    "sampleCount" : 2093,
    "errorCount" : 525,
    "errorPct" : 25.083612,
    "meanResTime" : 18035.95556617295,
    "medianResTime" : 12225.0,
    "minResTime" : 0.0,
    "maxResTime" : 66498.0,
    "pct1ResTime" : 41625.00000000001,
    "pct2ResTime" : 48298.1,
    "pct3ResTime" : 56212.779999999984,
    "throughput" : 8.20813283606088,
    "receivedKBytesPerSec" : 528.791901601429,
    "sentKBytesPerSec" : 3.645104140930464
  },
  "Login-8" : {
    "transaction" : "Login-8",
    "sampleCount" : 999,
    "errorCount" : 466,
    "errorPct" : 46.64665,
    "meanResTime" : 20555.539539539535,
    "medianResTime" : 17348.0,
    "minResTime" : 0.0,
    "maxResTime" : 85679.0,
    "pct1ResTime" : 52300.0,