{
  "Save Poll" : {
    "transaction" : "Save Poll",
    "sampleCount" : 1000,
    "errorCount" : 0,
    "errorPct" : 0.0,
    "meanResTime" : 37.264000000000024,
    "medianResTime" : 12.0,
    "minResTime" : 9.0,
    "maxResTime" : 1544.0,
    "pct1ResTime" : 22.0,
    "pct2ResTime" : 49.34999999999911,
    "pct3ResTime" : 1177.940000000001,
    "throughput" : 17.31152081710378,
    "receivedKBytesPerSec" : 196.11839863022593,
    "sentKBytesPerSec" : 12.278568066735913
  },
  "Polls" : {
    "transaction" : "Polls",
    "sampleCount" : 1000,
    "errorCount" : 3,
    "errorPct" : 0.3,
    "meanResTime" : 142.59000000000023,
    "medianResTime" : 99.5,
    "minResTime" : 81.0,
    "maxResTime" : 1922.0,
    "pct1ResTime" : 118.0,
    "pct2ResTime" : 321.89999999999986,
    "pct3ResTime" : 1478.3700000000015,
    "throughput" : 16.693654741832628,
    "receivedKBytesPerSec" : 8878.258066686978,
    "sentKBytesPerSec" : 77.66302266789643
  },
  "Save Poll-0" : {
    "transaction" : "Save Poll-0",
    "sampleCount" : 1000,
    "errorCount" : 0,
    "errorPct" : 0.0,
    "meanResTime" : 37.21199999999998,
    "medianResTime" : 12.0,
    "minResTime" : 9.0,
    "maxResTime" : 1544.0,
    "pct1ResTime" : 22.0,
    "pct2ResTime" : 41.74999999999966,
    "pct3ResTime" : 1177.940000000001,
    "throughput" : 17.31152081710378,
    "receivedKBytesPerSec" : 193.90641229550766,
    "sentKBytesPerSec" : 12.239786202717909
  },
  "Show New Poll Form-0" : {
    "transaction" : "Show New Poll Form-0",
    "sampleCount" : 1000,
    "errorCount" : 0,
    "errorPct" : 0.0,
    "meanResTime" : 2.9429999999999965,
    "medianResTime" : 1.0,
    "minResTime" : 0.0,
    "maxResTime" : 241.0,
    "pct1ResTime" : 2.0,
    "pct2ResTime" : 3.0,
    "pct3ResTime" : 58.930000000000064,
    "throughput" : 17.307625739901003,
    "receivedKBytesPerSec" : 20.07955017480702,
    "sentKBytesPerSec" : 8.89044056561321
  },
  "Save Poll-2" : {
    "transaction" : "Save Poll-2",
    "sampleCount" : 1,
    "errorCount" : 0,
    "errorPct" : 0.0,
    "meanResTime" : 6.0,
    "medianResTime" : 6.0,
    "minResTime" : 6.0,
    "maxResTime" : 6.0,
    "pct1ResTime" : 6.0,
    "pct2ResTime" : 6.0,
    "pct3ResTime" : 6.0,
    "throughput" : 166.66666666666666,
    "receivedKBytesPerSec" : 9491.048177083334,
    "sentKBytesPerSec" : 93.42447916666667
  },
  "Save Poll-1" : {
    "transaction" : "Save Poll-1",
    "sampleCount" : 3,
    "errorCount" : 0,
    "errorPct" : 0.0,
    "meanResTime" : 16.0,
    "medianResTime" : 10.0,
    "minResTime" : 7.0,
    "maxResTime" : 31.0,
    "pct1ResTime" : 31.0,
    "pct2ResTime" : 31.0,
    "pct3ResTime" : 31.0,
    "throughput" : 4.716981132075471,
    "receivedKBytesPerSec" : 111.36651189072327,
    "sentKBytesPerSec" : 2.6410180817610063
  },
  "Polls-0" : {
    "transaction" : "Polls-0",
    "sampleCount" : 1000,
    "errorCount" : 0,
    "errorPct" : 0.0,
    "meanResTime" : 8.033,
    "medianResTime" : 4.0,
    "minResTime" : 3.0,
    "maxResTime" : 1202.0,
    "pct1ResTime" : 10.0,
    "pct2ResTime" : 13.0,
    "pct3ResTime" : 77.95000000000005,
    "throughput" : 16.71877351077525,
    "receivedKBytesPerSec" : 184.44302777510742,
    "sentKBytesPerSec" : 8.522656027953788
  },
  "Total" : {
    "transaction" : "Total",
    "sampleCount" : 14004,
    "errorCount" : 7,
    "errorPct" : 0.049985718,
    "meanResTime" : 36.34690088546116,
    "medianResTime" : 4.0,
    "minResTime" : 0.0,
    "maxResTime" : 1922.0,
    "pct1ResTime" : 95.0,
    "pct2ResTime" : 104.0,
    "pct3ResTime" : 395.8000000000029,
    "throughput" : 233.71941653593245,
    "receivedKBytesPerSec" : 18168.9384998039,
    "sentKBytesPerSec" : 196.10772743582896
  },
  "Polls-2" : {
    "transaction" : "Polls-2",
    "sampleCount" : 1000,
    "errorCount" : 0,
    "errorPct" : 0.0,
    "meanResTime" : 126.7530000000002,
    "medianResTime" : 93.0,
    "minResTime" : 71.0,
    "maxResTime" : 1730.0,
    "pct1ResTime" : 111.89999999999998,
    "pct2ResTime" : 247.6999999999996,
    "pct3ResTime" : 1255.4300000000005,
    "throughput" : 16.732481092296364,
    "receivedKBytesPerSec" : 99.90467714677732,
    "sentKBytesPerSec" : 8.823769326015661
  },
  "Show New Poll Form" : {
    "transaction" : "Show New Poll Form",
    "sampleCount" : 1000,
    "errorCount" : 0,
    "errorPct" : 0.0,
    "meanResTime" : 2.9429999999999965,
    "medianResTime" : 1.0,
    "minResTime" : 0.0,
    "maxResTime" : 241.0,
    "pct1ResTime" : 2.0,
    "pct2ResTime" : 3.0,
    "pct3ResTime" : 58.930000000000064,
    "throughput" : 17.307625739901003,
    "receivedKBytesPerSec" : 20.07955017480702,
    "sentKBytesPerSec" : 8.89044056561321
  },
  "Polls-1" : {
    "transaction" : "Polls-1",
    "sampleCount" : 1000,
    "errorCount" : 0,
    "errorPct" : 0.0,
    "meanResTime" : 126.25799999999997,
    "medianResTime" : 87.0,
    "minResTime" : 64.0,
    "maxResTime" : 1775.0,
    "pct1ResTime" : 107.0,
    "pct2ResTime" : 225.79999999999973,
    "pct3ResTime" : 1295.88,
    "throughput" : 16.733321062231223,
    "receivedKBytesPerSec" : 2321.457294472984,
    "sentKBytesPerSec" : 9.069329286658522
  },
  "Polls-4" : {
    "transaction" : "Polls-4",
    "sampleCount" : 1000,
    "errorCount" : 0,
    "errorPct" : 0.0,
    "meanResTime" : 4.897000000000002,
    "medianResTime" : 3.0,
    "minResTime" : 1.0,
    "maxResTime" : 210.0,
    "pct1ResTime" : 7.0,
    "pct2ResTime" : 10.0,
    "pct3ResTime" : 58.97000000000003,
    "throughput" : 16.756874507766813,
    "receivedKBytesPerSec" : 2552.6905518457697,
    "sentKBytesPerSec" : 8.623899282805771
  },
  "Polls-3" : {
    "transaction" : "Polls-3",
    "sampleCount" : 1000,
    "errorCount" : 0,
    "errorPct" : 0.0,
    "meanResTime" : 4.232000000000001,
    "medianResTime" : 3.0,
    "minResTime" : 1.0,
    "maxResTime" : 117.0,
    "pct1ResTime" : 7.0,
    "pct2ResTime" : 9.0,
    "pct3ResTime" : 28.0,
    "throughput" : 16.756874507766813,
    "receivedKBytesPerSec" : 905.6730660472209,
    "sentKBytesPerSec" : 8.525714471236824
  },
  "Polls-6" : {
    "transaction" : "Polls-6",
    "sampleCount" : 1000,
    "errorCount" : 0,
    "errorPct" : 0.0,
    "meanResTime" : 4.581999999999997,
    "medianResTime" : 3.0,
    "minResTime" : 1.0,
    "maxResTime" : 147.0,
    "pct1ResTime" : 7.0,
    "pct2ResTime" : 10.0,
    "pct3ResTime" : 44.950000000000045,
    "throughput" : 16.759121151686802,
    "receivedKBytesPerSec" : 1422.2176454691717,
    "sentKBytesPerSec" : 8.543223868340345
  },
  "Polls-5" : {
    "transaction" : "Polls-5",
    "sampleCount" : 1000,
    "errorCount" : 0,
    "errorPct" : 0.0,
    "meanResTime" : 4.245999999999995,
    "medianResTime" : 3.0,
    "minResTime" : 1.0,
    "maxResTime" : 151.0,
    "pct1ResTime" : 6.0,
    "pct2ResTime" : 10.0,
    "pct3ResTime" : 32.97000000000003,
    "throughput" : 16.758840288252053,
    "receivedKBytesPerSec" : 353.35949283559574,
    "sentKBytesPerSec" : 8.674009133567957
  },
  "Polls-8" : {
    "transaction" : "Polls-8",
    "sampleCount" : 1000,
    "errorCount" : 2,
    "errorPct" : 0.2,
    "meanResTime" : 3.2819999999999965,
    "medianResTime" : 3.0,
    "minResTime" : 0.0,
    "maxResTime" : 61.0,
    "pct1ResTime" : 4.0,
    "pct2ResTime" : 7.0,
    "pct3ResTime" : 31.88000000000011,
    "throughput" : 16.775427354011843,
    "receivedKBytesPerSec" : 953.443536532687,
    "sentKBytesPerSec" : 8.583481603646979
  },
  "Polls-7" : {
    "transaction" : "Polls-7",
    "sampleCount" : 1000,
    "errorCount" : 2,
    "errorPct" : 0.2,
    "meanResTime" : 3.712999999999993,
    "medianResTime" : 3.0,
    "minResTime" : 0.0,
    "maxResTime" : 109.0,
    "pct1ResTime" : 5.0,
    "pct2ResTime" : 7.0,
    "pct3ResTime" : 30.920000000000073,
    "throughput" : 16.762492247347335,
    "receivedKBytesPerSec" : 116.18310914373,
    "sentKBytesPerSec" : 8.560526216537875
  }
}