{
  "Login Welcome-1" : {
    "transaction" : "Login Welcome-1",
    "sampleCount" : 5083,
    "errorCount" : 2766,
    "errorPct" : 54.416683,
    "meanResTime" : 27406.3903206768,
    "medianResTime" : 4719.0,
    "minResTime" : 45.0,
    "maxResTime" : 108600.0,
    "pct1ResTime" : 79998.6,
    "pct2ResTime" : 85972.40000000001,
    "pct3ResTime" : 89249.64,
    "throughput" : 22.001566902856354,
    "receivedKBytesPerSec" : 1226.2767159033606,
    "sentKBytesPerSec" : 6.0428907531630225
  },
  "Login Welcome-0" : {
    "transaction" : "Login Welcome-0",
    "sampleCount" : 5083,
    "errorCount" : 0,
    "errorPct" : 0.0,
    "meanResTime" : 53325.65571512901,
    "medianResTime" : 59462.0,
    "minResTime" : 27.0,
    "maxResTime" : 110183.0,
    "pct1ResTime" : 85110.6,
    "pct2ResTime" : 87183.8,
    "pct3ResTime" : 103398.23999999999,
    "throughput" : 31.88913147130417,
    "receivedKBytesPerSec" : 81.99617496478896,
    "sentKBytesPerSec" : 15.913424005699643
  },
  "Login" : {
    "transaction" : "Login",
    "sampleCount" : 7000,
    "errorCount" : 6233,
    "errorPct" : 89.042854,
    "meanResTime" : 40124.19957142848,
    "medianResTime" : 4811.0,
    "minResTime" : 4017.0,
    "maxResTime" : 209681.0,
    "pct1ResTime" : 146878.7,
    "pct2ResTime" : 151854.4,
    "pct3ResTime" : 179752.74,
    "throughput" : 21.07887715832646,
    "receivedKBytesPerSec" : 1346.5625862210768,
    "sentKBytesPerSec" : 23.19211987350415
  },
  "Login-0" : {
    "transaction" : "Login-0",
    "sampleCount" : 2102,
    "errorCount" : 0,
    "errorPct" : 0.0,
    "meanResTime" : 38321.78496669842,
    "medianResTime" : 43096.0,
    "minResTime" : 887.0,
    "maxResTime" : 97409.0,
    "pct1ResTime" : 75274.90000000001,
    "pct2ResTime" : 80504.79999999999,
    "pct3ResTime" : 89873.58999999995,
    "throughput" : 7.968610800462498,
    "receivedKBytesPerSec" : 3.416230606838903,
    "sentKBytesPerSec" : 5.836384863619993
  },
  "Logout-2" : {
    "transaction" : "Logout-2",
    "sampleCount" : 1925,
    "errorCount" : 245,
    "errorPct" : 12.727273,
    "meanResTime" : 21140.942337662298,
    "medianResTime" : 18715.0,
    "minResTime" : 2.0,
    "maxResTime" : 64626.0,
    "pct1ResTime" : 46904.4,
    "pct2ResTime" : 49547.899999999994,
    "pct3ResTime" : 52155.5,
    "throughput" : 7.495697275070674,
    "receivedKBytesPerSec" : 779.8738786570727,
    "sentKBytesPerSec" : 3.941629447771539
  },
  "Login-1" : {
    "transaction" : "Login-1",
    "sampleCount" : 2102,
    "errorCount" : 172,
    "errorPct" : 8.182683,
    "meanResTime" : 49475.72835394869,
    "medianResTime" : 50335.0,
    "minResTime" : 3.0,
    "maxResTime" : 94114.0,
    "pct1ResTime" : 80334.1,
    "pct2ResTime" : 85695.45,
    "pct3ResTime" : 89858.12999999999,
    "throughput" : 6.847240093164161,
    "receivedKBytesPerSec" : 31.422602336026188,
    "sentKBytesPerSec" : 3.8126926498851734
  },
  "Logout-1" : {
    "transaction" : "Logout-1",
    "sampleCount" : 1969,
    "errorCount" : 44,
    "errorPct" : 2.2346368,
    "meanResTime" : 35744.09141696296,
    "medianResTime" : 34507.0,
    "minResTime" : 3.0,
    "maxResTime" : 88319.0,
    "pct1ResTime" : 60790.0,
    "pct2ResTime" : 66170.0,
    "pct3ResTime" : 77014.69999999998,
    "throughput" : 6.018848257162857,
    "receivedKBytesPerSec" : 16.035955138717792,
    "sentKBytesPerSec" : 2.9766530339549853
  },
  "Login-2" : {
    "transaction" : "Login-2",
    "sampleCount" : 1930,
    "errorCount" : 22,
    "errorPct" : 1.1398964,
    "meanResTime" : 149.63056994818623,
    "medianResTime" : 110.0,
    "minResTime" : 3.0,
    "maxResTime" : 3041.0,
    "pct1ResTime" : 209.9000000000001,
    "pct2ResTime" : 289.89999999999964,
    "pct3ResTime" : 1040.0700000000002,
    "throughput" : 6.363168792118902,
    "receivedKBytesPerSec" : 37.75629115041476,
    "sentKBytesPerSec" : 3.618343915261055
  },
  "Logout-0" : {
    "transaction" : "Logout-0",
    "sampleCount" : 1969,
    "errorCount" : 0,
    "errorPct" : 0.0,
    "meanResTime" : 25645.403758252894,
    "medianResTime" : 21190.0,
    "minResTime" : 30.0,
    "maxResTime" : 90115.0,
    "pct1ResTime" : 54560.0,
    "pct2ResTime" : 63849.5,
    "pct3ResTime" : 85605.4,
    "throughput" : 5.975466899737189,
    "receivedKBytesPerSec" : 2.6324190939155847,
    "sentKBytesPerSec" : 3.369545755263813
  },
  "Login-3" : {
    "transaction" : "Login-3",
    "sampleCount" : 1930,
    "errorCount" : 787,
    "errorPct" : 40.777203,
    "meanResTime" : 28340.931088082893,
    "medianResTime" : 34791.0,
    "minResTime" : 2.0,
    "maxResTime" : 109440.0,
    "pct1ResTime" : 52513.80000000001,
    "pct2ResTime" : 74969.14999999998,
    "pct3ResTime" : 87449.95,
    "throughput" : 5.970555571023316,
    "receivedKBytesPerSec" : 198.5955140497536,
    "sentKBytesPerSec" : 2.196144061308016
  },
  "Login-4" : {
    "transaction" : "Login-4",
    "sampleCount" : 1930,
    "errorCount" : 845,
    "errorPct" : 43.782383,
    "meanResTime" : 26771.767357512894,
    "medianResTime" : 32033.0,
    "minResTime" : 2.0,
    "maxResTime" : 108709.0,
    "pct1ResTime" : 52069.200000000004,
    "pct2ResTime" : 70205.44999999985,
    "pct3ResTime" : 87441.65000000001,
    "throughput" : 5.963618835147654,
    "receivedKBytesPerSec" : 518.6245827108355,
    "sentKBytesPerSec" : 2.101925787321284
  },
  "Login-5" : {
    "transaction" : "Login-5",
    "sampleCount" : 1930,
    "errorCount" : 884,
    "errorPct" : 45.80311,
    "meanResTime" : 25770.07772020723,
    "medianResTime" : 30283.0,
    "minResTime" : 2.0,
    "maxResTime" : 91017.0,
    "pct1ResTime" : 51846.70000000001,
    "pct2ResTime" : 66229.19999999998,
    "pct3ResTime" : 87393.30000000002,
    "throughput" : 5.90246557914503,
    "receivedKBytesPerSec" : 75.56257994514988,
    "sentKBytesPerSec" : 2.014965416674312
  },
  "Login-6" : {
    "transaction" : "Login-6",
    "sampleCount" : 1930,
    "errorCount" : 882,
    "errorPct" : 45.699482,
    "meanResTime" : 25709.34922279795,
    "medianResTime" : 30366.5,
    "minResTime" : 2.0,
    "maxResTime" : 101741.0,
    "pct1ResTime" : 51408.80000000001,
    "pct2ResTime" : 65529.34999999996,
    "pct3ResTime" : 87544.46,
    "throughput" : 5.96898601463484,
    "receivedKBytesPerSec" : 283.2686584452647,
    "sentKBytesPerSec" : 2.0162482835299285
  },
  "Logout-4" : {
    "transaction" : "Logout-4",
    "sampleCount" : 1925,
    "errorCount" : 260,
    "errorPct" : 13.506494,
    "meanResTime" : 20756.298701298685,
    "medianResTime" : 18588.0,
    "minResTime" : 2.0,
    "maxResTime" : 64587.0,
    "pct1ResTime" : 46307.0,
    "pct2ResTime" : 49740.7,
    "pct3ResTime" : 51826.06,
    "throughput" : 7.4957556500475055,
    "receivedKBytesPerSec" : 240.35670199041516,
    "sentKBytesPerSec" : 3.8938039730912104
  },
  "Login-7" : {
    "transaction" : "Login-7",
    "sampleCount" : 1930,
    "errorCount" : 905,
    "errorPct" : 46.891193,
    "meanResTime" : 25026.703108808306,
    "medianResTime" : 29177.5,
    "minResTime" : 2.0,
    "maxResTime" : 100745.0,
    "pct1ResTime" : 51092.4,
    "pct2ResTime" : 62803.849999999926,
    "pct3ResTime" : 86081.52,
    "throughput" : 5.966771574671209,
    "receivedKBytesPerSec" : 30.389148765063776,
    "sentKBytesPerSec" : 1.9774561873179823
  },
  "Logout-3" : {
    "transaction" : "Logout-3",
    "sampleCount" : 1925,
    "errorCount" : 250,
    "errorPct" : 12.987013,
    "meanResTime" : 21039.084675324688,
    "medianResTime" : 18676.0,
    "minResTime" : 2.0,
    "maxResTime" : 66984.0,
    "pct1ResTime" : 46452.200000000004,
    "pct2ResTime" : 49713.4,
    "pct3ResTime" : 52250.36,
    "throughput" : 7.495580527844622,
    "receivedKBytesPerSec" : 557.9037094119182,