{
  "Welcome-3" : {
    "transaction" : "Welcome-3",
    "sampleCount" : 881,
    "errorCount" : 0,
    "errorPct" : 0.0,
    "meanResTime" : 27.70942111237229,
    "medianResTime" : 10.0,
    "minResTime" : 2.0,
    "maxResTime" : 704.0,
    "pct1ResTime" : 69.80000000000007,
    "pct2ResTime" : 104.89999999999998,
    "pct3ResTime" : 174.1199999999983,
    "throughput" : 13.544469213621339,
    "receivedKBytesPerSec" : 771.5453454099085,
    "sentKBytesPerSec" : 8.147844761319087
  },
  "Registration" : {
    "transaction" : "Registration",
    "sampleCount" : 3000,
    "errorCount" : 2119,
    "errorPct" : 70.63333,
    "meanResTime" : 2910.908666666669,
    "medianResTime" : 2375.0,
    "minResTime" : 6.0,
    "maxResTime" : 6177.0,
    "pct1ResTime" : 4999.0,
    "pct2ResTime" : 5251.95,
    "pct3ResTime" : 5970.799999999974,
    "throughput" : 44.88061755729759,
    "receivedKBytesPerSec" : 137.68330342850518,
    "sentKBytesPerSec" : 19.084606041679134
  },
  "Total" : {
    "transaction" : "Total",
    "sampleCount" : 10405,
    "errorCount" : 4238,
    "errorPct" : 40.73042,
    "meanResTime" : 2404.8085535800064,
    "medianResTime" : 1700.0,
    "minResTime" : 2.0,
    "maxResTime" : 6788.0,
    "pct1ResTime" : 4961.0,
    "pct2ResTime" : 5260.399999999998,
    "pct3ResTime" : 6021.9400000000005,
    "throughput" : 150.36996358170992,
    "receivedKBytesPerSec" : 7680.05270185867,
    "sentKBytesPerSec" : 84.06016175971155
  },
  "Welcome" : {
    "transaction" : "Welcome",
    "sampleCount" : 3000,
    "errorCount" : 2119,
    "errorPct" : 70.63333,
    "meanResTime" : 4160.165666666665,
    "medianResTime" : 4688.0,
    "minResTime" : 333.0,
    "maxResTime" : 6788.0,
    "pct1ResTime" : 5447.8,
    "pct2ResTime" : 5703.95,
    "pct3ResTime" : 6417.99,
    "throughput" : 44.768769306531766,
    "receivedKBytesPerSec" : 3917.065461384139,
    "sentKBytesPerSec" : 28.630881263896974
  },
  "Welcome-0" : {
    "transaction" : "Welcome-0",
    "sampleCount" : 881,
    "errorCount" : 0,
    "errorPct" : 0.0,
    "meanResTime" : 1722.6810442678782,
    "medianResTime" : 1573.0,
    "minResTime" : 4.0,
    "maxResTime" : 5346.0,
    "pct1ResTime" : 3788.2000000000007,
    "pct2ResTime" : 4282.9,
    "pct3ResTime" : 5162.18,
    "throughput" : 13.522224950884086,
    "receivedKBytesPerSec" : 45.29417146634025,
    "sentKBytesPerSec" : 6.800728368852837
  },
  "Welcome-1" : {
    "transaction" : "Welcome-1",
    "sampleCount" : 881,
    "errorCount" : 0,
    "errorPct" : 0.0,
    "meanResTime" : 479.29965947786593,
    "medianResTime" : 341.0,
    "minResTime" : 94.0,
    "maxResTime" : 3043.0,
    "pct1ResTime" : 1189.4,
    "pct2ResTime" : 1386.6,
    "pct3ResTime" : 2238.08,
    "throughput" : 13.508540586954522,
    "receivedKBytesPerSec" : 1926.0468406201123,
    "sentKBytesPerSec" : 7.281947660155171
  },
  "Welcome-2" : {
    "transaction" : "Welcome-2",
    "sampleCount" : 881,
    "errorCount" : 0,
    "errorPct" : 0.0,
    "meanResTime" : 631.4551645856991,
    "medianResTime" : 469.0,
    "minResTime" : 157.0,
    "maxResTime" : 3042.0,
    "pct1ResTime" : 1349.4,
    "pct2ResTime" : 1591.8,
    "pct3ResTime" : 2245.3599999999997,
    "throughput" : 13.491164129735688,
    "receivedKBytesPerSec" : 1192.8086285642091,
    "sentKBytesPerSec" : 7.206705838833419
  },
  "Registration-0" : {
    "transaction" : "Registration-0",
    "sampleCount" : 881,
    "errorCount" : 0,
    "errorPct" : 0.0,
    "meanResTime" : 1462.1350737797934,
    "medianResTime" : 1319.0,
    "minResTime" : 478.0,
    "maxResTime" : 3630.0,
    "pct1ResTime" : 2453.8000000000025,
    "pct2ResTime" : 2768.5,
    "pct3ResTime" : 3551.08,
    "throughput" : 13.817657115073951,
    "receivedKBytesPerSec" : 48.577700795181855,
    "sentKBytesPerSec" : 11.037933125127433
  }
}