{
  "Save Poll" : {
    "transaction" : "Save Poll",
    "sampleCount" : 5000,
    "errorCount" : 2826,
    "errorPct" : 56.52,
    "meanResTime" : 473.0040000000008,
    "medianResTime" : 102.5,
    "minResTime" : 2.0,
    "maxResTime" : 9780.0,
    "pct1ResTime" : 1156.0,
    "pct2ResTime" : 2208.0,
    "pct3ResTime" : 6996.959999999999,
    "throughput" : 76.66712666942668,
    "receivedKBytesPerSec" : 3908.433156328105,
    "sentKBytesPerSec" : 65.37206736261251
  },
  "Polls" : {
    "transaction" : "Polls",
    "sampleCount" : 5000,
    "errorCount" : 2937,
    "errorPct" : 58.74,
    "meanResTime" : 1844.1879999999976,
    "medianResTime" : 394.5,
    "minResTime" : 2.0,
    "maxResTime" : 27979.0,
    "pct1ResTime" : 5942.300000000004,
    "pct2ResTime" : 7161.699999999999,
    "pct3ResTime" : 10634.719999999994,
    "throughput" : 73.24504863471229,
    "receivedKBytesPerSec" : 18489.482282823854,
    "sentKBytesPerSec" : 161.14820540475216
  },
  "Save Poll-0" : {
    "transaction" : "Save Poll-0",
    "sampleCount" : 3333,
    "errorCount" : 0,
    "errorPct" : 0.0,
    "meanResTime" : 388.4554455445548,
    "medianResTime" : 98.0,
    "minResTime" : 10.0,
    "maxResTime" : 6243.0,
    "pct1ResTime" : 836.5999999999999,
    "pct2ResTime" : 1632.0999999999954,
    "pct3ResTime" : 5044.879999999997,
    "throughput" : 53.73726299496969,
    "receivedKBytesPerSec" : 602.7407390939394,
    "sentKBytesPerSec" : 37.99392422691216
  },
  "Show New Poll Form-0" : {
    "transaction" : "Show New Poll Form-0",
    "sampleCount" : 3004,
    "errorCount" : 0,
    "errorPct" : 0.0,
    "meanResTime" : 211.39247669773627,
    "medianResTime" : 3.0,
    "minResTime" : 0.0,
    "maxResTime" : 5647.0,
    "pct1ResTime" : 111.5,
    "pct2ResTime" : 1110.5,
    "pct3ResTime" : 4829.849999999996,
    "throughput" : 48.41257050765511,
    "receivedKBytesPerSec" : 56.16614625302176,
    "sentKBytesPerSec" : 24.868175866236907
  },
  "Show New Poll Form-1" : {
    "transaction" : "Show New Poll Form-1",
    "sampleCount" : 483,
    "errorCount" : 78,
    "errorPct" : 16.149069,
    "meanResTime" : 891.3995859213261,
    "medianResTime" : 382.0,
    "minResTime" : 3.0,
    "maxResTime" : 5835.0,
    "pct1ResTime" : 2507.400000000001,
    "pct2ResTime" : 3167.599999999999,
    "pct3ResTime" : 4298.199999999999,
    "throughput" : 7.921279212792127,
    "receivedKBytesPerSec" : 924.9425673944239,
    "sentKBytesPerSec" : 3.5999481088560885
  },
  "Save Poll-2" : {
    "transaction" : "Save Poll-2",
    "sampleCount" : 1221,
    "errorCount" : 457,
    "errorPct" : 37.428337,
    "meanResTime" : 293.47665847665854,
    "medianResTime" : 33.0,
    "minResTime" : 2.0,
    "maxResTime" : 6046.0,
    "pct1ResTime" : 1023.3999999999994,
    "pct2ResTime" : 1621.0,
    "pct3ResTime" : 3731.5799999999954,
    "throughput" : 38.89897734875275,
    "receivedKBytesPerSec" : 961.7146992676575,
    "sentKBytesPerSec" : 13.789259125410176
  },
  "Save Poll-1" : {
    "transaction" : "Save Poll-1",
    "sampleCount" : 1265,
    "errorCount" : 273,
    "errorPct" : 21.581028,
    "meanResTime" : 522.9691699604746,
    "medianResTime" : 140.0,
    "minResTime" : 1.0,
    "maxResTime" : 6530.0,
    "pct1ResTime" : 1720.0000000000036,
    "pct2ResTime" : 2546.1000000000004,
    "pct3ResTime" : 3930.939999999984,
    "throughput" : 19.674935842600515,
    "receivedKBytesPerSec" : 1158.6705292742438,
    "sentKBytesPerSec" : 8.889080605023718
  },
  "Polls-0" : {
    "transaction" : "Polls-0",
    "sampleCount" : 2622,
    "errorCount" : 0,
    "errorPct" : 0.0,
    "meanResTime" : 392.66094584286816,
    "medianResTime" : 9.0,
    "minResTime" : 2.0,
    "maxResTime" : 7219.0,
    "pct1ResTime" : 567.8000000000011,
    "pct2ResTime" : 4257.85,
    "pct3ResTime" : 5704.869999999997,
    "throughput" : 40.498586719799825,
    "receivedKBytesPerSec" : 431.06810895579446,
    "sentKBytesPerSec" : 20.64478737083546
  },
  "Total" : {
    "transaction" : "Total",
    "sampleCount" : 53055,
    "errorCount" : 14524,
    "errorPct" : 27.375364,
    "meanResTime" : 581.5521628498759,
    "medianResTime" : 41.0,
    "minResTime" : 0.0,
    "maxResTime" : 27979.0,
    "pct1ResTime" : 1178.0,
    "pct2ResTime" : 3779.0,
    "pct3ResTime" : 6717.840000000026,
    "throughput" : 742.2667431481456,
    "receivedKBytesPerSec" : 44053.96601846135,
    "sentKBytesPerSec" : 476.4209006918309
  },
  "Polls-2" : {
    "transaction" : "Polls-2",
    "sampleCount" : 2622,
    "errorCount" : 99,
    "errorPct" : 3.7757437,
    "meanResTime" : 2190.841342486656,
    "medianResTime" : 1394.0,
    "minResTime" : 6.0,
    "maxResTime" : 25251.0,
    "pct1ResTime" : 5552.600000000002,
    "pct2ResTime" : 6452.799999999997,
    "pct3ResTime" : 12296.319999999998,
    "throughput" : 38.59855733843663,
    "receivedKBytesPerSec" : 225.75047095815543,
    "sentKBytesPerSec" : 19.586166366112174
  },
  "Show New Poll Form" : {
    "transaction" : "Show New Poll Form",
    "sampleCount" : 5000,
    "errorCount" : 2074,
    "errorPct" : 41.48,
    "meanResTime" : 246.82999999999996,
    "medianResTime" : 11.0,
    "minResTime" : 0.0,
    "maxResTime" : 9516.0,
    "pct1ResTime" : 320.0,
    "pct2ResTime" : 1247.5999999999985,
    "pct3ResTime" : 5457.879999999997,
    "throughput" : 80.58017727639002,
    "receivedKBytesPerSec" : 1044.2925627014504,
    "sentKBytesPerSec" : 28.40575581688155
  },
  "Save Poll-8" : {
    "transaction" : "Save Poll-8",
    "sampleCount" : 390,
    "errorCount" : 334,
    "errorPct" : 85.64103,
    "meanResTime" : 77.72307692307695,
    "medianResTime" : 19.0,
    "minResTime" : 3.0,
    "maxResTime" : 5167.0,
    "pct1ResTime" : 90.80000000000007,
    "pct2ResTime" : 168.0,
    "pct3ResTime" : 1560.4999999999186,
    "throughput" : 14.108964619057955,
    "receivedKBytesPerSec" : 146.55467958631792,
    "sentKBytesPerSec" : 1.1356133781926054
  },
  "Polls-1" : {
    "transaction" : "Polls-1",
    "sampleCount" : 2622,
    "errorCount" : 99,
    "errorPct" : 3.7757437,
    "meanResTime" : 2473.3146453089203,
    "medianResTime" : 1958.5,
    "minResTime" : 3.0,
    "maxResTime" : 27973.0,
    "pct1ResTime" : 5493.600000000002,
    "pct2ResTime" : 6919.749999999996,
    "pct3ResTime" : 9763.199999999999,
    "throughput" : 38.55768947972118,
    "receivedKBytesPerSec" : 5151.252071400474,
    "sentKBytesPerSec" : 20.108912812306993
  },
  "Save Poll-7" : {
    "transaction" : "Save Poll-7",
    "sampleCount" : 716,
    "errorCount" : 607,
    "errorPct" : 84.776535,
    "meanResTime" : 98.86033519553072,
    "medianResTime" : 21.0,
    "minResTime" : 3.0,
    "maxResTime" : 5155.0,
    "pct1ResTime" : 105.60000000000014,
    "pct2ResTime" : 220.49999999999977,
    "pct3ResTime" : 3968.900000000075,
    "throughput" : 23.99544220650826,
    "receivedKBytesPerSec" : 168.35608259115588,
    "sentKBytesPerSec" : 2.0458426367338047
  },
  "Polls-4" : {
    "transaction" : "Polls-4",
    "sampleCount" : 2622,
    "errorCount" : 333,
    "errorPct" : 12.700229,
    "meanResTime" : 59.24599542334102,
    "medianResTime" : 14.0,
    "minResTime" : 2.0,
    "maxResTime" : 5161.0,
    "pct1ResTime" : 147.0,
    "pct2ResTime" : 226.69999999999982,
    "pct3ResTime" : 410.8499999999999,
    "throughput" : 40.658096729674824,
    "receivedKBytesPerSec" : 5418.076735349246,
    "sentKBytesPerSec" : 18.26715057509808
  },
  "Polls-3" : {
    "transaction" : "Polls-3",
    "sampleCount" : 2622,
    "errorCount" : 231,
    "errorPct" : 8.810069,
    "meanResTime" : 50.1243325705568,
    "medianResTime" : 13.0,
    "minResTime" : 2.0,
    "maxResTime" : 2573.0,
    "pct1ResTime" : 147.0,
    "pct2ResTime" : 228.0,
    "pct3ResTime" : 421.8499999999999,
    "throughput" : 40.56311881188119,
    "receivedKBytesPerSec" : 2008.4256918123453,
    "sentKBytesPerSec" : 18.819842952312808
  },
  "Polls-6" : {
    "transaction" : "Polls-6",
    "sampleCount" : 2622,
    "errorCount" : 366,