{
  "Session Test" : {
    "transaction" : "Session Test",
    "sampleCount" : 19875,
    "errorCount" : 1,
    "errorPct" : 0.0050314465,
    "meanResTime" : 338.01222641509816,
    "medianResTime" : 363.0,
    "minResTime" : 15.0,
    "maxResTime" : 926.0,
    "pct1ResTime" : 495.0,
    "pct2ResTime" : 519.0,
    "pct3ResTime" : 575.0,
    "throughput" : 161.49739572753052,
    "receivedKBytesPerSec" : 61952.58450903522,
    "sentKBytesPerSec" : 742.1894203208416
  },
  "Login Welcome-1" : {
    "transaction" : "Login Welcome-1",
    "sampleCount" : 100,
    "errorCount" : 0,
    "errorPct" : 0.0,
    "meanResTime" : 50.61,
    "medianResTime" : 51.0,
    "minResTime" : 4.0,
    "maxResTime" : 131.0,
    "pct1ResTime" : 94.70000000000002,
    "pct2ResTime" : 102.0,
    "pct3ResTime" : 130.7899999999999,
    "throughput" : 1.6675282229151729,
    "receivedKBytesPerSec" : 198.16390812336374,
    "sentKBytesPerSec" : 1.0047508921275992
  },
  "Login Welcome-0" : {
    "transaction" : "Login Welcome-0",
    "sampleCount" : 100,
    "errorCount" : 0,
    "errorPct" : 0.0,
    "meanResTime" : 36.97000000000001,
    "medianResTime" : 31.5,
    "minResTime" : 2.0,
    "maxResTime" : 129.0,
    "pct1ResTime" : 72.0,
    "pct2ResTime" : 78.84999999999997,
    "pct3ResTime" : 128.82999999999993,
    "throughput" : 1.669198284064164,
    "receivedKBytesPerSec" : 4.291991290957953,
    "sentKBytesPerSec" : 0.8329690655828006
  },
  "Login-0" : {
    "transaction" : "Login-0",
    "sampleCount" : 100,
    "errorCount" : 0,
    "errorPct" : 0.0,
    "meanResTime" : 444.62,
    "medianResTime" : 427.5,
    "minResTime" : 165.0,
    "maxResTime" : 757.0,
    "pct1ResTime" : 662.8,
    "pct2ResTime" : 700.2999999999998,
    "pct3ResTime" : 756.7099999999998,
    "throughput" : 1.6609088493223492,
    "receivedKBytesPerSec" : 0.7120497898950305,
    "sentKBytesPerSec" : 1.2164859736247675
  },
  "Login-1" : {
    "transaction" : "Login-1",
    "sampleCount" : 100,
    "errorCount" : 0,
    "errorPct" : 0.0,
    "meanResTime" : 78.52999999999996,
    "medianResTime" : 78.0,
    "minResTime" : 4.0,
    "maxResTime" : 253.0,
    "pct1ResTime" : 161.60000000000002,
    "pct2ResTime" : 178.84999999999997,
    "pct3ResTime" : 252.67999999999984,
    "throughput" : 1.6611295681063123,
    "receivedKBytesPerSec" : 7.823855377906976,
    "sentKBytesPerSec" : 1.0073842400332225
  },
  "Login-2" : {
    "transaction" : "Login-2",
    "sampleCount" : 100,
    "errorCount" : 0,
    "errorPct" : 0.0,
    "meanResTime" : 203.77999999999997,
    "medianResTime" : 179.0,
    "minResTime" : 105.0,
    "maxResTime" : 838.0,
    "pct1ResTime" : 282.20000000000016,
    "pct2ResTime" : 328.95,
    "pct3ResTime" : 837.7299999999999,
    "throughput" : 1.6564518800728838,
    "receivedKBytesPerSec" : 9.890182416763293,
    "sentKBytesPerSec" : 0.952783356799735
  },
  "Login-3" : {
    "transaction" : "Login-3",
    "sampleCount" : 100,
    "errorCount" : 0,
    "errorPct" : 0.0,
    "meanResTime" : 55.72000000000001,
    "medianResTime" : 53.0,
    "minResTime" : 4.0,
    "maxResTime" : 167.0,
    "pct1ResTime" : 109.80000000000001,
    "pct2ResTime" : 140.29999999999984,
    "pct3ResTime" : 166.85999999999993,
    "throughput" : 1.6567537566891435,
    "receivedKBytesPerSec" : 89.9549337091403,
    "sentKBytesPerSec" : 1.0289994035686476
  },
  "Login-4" : {
    "transaction" : "Login-4",
    "sampleCount" : 100,
    "errorCount" : 0,
    "errorPct" : 0.0,
    "meanResTime" : 55.95999999999998,
    "medianResTime" : 55.0,
    "minResTime" : 4.0,
    "maxResTime" : 175.0,
    "pct1ResTime" : 107.80000000000001,
    "pct2ResTime" : 121.74999999999994,
    "pct3ResTime" : 174.7799999999999,
    "throughput" : 1.6565341991485414,
    "receivedKBytesPerSec" : 252.76220606871306,
    "sentKBytesPerSec" : 1.0385692928255503
  },
  "Session Test-5" : {
    "transaction" : "Session Test-5",
    "sampleCount" : 19875,
    "errorCount" : 1,
    "errorPct" : 0.0050314465,
    "meanResTime" : 68.24000000000031,
    "medianResTime" : 71.0,
    "minResTime" : 4.0,
    "maxResTime" : 516.0,
    "pct1ResTime" : 110.0,
    "pct2ResTime" : 123.0,
    "pct3ResTime" : 151.0,
    "throughput" : 161.5131445288692,
    "receivedKBytesPerSec" : 13746.842168834564,
    "sentKBytesPerSec" : 92.73920960139775
  },
  "Login-5" : {
    "transaction" : "Login-5",
    "sampleCount" : 100,
    "errorCount" : 0,
    "errorPct" : 0.0,
    "meanResTime" : 54.06,
    "medianResTime" : 50.0,
    "minResTime" : 4.0,
    "maxResTime" : 163.0,
    "pct1ResTime" : 105.9,
    "pct2ResTime" : 115.84999999999997,
    "pct3ResTime" : 162.65999999999983,
    "throughput" : 1.6569184630424336,
    "receivedKBytesPerSec" : 35.34705451675973,
    "sentKBytesPerSec" : 1.0436644615843453
  },
  "Session Test-6" : {
    "transaction" : "Session Test-6",
    "sampleCount" : 19875,
    "errorCount" : 0,
    "errorPct" : 0.0,
    "meanResTime" : 67.40347169811292,
    "medianResTime" : 70.0,
    "minResTime" : 2.0,
    "maxResTime" : 514.0,
    "pct1ResTime" : 110.0,
    "pct2ResTime" : 122.0,
    "pct3ResTime" : 153.0,
    "throughput" : 161.51576962772137,
    "receivedKBytesPerSec" : 1162.2863185730946,
    "sentKBytesPerSec" : 93.06084382847229
  },
  "Login-6" : {
    "transaction" : "Login-6",
    "sampleCount" : 100,
    "errorCount" : 0,
    "errorPct" : 0.0,
    "meanResTime" : 56.39,
    "medianResTime" : 50.5,
    "minResTime" : 5.0,
    "maxResTime" : 211.0,
    "pct1ResTime" : 105.0,
    "pct2ResTime" : 130.69999999999993,
    "pct3ResTime" : 210.42999999999972,
    "throughput" : 1.6573853089366217,
    "receivedKBytesPerSec" : 141.07197610050386,
    "sentKBytesPerSec" : 1.0310101970631134
  },
  "Session Test-7" : {
    "transaction" : "Session Test-7",
    "sampleCount" : 19875,
    "errorCount" : 0,
    "errorPct" : 0.0,
    "meanResTime" : 67.49745911949641,
    "medianResTime" : 70.0,
    "minResTime" : 3.0,
    "maxResTime" : 517.0,
    "pct1ResTime" : 110.0,
    "pct2ResTime" : 122.0,
    "pct3ResTime" : 151.0,
    "throughput" : 161.51576962772137,
    "receivedKBytesPerSec" : 9238.868054123528,
    "sentKBytesPerSec" : 93.21857407224935
  },
  "Login-7" : {
    "transaction" : "Login-7",
    "sampleCount" : 100,
    "errorCount" : 0,
    "errorPct" : 0.0,
    "meanResTime" : 55.50999999999999,
    "medianResTime" : 51.0,
    "minResTime" : 4.0,
    "maxResTime" : 221.0,
    "pct1ResTime" : 106.9,
    "pct2ResTime" : 113.0,
    "pct3ResTime" : 220.09999999999954,
    "throughput" : 1.657742486282181,
    "receivedKBytesPerSec" : 11.929594122474015,
    "sentKBytesPerSec" : 1.034470164779603
  },
  "Login-8" : {
    "transaction" : "Login-8",
    "sampleCount" : 100,
    "errorCount" : 0,
    "errorPct" : 0.0,
    "meanResTime" : 61.69999999999999,
    "medianResTime" : 55.0,
    "minResTime" : 4.0,
    "maxResTime" : 211.0,
    "pct1ResTime" : 126.50000000000003,
    "pct2ResTime" : 162.5499999999999,
    "pct3ResTime" : 210.8099999999999,
    "throughput" : 1.6545881730037395,
    "receivedKBytesPerSec" : 94.64438246632913,
    "sentKBytesPerSec" : 1.034117608127337
  },
  "Session Test-1" : {
    "transaction" : "Session Test-1",
    "sampleCount" : 19875,
    "errorCount" : 0,
    "errorPct" : 0.0,
    "meanResTime" : 104.59038993710669,
    "medianResTime" : 112.0,
    "minResTime" : 3.0,
    "maxResTime" : 576.0,
    "pct1ResTime" : 167.0,
    "pct2ResTime" : 181.0,
    "pct3ResTime" : 215.0,
    "throughput" : 161.51183201144195,
    "receivedKBytesPerSec" : 894.7422740332654,
    "sentKBytesPerSec" : 91.00813190488476
  },
  "Session Test-2" : {
    "transaction" : "Session Test-2",
    "sampleCount" : 19875,
    "errorCount" : 0,
    "errorPct" : 0.0,
    "meanResTime" : 67.14681761006266,
    "medianResTime" : 70.0,
    "minResTime" : 3.0,
    "maxResTime" : 524.0,
    "pct1ResTime" : 109.0,
    "pct2ResTime" : 121.0,
    "pct3ResTime" : 148.0,
    "throughput" : 161.5131445288692,