{
  "Login Welcome-1" : {
    "transaction" : "Login Welcome-1",
    "sampleCount" : 1500,
    "errorCount" : 0,
    "errorPct" : 0.0,
    "meanResTime" : 5062.804666666668,
    "medianResTime" : 4600.5,
    "minResTime" : 9.0,
    "maxResTime" : 13084.0,
    "pct1ResTime" : 9506.7,
    "pct2ResTime" : 10309.95,
    "pct3ResTime" : 12239.82,
    "throughput" : 20.326855841938368,
    "receivedKBytesPerSec" : 2415.5808208492563,
    "sentKBytesPerSec" : 12.307275998048622
  },
  "Login Welcome-0" : {
    "transaction" : "Login Welcome-0",
    "sampleCount" : 1500,
    "errorCount" : 0,
    "errorPct" : 0.0,
    "meanResTime" : 4297.217333333336,
    "medianResTime" : 3546.0,
    "minResTime" : 7.0,
    "maxResTime" : 13017.0,
    "pct1ResTime" : 8754.9,
    "pct2ResTime" : 8927.9,
    "pct3ResTime" : 13004.0,
    "throughput" : 23.68957185047142,
    "receivedKBytesPerSec" : 60.91273699442505,
    "sentKBytesPerSec" : 11.891054620256163
  },
  "Login" : {
    "transaction" : "Login",
    "sampleCount" : 1500,
    "errorCount" : 70,
    "errorPct" : 4.6666665,
    "meanResTime" : 20407.82133333336,
    "medianResTime" : 21480.5,
    "minResTime" : 6436.0,
    "maxResTime" : 38227.0,
    "pct1ResTime" : 29696.2,
    "pct2ResTime" : 31739.800000000003,
    "pct3ResTime" : 35453.17,
    "throughput" : 16.48768370027589,
    "receivedKBytesPerSec" : 6370.287152333144,
    "sentKBytesPerSec" : 93.76663796206734
  },
  "Login-0" : {
    "transaction" : "Login-0",
    "sampleCount" : 1500,
    "errorCount" : 0,
    "errorPct" : 0.0,
    "meanResTime" : 7448.6693333333305,
    "medianResTime" : 5867.0,
    "minResTime" : 3177.0,
    "maxResTime" : 19263.0,
    "pct1ResTime" : 16246.100000000148,
    "pct2ResTime" : 18190.7,
    "pct3ResTime" : 18745.760000000002,
    "throughput" : 17.753160062491123,
    "receivedKBytesPerSec" : 7.6109738939781275,
    "sentKBytesPerSec" : 13.540251961724186
  },
  "Logout-2" : {
    "transaction" : "Logout-2",
    "sampleCount" : 1500,
    "errorCount" : 0,
    "errorPct" : 0.0,
    "meanResTime" : 3680.1433333333393,
    "medianResTime" : 2701.5,
    "minResTime" : 450.0,
    "maxResTime" : 15593.0,
    "pct1ResTime" : 8671.2,
    "pct2ResTime" : 10062.95,
    "pct3ResTime" : 14753.54,
    "throughput" : 19.611688566385567,
    "receivedKBytesPerSec" : 2330.5925487840755,
    "sentKBytesPerSec" : 11.87426456167876
  },
  "Login-1" : {
    "transaction" : "Login-1",
    "sampleCount" : 1500,
    "errorCount" : 0,
    "errorPct" : 0.0,
    "meanResTime" : 6067.902666666671,
    "medianResTime" : 5408.5,
    "minResTime" : 270.0,
    "maxResTime" : 15513.0,
    "pct1ResTime" : 11002.7,
    "pct2ResTime" : 12230.150000000001,
    "pct3ResTime" : 14845.86,
    "throughput" : 18.02169812454195,
    "receivedKBytesPerSec" : 84.88149419400958,
    "sentKBytesPerSec" : 10.98197229464275
  },
  "Logout-1" : {
    "transaction" : "Logout-1",
    "sampleCount" : 1500,
    "errorCount" : 0,
    "errorPct" : 0.0,
    "meanResTime" : 4199.518000000009,
    "medianResTime" : 3504.5,
    "minResTime" : 791.0,
    "maxResTime" : 15817.0,
    "pct1ResTime" : 8938.9,
    "pct2ResTime" : 10957.100000000006,
    "pct3ResTime" : 14829.2,
    "throughput" : 19.402154932674524,
    "receivedKBytesPerSec" : 51.49907920606382,
    "sentKBytesPerSec" : 9.87160421867522
  },
  "Login-2" : {
    "transaction" : "Login-2",
    "sampleCount" : 1500,
    "errorCount" : 0,
    "errorPct" : 0.0,
    "meanResTime" : 935.0919999999995,
    "medianResTime" : 111.0,
    "minResTime" : 77.0,
    "maxResTime" : 9587.0,
    "pct1ResTime" : 3594.1000000000035,
    "pct2ResTime" : 5750.050000000001,
    "pct3ResTime" : 8431.98,
    "throughput" : 18.100857980668284,
    "receivedKBytesPerSec" : 109.73645150780148,
    "sentKBytesPerSec" : 10.464558520073851
  },
  "Logout-0" : {
    "transaction" : "Logout-0",
    "sampleCount" : 1500,
    "errorCount" : 0,
    "errorPct" : 0.0,
    "meanResTime" : 2764.2193333333307,
    "medianResTime" : 1213.5,
    "minResTime" : 31.0,
    "maxResTime" : 15725.0,
    "pct1ResTime" : 8303.500000000011,
    "pct2ResTime" : 11350.9,
    "pct3ResTime" : 13506.99,
    "throughput" : 19.55441995072286,
    "receivedKBytesPerSec" : 8.631443181373763,
    "sentKBytesPerSec" : 11.094841788447248
  },
  "Login-3" : {
    "transaction" : "Login-3",
    "sampleCount" : 1500,
    "errorCount" : 0,
    "errorPct" : 0.0,
    "meanResTime" : 5726.699333333328,
    "medianResTime" : 3967.5,
    "minResTime" : 528.0,
    "maxResTime" : 15761.0,
    "pct1ResTime" : 12113.000000000004,
    "pct2ResTime" : 12872.95,
    "pct3ResTime" : 15272.89,
    "throughput" : 17.63150161622098,
    "receivedKBytesPerSec" : 957.3182210549514,
    "sentKBytesPerSec" : 11.002470246841023
  },
  "Login-4" : {
    "transaction" : "Login-4",
    "sampleCount" : 1500,
    "errorCount" : 0,
    "errorPct" : 0.0,
    "meanResTime" : 5735.010666666668,
    "medianResTime" : 3973.0,
    "minResTime" : 456.0,
    "maxResTime" : 15738.0,
    "pct1ResTime" : 12118.5,
    "pct2ResTime" : 12870.850000000002,
    "pct3ResTime" : 15317.82,
    "throughput" : 17.645398080180687,
    "receivedKBytesPerSec" : 2692.422376791008,
    "sentKBytesPerSec" : 11.114532970426314
  },
  "Login-5" : {
    "transaction" : "Login-5",
    "sampleCount" : 1500,
    "errorCount" : 1,
    "errorPct" : 0.06666667,
    "meanResTime" : 5732.797333333337,
    "medianResTime" : 3977.0,
    "minResTime" : 1.0,
    "maxResTime" : 15608.0,
    "pct1ResTime" : 12107.600000000002,
    "pct2ResTime" : 12973.850000000002,
    "pct3ResTime" : 15338.99,
    "throughput" : 17.639173075566216,
    "receivedKBytesPerSec" : 376.0754727849609,
    "sentKBytesPerSec" : 11.154847685740492
  },
  "Login-6" : {
    "transaction" : "Login-6",
    "sampleCount" : 1500,
    "errorCount" : 0,
    "errorPct" : 0.0,
    "meanResTime" : 5825.31466666667,
    "medianResTime" : 3969.5,
    "minResTime" : 661.0,
    "maxResTime" : 15731.0,
    "pct1ResTime" : 12452.600000000002,
    "pct2ResTime" : 13466.400000000001,
    "pct3ResTime" : 15317.85,
    "throughput" : 17.646851213515134,
    "receivedKBytesPerSec" : 1502.0503435253702,
    "sentKBytesPerSec" : 11.029282008446959
  },
  "Logout-4" : {
    "transaction" : "Logout-4",
    "sampleCount" : 1500,
    "errorCount" : 0,
    "errorPct" : 0.0,
    "meanResTime" : 3688.0739999999983,
    "medianResTime" : 2835.5,
    "minResTime" : 463.0,
    "maxResTime" : 15631.0,
    "pct1ResTime" : 8664.1,
    "pct2ResTime" : 9966.400000000001,
    "pct3ResTime" : 14754.900000000001,
    "throughput" : 19.61297071129707,
    "receivedKBytesPerSec" : 719.148643844796,
    "sentKBytesPerSec" : 11.836734276935147
  },
  "Login-7" : {
    "transaction" : "Login-7",
    "sampleCount" : 1500,
    "errorCount" : 0,
    "errorPct" : 0.0,
    "meanResTime" : 5852.26200000001,
    "medianResTime" : 3976.0,
    "minResTime" : 454.0,
    "maxResTime" : 15742.0,
    "pct1ResTime" : 12477.600000000002,
    "pct2ResTime" : 13653.65,
    "pct3ResTime" : 15385.560000000001,
    "throughput" : 17.634196233335686,
    "receivedKBytesPerSec" : 126.90077347993228,
    "sentKBytesPerSec" : 11.055814435353037
  },
  "Logout-3" : {
    "transaction" : "Logout-3",
    "sampleCount" : 1500,
    "errorCount" : 0,
    "errorPct" : 0.0,
    "meanResTime" : 3693.8199999999983,
    "medianResTime" : 2844.5,
    "minResTime" : 388.0,
    "maxResTime" : 15590.0,
    "pct1ResTime" : 8715.8,
    "pct2ResTime" : 10155.700000000003,
    "pct3ResTime" : 14778.0,
    "throughput" : 19.610406589096616,
    "receivedKBytesPerSec" : 1669.87208295202,
    "sentKBytesPerSec" : 11.681980487645445
  },
  "Login-8" : {
    "transaction" : "Login-8",
    "sampleCount" : 1500,
    "errorCount" : 70,
    "errorPct" : 4.6666665,
    "meanResTime" : 5981.004666666668,
    "medianResTime" : 3966.0,
    "minResTime" : 0.0,
    "maxResTime" : 19514.0,
    "pct1ResTime" : 13523.9,
    "pct2ResTime" : 14921.85,