{
  "Welcome-3" : {
    "transaction" : "Welcome-3",
    "sampleCount" : 4883,
    "errorCount" : 565,
    "errorPct" : 11.570756,
    "meanResTime" : 240.99139873028852,
    "medianResTime" : 192.0,
    "minResTime" : 2.0,
    "maxResTime" : 6314.0,
    "pct1ResTime" : 469.0,
    "pct2ResTime" : 599.8000000000002,
    "pct3ResTime" : 1261.7999999999993,
    "throughput" : 90.49798913949996,
    "receivedKBytesPerSec" : 2961.364941788137,
    "sentKBytesPerSec" : 48.06290338834628
  },
  "Registration-4" : {
    "transaction" : "Registration-4",
    "sampleCount" : 1323,
    "errorCount" : 728,
    "errorPct" : 55.026455,
    "meanResTime" : 186.3907785336358,
    "medianResTime" : 40.0,
    "minResTime" : 2.0,
    "maxResTime" : 5652.0,
    "pct1ResTime" : 564.4000000000005,
    "pct2ResTime" : 903.0,
    "pct3ResTime" : 1362.84,
    "throughput" : 57.97037945841731,
    "receivedKBytesPerSec" : 1038.2906039813558,
    "sentKBytesPerSec" : 16.90563107965998
  },
  "Registration" : {
    "transaction" : "Registration",
    "sampleCount" : 10045,
    "errorCount" : 9939,
    "errorPct" : 98.94475,
    "meanResTime" : 896.7678446988551,
    "medianResTime" : 640.0,
    "minResTime" : 3.0,
    "maxResTime" : 9299.0,
    "pct1ResTime" : 1729.7999999999993,
    "pct2ResTime" : 2575.0999999999967,
    "pct3ResTime" : 6156.079999999998,
    "throughput" : 191.0022627445761,
    "receivedKBytesPerSec" : 22942.8918631812,
    "sentKBytesPerSec" : 272.4001797182503
  },
  "Total" : {
    "transaction" : "Total",
    "sampleCount" : 62937,
    "errorCount" : 19331,
    "errorPct" : 30.714842,
    "meanResTime" : 549.1694869472631,
    "medianResTime" : 631.0,
    "minResTime" : 2.0,
    "maxResTime" : 9299.0,
    "pct1ResTime" : 2527.800000000003,
    "pct2ResTime" : 5329.9000000000015,
    "pct3ResTime" : 6648.990000000002,
    "throughput" : 1152.8401077061162,
    "receivedKBytesPerSec" : 84510.83470451225,
    "sentKBytesPerSec" : 906.9238429720842
  },
  "Welcome" : {
    "transaction" : "Welcome",
    "sampleCount" : 10045,
    "errorCount" : 5969,
    "errorPct" : 59.4226,
    "meanResTime" : 1028.3499253359876,
    "medianResTime" : 678.0,
    "minResTime" : 3.0,
    "maxResTime" : 8882.0,
    "pct1ResTime" : 1752.3999999999996,
    "pct2ResTime" : 4894.699999999977,
    "pct3ResTime" : 6644.619999999997,
    "throughput" : 185.55463193867183,
    "receivedKBytesPerSec" : 20545.45784338344,
    "sentKBytesPerSec" : 192.66738391290295
  },
  "Registration-3" : {
    "transaction" : "Registration-3",
    "sampleCount" : 5498,
    "errorCount" : 740,
    "errorPct" : 13.45944,
    "meanResTime" : 253.294834485267,
    "medianResTime" : 214.0,
    "minResTime" : 2.0,
    "maxResTime" : 3013.0,
    "pct1ResTime" : 511.0,
    "pct2ResTime" : 643.1500000000005,
    "pct3ResTime" : 1001.090000000002,
    "throughput" : 104.63014063600205,
    "receivedKBytesPerSec" : 3971.9012897084995,
    "sentKBytesPerSec" : 58.6152337431252
  },
  "Welcome-0" : {
    "transaction" : "Welcome-0",
    "sampleCount" : 4883,
    "errorCount" : 0,
    "errorPct" : 0.0,
    "meanResTime" : 734.5455662502551,
    "medianResTime" : 163.0,
    "minResTime" : 2.0,
    "maxResTime" : 7817.0,
    "pct1ResTime" : 2871.6000000000004,
    "pct2ResTime" : 5352.0,
    "pct3ResTime" : 6321.639999999999,
    "throughput" : 92.52136347272486,
    "receivedKBytesPerSec" : 362.94757526360917,
    "sentKBytesPerSec" : 46.802799100460426
  },
  "Registration-2" : {
    "transaction" : "Registration-2",
    "sampleCount" : 5498,
    "errorCount" : 557,
    "errorPct" : 10.130957,
    "meanResTime" : 264.2462713714082,
    "medianResTime" : 225.0,
    "minResTime" : 2.0,
    "maxResTime" : 5521.0,
    "pct1ResTime" : 520.1000000000004,
    "pct2ResTime" : 667.0500000000002,
    "pct3ResTime" : 1127.0300000000007,
    "throughput" : 104.63014063600205,
    "receivedKBytesPerSec" : 8577.206068198471,
    "sentKBytesPerSec" : 60.395448063162505
  },
  "Welcome-1" : {
    "transaction" : "Welcome-1",
    "sampleCount" : 4883,
    "errorCount" : 307,
    "errorPct" : 6.2871184,
    "meanResTime" : 244.9655949211543,
    "medianResTime" : 197.0,
    "minResTime" : 2.0,
    "maxResTime" : 6309.0,
    "pct1ResTime" : 476.0,
    "pct2ResTime" : 580.0,
    "pct3ResTime" : 1197.3199999999997,
    "throughput" : 90.90401370169037,
    "receivedKBytesPerSec" : 10136.109643774667,
    "sentKBytesPerSec" : 51.32956195546951
  },
  "Registration-1" : {
    "transaction" : "Registration-1",
    "sampleCount" : 5498,
    "errorCount" : 45,
    "errorPct" : 0.8184794,
    "meanResTime" : 316.35940341942535,
    "medianResTime" : 253.0,
    "minResTime" : 2.0,
    "maxResTime" : 1849.0,
    "pct1ResTime" : 590.1000000000004,
    "pct2ResTime" : 868.1000000000004,
    "pct3ResTime" : 1639.0,
    "throughput" : 104.64408070041873,
    "receivedKBytesPerSec" : 9425.459471355158,
    "sentKBytesPerSec" : 66.7162444685002
  },
  "Welcome-2" : {
    "transaction" : "Welcome-2",
    "sampleCount" : 4883,
    "errorCount" : 481,
    "errorPct" : 9.850502,
    "meanResTime" : 240.0700389105055,
    "medianResTime" : 193.0,
    "minResTime" : 3.0,
    "maxResTime" : 4787.0,
    "pct1ResTime" : 475.0,
    "pct2ResTime" : 585.0,
    "pct3ResTime" : 1143.4799999999996,
    "throughput" : 91.17388950090557,
    "receivedKBytesPerSec" : 7022.090566913522,
    "sentKBytesPerSec" : 48.72171092247512
  },
  "Registration-0" : {
    "transaction" : "Registration-0",
    "sampleCount" : 5498,
    "errorCount" : 0,
    "errorPct" : 0.0,
    "meanResTime" : 593.2913786831589,
    "medianResTime" : 298.5,
    "minResTime" : 3.0,
    "maxResTime" : 7787.0,
    "pct1ResTime" : 1114.2000000000007,
    "pct2ResTime" : 2796.550000000002,
    "pct3ResTime" : 5704.02,
    "throughput" : 104.59033233777845,
    "receivedKBytesPerSec" : 324.52940265518293,
    "sentKBytesPerSec" : 79.53757600419465
  }
}