{
  "Session Test" : {
    "transaction" : "Session Test",
    "sampleCount" : 5000,
    "errorCount" : 0,
    "errorPct" : 0.0,
    "meanResTime" : 1611.9810000000032,
    "medianResTime" : 1610.0,
    "minResTime" : 62.0,
    "maxResTime" : 4840.0,
    "pct1ResTime" : 2584.0,
    "pct2ResTime" : 2932.0,
    "pct3ResTime" : 3532.949999999999,
    "throughput" : 22.509848058525602,
    "receivedKBytesPerSec" : 8634.696090672482,
    "sentKBytesPerSec" : 103.4485790658413
  },
  "Login Welcome-1" : {
    "transaction" : "Login Welcome-1",
    "sampleCount" : 50,
    "errorCount" : 0,
    "errorPct" : 0.0,
    "meanResTime" : 224.12000000000003,
    "medianResTime" : 148.5,
    "minResTime" : 19.0,
    "maxResTime" : 849.0,
    "pct1ResTime" : 480.2,
    "pct2ResTime" : 660.7499999999997,
    "pct3ResTime" : 849.0,
    "throughput" : 0.8326394671107411,
    "receivedKBytesPerSec" : 98.94830479808493,
    "sentKBytesPerSec" : 0.5016978039134056
  },
  "Login Welcome-0" : {
    "transaction" : "Login Welcome-0",
    "sampleCount" : 50,
    "errorCount" : 0,
    "errorPct" : 0.0,
    "meanResTime" : 250.57999999999998,
    "medianResTime" : 183.0,
    "minResTime" : 15.0,
    "maxResTime" : 1041.0,
    "pct1ResTime" : 503.7,
    "pct2ResTime" : 878.4499999999998,
    "pct3ResTime" : 1041.0,
    "throughput" : 0.8358967500334359,
    "receivedKBytesPerSec" : 2.14933217074027,
    "sentKBytesPerSec" : 0.4171320695967634
  },
  "Login-0" : {
    "transaction" : "Login-0",
    "sampleCount" : 50,
    "errorCount" : 0,
    "errorPct" : 0.0,
    "meanResTime" : 1005.8399999999999,
    "medianResTime" : 879.0,
    "minResTime" : 302.0,
    "maxResTime" : 2544.0,
    "pct1ResTime" : 1837.1999999999998,
    "pct2ResTime" : 2190.4999999999986,
    "pct3ResTime" : 2544.0,
    "throughput" : 0.8167132193201678,
    "receivedKBytesPerSec" : 0.35013388992339234,
    "sentKBytesPerSec" : 0.5981786274317636
  },
  "Login-1" : {
    "transaction" : "Login-1",
    "sampleCount" : 50,
    "errorCount" : 0,
    "errorPct" : 0.0,
    "meanResTime" : 326.8400000000001,
    "medianResTime" : 174.0,
    "minResTime" : 14.0,
    "maxResTime" : 1305.0,
    "pct1ResTime" : 913.4999999999999,
    "pct2ResTime" : 1075.6499999999999,
    "pct3ResTime" : 1305.0,
    "throughput" : 0.8110431637171731,
    "receivedKBytesPerSec" : 3.8199816197343024,
    "sentKBytesPerSec" : 0.49185332487144967
  },
  "Login-2" : {
    "transaction" : "Login-2",
    "sampleCount" : 50,
    "errorCount" : 0,
    "errorPct" : 0.0,
    "meanResTime" : 254.8799999999999,
    "medianResTime" : 108.5,
    "minResTime" : 86.0,
    "maxResTime" : 1701.0,
    "pct1ResTime" : 1080.9999999999995,
    "pct2ResTime" : 1330.149999999998,
    "pct3ResTime" : 1701.0,
    "throughput" : 0.8100708001879364,
    "receivedKBytesPerSec" : 4.836692258153363,
    "sentKBytesPerSec" : 0.46594892706122515
  },
  "Login-3" : {
    "transaction" : "Login-3",
    "sampleCount" : 50,
    "errorCount" : 0,
    "errorPct" : 0.0,
    "meanResTime" : 220.12000000000003,
    "medianResTime" : 192.5,
    "minResTime" : 17.0,
    "maxResTime" : 752.0,
    "pct1ResTime" : 522.3999999999999,
    "pct2ResTime" : 635.1499999999992,
    "pct3ResTime" : 752.0,
    "throughput" : 0.807976342452693,
    "receivedKBytesPerSec" : 43.86980142971414,
    "sentKBytesPerSec" : 0.5018290564452272
  },
  "Login-4" : {
    "transaction" : "Login-4",
    "sampleCount" : 50,
    "errorCount" : 0,
    "errorPct" : 0.0,
    "meanResTime" : 298.42,
    "medianResTime" : 206.5,
    "minResTime" : 26.0,
    "maxResTime" : 1191.0,
    "pct1ResTime" : 741.5,
    "pct2ResTime" : 1007.5999999999997,
    "pct3ResTime" : 1191.0,
    "throughput" : 0.8017960230917255,
    "receivedKBytesPerSec" : 122.34201486329378,
    "sentKBytesPerSec" : 0.5026885222899294
  },
  "Session Test-5" : {
    "transaction" : "Session Test-5",
    "sampleCount" : 5000,
    "errorCount" : 0,
    "errorPct" : 0.0,
    "meanResTime" : 378.7054,
    "medianResTime" : 320.5,
    "minResTime" : 18.0,
    "maxResTime" : 1738.0,
    "pct1ResTime" : 745.0,
    "pct2ResTime" : 916.0,
    "pct3ResTime" : 1239.9699999999993,
    "throughput" : 22.517653840611036,
    "receivedKBytesPerSec" : 1916.6392364699861,
    "sentKBytesPerSec" : 12.93005904128837
  },
  "Login-5" : {
    "transaction" : "Login-5",
    "sampleCount" : 50,
    "errorCount" : 0,
    "errorPct" : 0.0,
    "meanResTime" : 283.58000000000004,
    "medianResTime" : 199.5,
    "minResTime" : 23.0,
    "maxResTime" : 1175.0,
    "pct1ResTime" : 645.4999999999999,
    "pct2ResTime" : 846.4499999999991,
    "pct3ResTime" : 1175.0,
    "throughput" : 0.8017445962414214,
    "receivedKBytesPerSec" : 17.1036237352479,
    "sentKBytesPerSec" : 0.5050051411872234
  },
  "Session Test-6" : {
    "transaction" : "Session Test-6",
    "sampleCount" : 5000,
    "errorCount" : 0,
    "errorPct" : 0.0,
    "meanResTime" : 383.4947999999999,
    "medianResTime" : 325.0,
    "minResTime" : 15.0,
    "maxResTime" : 2081.0,
    "pct1ResTime" : 750.0,
    "pct2ResTime" : 907.0,
    "pct3ResTime" : 1264.0,
    "throughput" : 22.522218168222953,
    "receivedKBytesPerSec" : 162.0762646999703,
    "sentKBytesPerSec" : 12.976668671144084
  },
  "Login-6" : {
    "transaction" : "Login-6",
    "sampleCount" : 50,
    "errorCount" : 0,
    "errorPct" : 0.0,
    "meanResTime" : 293.8799999999999,
    "medianResTime" : 202.0,
    "minResTime" : 27.0,
    "maxResTime" : 1369.0,
    "pct1ResTime" : 634.9,
    "pct2ResTime" : 758.3499999999997,
    "pct3ResTime" : 1369.0,
    "throughput" : 0.8011023167879001,
    "receivedKBytesPerSec" : 68.1875761047201,
    "sentKBytesPerSec" : 0.49834196854872304
  },
  "Session Test-7" : {
    "transaction" : "Session Test-7",
    "sampleCount" : 5000,
    "errorCount" : 0,
    "errorPct" : 0.0,
    "meanResTime" : 378.95359999999994,
    "medianResTime" : 316.0,
    "minResTime" : 16.0,
    "maxResTime" : 2001.0,
    "pct1ResTime" : 748.0,
    "pct2ResTime" : 911.0,
    "pct3ResTime" : 1260.9899999999998,
    "throughput" : 22.514510602083043,
    "receivedKBytesPerSec" : 1287.8563906312618,
    "sentKBytesPerSec" : 12.994214615069412
  },
  "Login-7" : {
    "transaction" : "Login-7",
    "sampleCount" : 50,
    "errorCount" : 0,
    "errorPct" : 0.0,
    "meanResTime" : 286.3,
    "medianResTime" : 204.0,
    "minResTime" : 33.0,
    "maxResTime" : 1151.0,
    "pct1ResTime" : 719.3999999999999,
    "pct2ResTime" : 910.8499999999989,
    "pct3ResTime" : 1151.0,
    "throughput" : 0.8031225404372199,
    "receivedKBytesPerSec" : 5.77950195359558,
    "sentKBytesPerSec" : 0.5011672884173667
  },
  "Login-8" : {
    "transaction" : "Login-8",
    "sampleCount" : 50,
    "errorCount" : 0,
    "errorPct" : 0.0,
    "meanResTime" : 284.11999999999995,
    "medianResTime" : 263.0,
    "minResTime" : 27.0,
    "maxResTime" : 879.0,
    "pct1ResTime" : 588.4,
    "pct2ResTime" : 729.1499999999997,
    "pct3ResTime" : 879.0,
    "throughput" : 0.8052696848174453,
    "receivedKBytesPerSec" : 46.06236964696977,
    "sentKBytesPerSec" : 0.5032935530109034
  },
  "Session Test-1" : {
    "transaction" : "Session Test-1",
    "sampleCount" : 5000,
    "errorCount" : 0,
    "errorPct" : 0.0,
    "meanResTime" : 447.0744000000007,
    "medianResTime" : 366.0,
    "minResTime" : 16.0,
    "maxResTime" : 2608.0,
    "pct1ResTime" : 907.0,
    "pct2ResTime" : 1113.9499999999998,
    "pct3ResTime" : 1501.9899999999998,
    "throughput" : 22.526987330822326,
    "receivedKBytesPerSec" : 124.80000699040576,
    "sentKBytesPerSec" : 12.693429384652815
  },
  "Session Test-2" : {
    "transaction" : "Session Test-2",
    "sampleCount" : 5000,
    "errorCount" : 0,
    "errorPct" : 0.0,
    "meanResTime" : 367.3745999999995,
    "medianResTime" : 304.0,
    "minResTime" : 17.0,
    "maxResTime" : 2137.0,
    "pct1ResTime" : 736.0,
    "pct2ResTime" : 903.9499999999998,
    "pct3ResTime" : 1323.9199999999983,
    "throughput" : 22.515828627525153,