{
  "Session Test" : {
    "transaction" : "Session Test",
    "sampleCount" : 1000,
    "errorCount" : 0,
    "errorPct" : 0.0,
    "meanResTime" : 102.9150000000001,
    "medianResTime" : 94.0,
    "minResTime" : 40.0,
    "maxResTime" : 719.0,
    "pct1ResTime" : 160.89999999999998,
    "pct2ResTime" : 180.0,
    "pct3ResTime" : 234.96000000000004,
    "throughput" : 15.401438494355373,
    "receivedKBytesPerSec" : 5908.381189092123,
    "sentKBytesPerSec" : 70.78043901800427
  },
  "Login Welcome-1" : {
    "transaction" : "Login Welcome-1",
    "sampleCount" : 10,
    "errorCount" : 0,
    "errorPct" : 0.0,
    "meanResTime" : 41.3,
    "medianResTime" : 34.5,
    "minResTime" : 22.0,
    "maxResTime" : 101.0,
    "pct1ResTime" : 96.50000000000001,
    "pct2ResTime" : 101.0,
    "pct3ResTime" : 101.0,
    "throughput" : 0.17116839546746088,
    "receivedKBytesPerSec" : 20.341123902382666,
    "sentKBytesPerSec" : 0.10313564453459313
  },
  "Login Welcome-0" : {
    "transaction" : "Login Welcome-0",
    "sampleCount" : 10,
    "errorCount" : 0,
    "errorPct" : 0.0,
    "meanResTime" : 147.0,
    "medianResTime" : 24.0,
    "minResTime" : 21.0,
    "maxResTime" : 1216.0,
    "pct1ResTime" : 1100.9000000000003,
    "pct2ResTime" : 1216.0,
    "pct3ResTime" : 1216.0,
    "throughput" : 0.16763054228480428,
    "receivedKBytesPerSec" : 0.43102657991786103,
    "sentKBytesPerSec" : 0.08365156944095214
  },
  "Login-0" : {
    "transaction" : "Login-0",
    "sampleCount" : 10,
    "errorCount" : 0,
    "errorPct" : 0.0,
    "meanResTime" : 463.0,
    "medianResTime" : 433.0,
    "minResTime" : 261.0,
    "maxResTime" : 968.0,
    "pct1ResTime" : 932.7,
    "pct2ResTime" : 968.0,
    "pct3ResTime" : 968.0,
    "throughput" : 0.17135317603111772,
    "receivedKBytesPerSec" : 0.07346098073990301,
    "sentKBytesPerSec" : 0.1255028144759163
  },
  "Login-1" : {
    "transaction" : "Login-1",
    "sampleCount" : 10,
    "errorCount" : 0,
    "errorPct" : 0.0,
    "meanResTime" : 28.2,
    "medianResTime" : 21.0,
    "minResTime" : 12.0,
    "maxResTime" : 70.0,
    "pct1ResTime" : 67.70000000000002,
    "pct2ResTime" : 70.0,
    "pct3ResTime" : 70.0,
    "throughput" : 0.17419478460814886,
    "receivedKBytesPerSec" : 0.8204506310206073,
    "sentKBytesPerSec" : 0.10563961058755901
  },
  "Login-2" : {
    "transaction" : "Login-2",
    "sampleCount" : 10,
    "errorCount" : 0,
    "errorPct" : 0.0,
    "meanResTime" : 678.5,
    "medianResTime" : 116.5,
    "minResTime" : 91.0,
    "maxResTime" : 3132.0,
    "pct1ResTime" : 3003.9000000000005,
    "pct2ResTime" : 3132.0,
    "pct3ResTime" : 3132.0,
    "throughput" : 0.17409773847037727,
    "receivedKBytesPerSec" : 1.0394859111405144,
    "sentKBytesPerSec" : 0.10014020308501193
  },
  "Login-3" : {
    "transaction" : "Login-3",
    "sampleCount" : 10,
    "errorCount" : 0,
    "errorPct" : 0.0,
    "meanResTime" : 40.8,
    "medianResTime" : 35.0,
    "minResTime" : 12.0,
    "maxResTime" : 81.0,
    "pct1ResTime" : 80.2,
    "pct2ResTime" : 81.0,
    "pct3ResTime" : 81.0,
    "throughput" : 0.1742889012827663,
    "receivedKBytesPerSec" : 9.463172482832544,
    "sentKBytesPerSec" : 0.10824974728109314
  },
  "Login-4" : {
    "transaction" : "Login-4",
    "sampleCount" : 10,
    "errorCount" : 0,
    "errorPct" : 0.0,
    "meanResTime" : 47.9,
    "medianResTime" : 32.5,
    "minResTime" : 13.0,
    "maxResTime" : 113.0,
    "pct1ResTime" : 112.2,
    "pct2ResTime" : 113.0,
    "pct3ResTime" : 113.0,
    "throughput" : 0.17438007881979561,
    "receivedKBytesPerSec" : 26.607777514996688,
    "sentKBytesPerSec" : 0.10932813535381719
  },
  "Session Test-5" : {
    "transaction" : "Session Test-5",
    "sampleCount" : 1000,
    "errorCount" : 0,
    "errorPct" : 0.0,
    "meanResTime" : 37.96499999999999,
    "medianResTime" : 31.0,
    "minResTime" : 12.0,
    "maxResTime" : 620.0,
    "pct1ResTime" : 67.89999999999998,
    "pct2ResTime" : 81.0,
    "pct3ResTime" : 113.95000000000005,
    "throughput" : 15.441630636195184,
    "receivedKBytesPerSec" : 1314.3446716723286,
    "sentKBytesPerSec" : 8.866873841877702
  },
  "Login-5" : {
    "transaction" : "Login-5",
    "sampleCount" : 10,
    "errorCount" : 0,
    "errorPct" : 0.0,
    "meanResTime" : 43.1,
    "medianResTime" : 36.5,
    "minResTime" : 15.0,
    "maxResTime" : 85.0,
    "pct1ResTime" : 83.60000000000001,
    "pct2ResTime" : 85.0,
    "pct3ResTime" : 85.0,
    "throughput" : 0.17424942062067644,
    "receivedKBytesPerSec" : 3.717264251424489,
    "sentKBytesPerSec" : 0.10975671513704717
  },
  "Session Test-6" : {
    "transaction" : "Session Test-6",
    "sampleCount" : 1000,
    "errorCount" : 0,
    "errorPct" : 0.0,
    "meanResTime" : 36.94999999999998,
    "medianResTime" : 29.0,
    "minResTime" : 11.0,
    "maxResTime" : 591.0,
    "pct1ResTime" : 67.0,
    "pct2ResTime" : 83.0,
    "pct3ResTime" : 115.0,
    "throughput" : 15.441392195920384,
    "receivedKBytesPerSec" : 111.11766063390776,
    "sentKBytesPerSec" : 8.896895894133817
  },
  "Login-6" : {
    "transaction" : "Login-6",
    "sampleCount" : 10,
    "errorCount" : 0,
    "errorPct" : 0.0,
    "meanResTime" : 44.0,
    "medianResTime" : 29.0,
    "minResTime" : 14.0,
    "maxResTime" : 167.0,
    "pct1ResTime" : 156.60000000000002,
    "pct2ResTime" : 167.0,
    "pct3ResTime" : 167.0,
    "throughput" : 0.17434055684373856,
    "receivedKBytesPerSec" : 14.839377865722902,
    "sentKBytesPerSec" : 0.10845208467720846
  },
  "Session Test-7" : {
    "transaction" : "Session Test-7",
    "sampleCount" : 1000,
    "errorCount" : 0,
    "errorPct" : 0.0,
    "meanResTime" : 38.470999999999975,
    "medianResTime" : 31.0,
    "minResTime" : 12.0,
    "maxResTime" : 640.0,
    "pct1ResTime" : 67.0,
    "pct2ResTime" : 83.94999999999993,
    "pct3ResTime" : 126.99000000000001,
    "throughput" : 15.442346001204502,
    "receivedKBytesPerSec" : 883.3163517795373,
    "sentKBytesPerSec" : 8.91252586592955
  },
  "Login-7" : {
    "transaction" : "Login-7",
    "sampleCount" : 10,
    "errorCount" : 0,
    "errorPct" : 0.0,
    "meanResTime" : 47.8,
    "medianResTime" : 42.0,
    "minResTime" : 12.0,
    "maxResTime" : 112.0,
    "pct1ResTime" : 108.70000000000002,
    "pct2ResTime" : 112.0,
    "pct3ResTime" : 112.0,
    "throughput" : 0.17427675148135238,
    "receivedKBytesPerSec" : 1.2541458805332868,
    "sentKBytesPerSec" : 0.10875277753572674
  },
  "Login-8" : {
    "transaction" : "Login-8",
    "sampleCount" : 10,
    "errorCount" : 0,
    "errorPct" : 0.0,
    "meanResTime" : 46.2,
    "medianResTime" : 42.5,
    "minResTime" : 19.0,
    "maxResTime" : 99.0,
    "pct1ResTime" : 96.4,
    "pct2ResTime" : 99.0,
    "pct3ResTime" : 99.0,
    "throughput" : 0.17460234316344525,
    "receivedKBytesPerSec" : 9.987458641069962,
    "sentKBytesPerSec" : 0.10912646447715328
  },
  "Session Test-1" : {
    "transaction" : "Session Test-1",
    "sampleCount" : 1000,
    "errorCount" : 0,
    "errorPct" : 0.0,
    "meanResTime" : 23.346000000000025,
    "medianResTime" : 21.0,
    "minResTime" : 11.0,
    "maxResTime" : 94.0,
    "pct1ResTime" : 34.0,
    "pct2ResTime" : 40.94999999999993,
    "pct3ResTime" : 55.0,
    "throughput" : 15.422102957959348,
    "receivedKBytesPerSec" : 85.43861605421641,
    "sentKBytesPerSec" : 8.689993561272015
  },
  "Session Test-2" : {
    "transaction" : "Session Test-2",
    "sampleCount" : 1000,
    "errorCount" : 0,
    "errorPct" : 0.0,
    "meanResTime" : 35.93900000000002,
    "medianResTime" : 29.0,
    "minResTime" : 12.0,
    "maxResTime" : 543.0,
    "pct1ResTime" : 64.0,
    "pct2ResTime" : 82.94999999999993,
    "pct3ResTime" : 121.98000000000002,
    "throughput" : 15.441869083833907,
    "receivedKBytesPerSec" : 838.4257822754366,
    "sentKBytesPerSec" : 8.85193081270557
  },
  "Session Test-3" : {
    "transaction" : "Session Test-3",
    "sampleCount" : 1000,
    "errorCount" : 0,
    "errorPct" : 0.0,