{
  "Registration" : {
    "transaction" : "Registration",
    "sampleCount" : 1000,
    "errorCount" : 0,
    "errorPct" : 0.0,
    "meanResTime" : 178.95799999999977,
    "medianResTime" : 173.0,
    "minResTime" : 155.0,
    "maxResTime" : 672.0,
    "pct1ResTime" : 185.0,
    "pct2ResTime" : 189.0,
    "pct3ResTime" : 456.4400000000005,
    "throughput" : 16.826518593303046,
    "receivedKBytesPerSec" : 41.98413574793875,
    "sentKBytesPerSec" : 10.861649209153626
  },
  "Total" : {
    "transaction" : "Total",
    "sampleCount" : 6000,
    "errorCount" : 0,
    "errorPct" : 0.0,
    "meanResTime" : 61.359333333333176,
    "medianResTime" : 3.0,
    "minResTime" : 1.0,
    "maxResTime" : 672.0,
    "pct1ResTime" : 178.0,
    "pct2ResTime" : 182.0,
    "pct3ResTime" : 193.0,
    "throughput" : 100.08173341562276,
    "receivedKBytesPerSec" : 5333.620112675351,
    "sentKBytesPerSec" : 74.24683283014461
  },
  "Welcome" : {
    "transaction" : "Welcome",
    "sampleCount" : 1000,
    "errorCount" : 0,
    "errorPct" : 0.0,
    "meanResTime" : 4.427,
    "medianResTime" : 4.0,
    "minResTime" : 3.0,
    "maxResTime" : 100.0,
    "pct1ResTime" : 5.0,
    "pct2ResTime" : 5.0,
    "pct3ResTime" : 12.990000000000009,
    "throughput" : 16.724645437516724,
    "receivedKBytesPerSec" : 2632.171737021675,
    "sentKBytesPerSec" : 26.42624640420123
  },
  "Welcome-0" : {
    "transaction" : "Welcome-0",
    "sampleCount" : 1000,
    "errorCount" : 0,
    "errorPct" : 0.0,
    "meanResTime" : 1.4040000000000004,
    "medianResTime" : 1.0,
    "minResTime" : 1.0,
    "maxResTime" : 36.0,
    "pct1ResTime" : 2.0,
    "pct2ResTime" : 2.0,
    "pct3ResTime" : 4.0,
    "throughput" : 16.725204883759826,
    "receivedKBytesPerSec" : 39.836694054189664,
    "sentKBytesPerSec" : 8.460601689245694
  },
  "Welcome-1" : {
    "transaction" : "Welcome-1",
    "sampleCount" : 1000,
    "errorCount" : 0,
    "errorPct" : 0.0,
    "meanResTime" : 2.256000000000003,
    "medianResTime" : 2.0,
    "minResTime" : 1.0,
    "maxResTime" : 52.0,
    "pct1ResTime" : 3.0,
    "pct2ResTime" : 3.0,
    "pct3ResTime" : 4.990000000000009,
    "throughput" : 16.75041876046901,
    "receivedKBytesPerSec" : 1986.4131857202678,
    "sentKBytesPerSec" : 9.013164782244555
  },
  "Welcome-2" : {
    "transaction" : "Welcome-2",
    "sampleCount" : 1000,
    "errorCount" : 0,
    "errorPct" : 0.0,
    "meanResTime" : 2.152999999999998,
    "medianResTime" : 2.0,
    "minResTime" : 1.0,
    "maxResTime" : 28.0,
    "pct1ResTime" : 3.0,
    "pct2ResTime" : 3.0,
    "pct3ResTime" : 4.980000000000018,
    "throughput" : 16.750979932326043,
    "receivedKBytesPerSec" : 609.9385134342859,
    "sentKBytesPerSec" : 8.98074998324902
  },
  "Registration-0" : {
    "transaction" : "Registration-0",
    "sampleCount" : 1000,
    "errorCount" : 0,
    "errorPct" : 0.0,
    "meanResTime" : 178.95799999999977,
    "medianResTime" : 173.0,
    "minResTime" : 155.0,
    "maxResTime" : 672.0,
    "pct1ResTime" : 185.0,
    "pct2ResTime" : 189.0,
    "pct3ResTime" : 456.4400000000005,
    "throughput" : 16.826518593303046,
    "receivedKBytesPerSec" : 41.98413574793875,
    "sentKBytesPerSec" : 10.861649209153626
  }
}