{
  "Login Welcome-1" : {
    "transaction" : "Login Welcome-1",
    "sampleCount" : 100,
    "errorCount" : 0,
    "errorPct" : 0.0,
    "meanResTime" : 4808.809999999998,
    "medianResTime" : 4486.0,
    "minResTime" : 635.0,
    "maxResTime" : 12455.0,
    "pct1ResTime" : 8843.700000000003,
    "pct2ResTime" : 10024.899999999996,
    "pct3ResTime" : 12448.129999999997,
    "throughput" : 7.473841554559043,
    "receivedKBytesPerSec" : 887.8836182735425,
    "sentKBytesPerSec" : 5.78054932735426
  },
  "Login Welcome-0" : {
    "transaction" : "Login Welcome-0",
    "sampleCount" : 100,
    "errorCount" : 0,
    "errorPct" : 0.0,
    "meanResTime" : 4928.23,
    "medianResTime" : 4447.0,
    "minResTime" : 3042.0,
    "maxResTime" : 14109.0,
    "pct1ResTime" : 6462.2,
    "pct2ResTime" : 8481.79999999999,
    "pct3ResTime" : 14102.069999999996,
    "throughput" : 7.035317292809906,
    "receivedKBytesPerSec" : 20.85174607781061,
    "sentKBytesPerSec" : 3.5863629168425497
  },
  "Login" : {
    "transaction" : "Login",
    "sampleCount" : 100,
    "errorCount" : 3,
    "errorPct" : 3.0,
    "meanResTime" : 30971.090000000007,
    "medianResTime" : 33308.5,
    "minResTime" : 7172.0,
    "maxResTime" : 54412.0,
    "pct1ResTime" : 47543.8,
    "pct2ResTime" : 50020.89999999999,
    "pct3ResTime" : 54390.81999999999,
    "throughput" : 1.6453051218348442,
    "receivedKBytesPerSec" : 637.0402432635038,
    "sentKBytesPerSec" : 11.527660021347833
  },
  "Login-0" : {
    "transaction" : "Login-0",
    "sampleCount" : 100,
    "errorCount" : 0,
    "errorPct" : 0.0,
    "meanResTime" : 20663.71999999999,
    "medianResTime" : 24721.0,
    "minResTime" : 3944.0,
    "maxResTime" : 39854.0,
    "pct1ResTime" : 30135.2,
    "pct2ResTime" : 31523.34999999999,
    "pct3ResTime" : 39843.24999999999,
    "throughput" : 2.0896894721444395,
    "receivedKBytesPerSec" : 1.0979032578258872,
    "sentKBytesPerSec" : 1.887658947005475
  },
  "Logout-2" : {
    "transaction" : "Logout-2",
    "sampleCount" : 100,
    "errorCount" : 0,
    "errorPct" : 0.0,
    "meanResTime" : 2451.5100000000016,
    "medianResTime" : 2006.0,
    "minResTime" : 380.0,
    "maxResTime" : 8263.0,
    "pct1ResTime" : 4787.400000000001,
    "pct2ResTime" : 5826.399999999992,
    "pct3ResTime" : 8258.219999999998,
    "throughput" : 1.7506389832288787,
    "receivedKBytesPerSec" : 207.9738596775323,
    "sentKBytesPerSec" : 1.3540098385910857
  },
  "Login-1" : {
    "transaction" : "Login-1",
    "sampleCount" : 100,
    "errorCount" : 0,
    "errorPct" : 0.0,
    "meanResTime" : 3620.459999999999,
    "medianResTime" : 2696.5,
    "minResTime" : 446.0,
    "maxResTime" : 14264.0,
    "pct1ResTime" : 8650.500000000004,
    "pct2ResTime" : 9618.149999999998,
    "pct3ResTime" : 14238.799999999987,
    "throughput" : 1.964057743297653,
    "receivedKBytesPerSec" : 9.4159498367377,
    "sentKBytesPerSec" : 1.526748011391535
  },
  "Logout-1" : {
    "transaction" : "Logout-1",
    "sampleCount" : 100,
    "errorCount" : 0,
    "errorPct" : 0.0,
    "meanResTime" : 1986.2400000000002,
    "medianResTime" : 1373.0,
    "minResTime" : 254.0,
    "maxResTime" : 14708.0,
    "pct1ResTime" : 4290.4,
    "pct2ResTime" : 5568.899999999997,
    "pct3ResTime" : 14662.069999999976,
    "throughput" : 1.7601915088361613,
    "receivedKBytesPerSec" : 4.826087578328522,
    "sentKBytesPerSec" : 1.2049748512638176
  },
  "Login-2" : {
    "transaction" : "Login-2",
    "sampleCount" : 100,
    "errorCount" : 0,
    "errorPct" : 0.0,
    "meanResTime" : 105.58999999999997,
    "medianResTime" : 102.0,
    "minResTime" : 79.0,
    "maxResTime" : 200.0,
    "pct1ResTime" : 123.0,
    "pct2ResTime" : 142.69999999999993,
    "pct3ResTime" : 199.76999999999987,
    "throughput" : 2.0018416943588098,
    "receivedKBytesPerSec" : 11.952402460263443,
    "sentKBytesPerSec" : 1.1514499589622453
  },
  "Logout-0" : {
    "transaction" : "Logout-0",
    "sampleCount" : 100,
    "errorCount" : 0,
    "errorPct" : 0.0,
    "meanResTime" : 3334.2799999999997,
    "medianResTime" : 2605.0,
    "minResTime" : 203.0,
    "maxResTime" : 17037.0,
    "pct1ResTime" : 6976.1,
    "pct2ResTime" : 8468.69999999999,
    "pct3ResTime" : 16995.529999999977,
    "throughput" : 1.7815784785319793,
    "receivedKBytesPerSec" : 0.9586423258507036,
    "sentKBytesPerSec" : 1.3100865179048637
  },
  "Login-3" : {
    "transaction" : "Login-3",
    "sampleCount" : 100,
    "errorCount" : 0,
    "errorPct" : 0.0,
    "meanResTime" : 4244.360000000001,
    "medianResTime" : 3558.5,
    "minResTime" : 509.0,
    "maxResTime" : 14302.0,
    "pct1ResTime" : 8578.000000000002,
    "pct2ResTime" : 9808.449999999997,
    "pct3ResTime" : 14294.959999999995,
    "throughput" : 1.7930144158359034,
    "receivedKBytesPerSec" : 97.28503998422147,
    "sentKBytesPerSec" : 1.4200534094169117
  },
  "Login-4" : {
    "transaction" : "Login-4",
    "sampleCount" : 100,
    "errorCount" : 0,
    "errorPct" : 0.0,
    "meanResTime" : 4210.3200000000015,
    "medianResTime" : 3101.5,
    "minResTime" : 609.0,
    "maxResTime" : 12736.0,
    "pct1ResTime" : 8543.5,
    "pct2ResTime" : 10513.599999999997,
    "pct3ResTime" : 12735.55,
    "throughput" : 1.8089070583553417,
    "receivedKBytesPerSec" : 275.94311891755,
    "sentKBytesPerSec" : 1.4432393229260883
  },
  "Login-5" : {
    "transaction" : "Login-5",
    "sampleCount" : 100,
    "errorCount" : 0,
    "errorPct" : 0.0,
    "meanResTime" : 3760.2499999999995,
    "medianResTime" : 3230.5,
    "minResTime" : 350.0,
    "maxResTime" : 13600.0,
    "pct1ResTime" : 7219.100000000001,
    "pct2ResTime" : 11449.24999999998,
    "pct3ResTime" : 13584.419999999993,
    "throughput" : 1.9428416001243418,
    "receivedKBytesPerSec" : 41.37266009014785,
    "sentKBytesPerSec" : 1.5557911250995706
  },
  "Login-6" : {
    "transaction" : "Login-6",
    "sampleCount" : 100,
    "errorCount" : 0,
    "errorPct" : 0.0,
    "meanResTime" : 4064.5099999999993,
    "medianResTime" : 3908.5,
    "minResTime" : 444.0,
    "maxResTime" : 12326.0,
    "pct1ResTime" : 7281.600000000002,
    "pct2ResTime" : 8511.149999999998,
    "pct3ResTime" : 12307.73999999999,
    "throughput" : 1.8512347735939874,
    "receivedKBytesPerSec" : 157.50139131863452,
    "sentKBytesPerSec" : 1.467971324373357
  },
  "Logout-4" : {
    "transaction" : "Logout-4",
    "sampleCount" : 100,
    "errorCount" : 0,
    "errorPct" : 0.0,
    "meanResTime" : 2461.6799999999994,
    "medianResTime" : 2125.5,
    "minResTime" : 422.0,
    "maxResTime" : 9698.0,
    "pct1ResTime" : 4954.500000000001,
    "pct2ResTime" : 6347.699999999998,
    "pct3ResTime" : 9674.299999999988,
    "throughput" : 1.7607183730962233,
    "receivedKBytesPerSec" : 64.49318822079408,
    "sentKBytesPerSec" : 1.3583667136191566
  },
  "Login-7" : {
    "transaction" : "Login-7",
    "sampleCount" : 100,
    "errorCount" : 0,
    "errorPct" : 0.0,
    "meanResTime" : 3612.8399999999992,
    "medianResTime" : 3368.0,
    "minResTime" : 381.0,
    "maxResTime" : 9557.0,
    "pct1ResTime" : 6888.8,
    "pct2ResTime" : 7734.1999999999925,
    "pct3ResTime" : 9551.729999999998,
    "throughput" : 1.877687440148713,
    "receivedKBytesPerSec" : 13.440868101845767,
    "sentKBytesPerSec" : 1.4926148205869652
  },
  "Logout-3" : {
    "transaction" : "Logout-3",
    "sampleCount" : 100,
    "errorCount" : 0,
    "errorPct" : 0.0,
    "meanResTime" : 2449.3700000000003,
    "medianResTime" : 2164.5,
    "minResTime" : 251.0,
    "maxResTime" : 8256.0,
    "pct1ResTime" : 4657.8,
    "pct2ResTime" : 5350.249999999999,
    "pct3ResTime" : 8236.36999999999,
    "throughput" : 1.766815668121345,
    "receivedKBytesPerSec" : 150.3812042836446,
    "sentKBytesPerSec" : 1.3492674340536053
  },
  "Login-8" : {
    "transaction" : "Login-8",
    "sampleCount" : 100,
    "errorCount" : 3,
    "errorPct" : 3.0,
    "meanResTime" : 4026.93,
    "medianResTime" : 3253.0,