{
  "Login Welcome-1" : {
    "transaction" : "Login Welcome-1",
    "sampleCount" : 100,
    "errorCount" : 0,
    "errorPct" : 0.0,
    "meanResTime" : 4475.959999999999,
    "medianResTime" : 3904.5,
    "minResTime" : 452.0,
    "maxResTime" : 15189.0,
    "pct1ResTime" : 8700.800000000001,
    "pct2ResTime" : 11674.349999999988,
    "pct3ResTime" : 15170.30999999999,
    "throughput" : 6.051803437424352,
    "receivedKBytesPerSec" : 718.9471564088598,
    "sentKBytesPerSec" : 4.680691721132898
  },
  "Login Welcome-0" : {
    "transaction" : "Login Welcome-0",
    "sampleCount" : 100,
    "errorCount" : 0,
    "errorPct" : 0.0,
    "meanResTime" : 3202.350000000001,
    "medianResTime" : 2550.5,
    "minResTime" : 473.0,
    "maxResTime" : 9816.0,
    "pct1ResTime" : 6815.5,
    "pct2ResTime" : 8865.649999999994,
    "pct3ResTime" : 9815.9,
    "throughput" : 7.814942169427946,
    "receivedKBytesPerSec" : 23.165121790989375,
    "sentKBytesPerSec" : 3.9837888793372933
  },
  "Login" : {
    "transaction" : "Login",
    "sampleCount" : 100,
    "errorCount" : 2,
    "errorPct" : 2.0,
    "meanResTime" : 38310.55999999999,
    "medianResTime" : 45046.5,
    "minResTime" : 6847.0,
    "maxResTime" : 67825.0,
    "pct1ResTime" : 55776.5,
    "pct2ResTime" : 59113.84999999999,
    "pct3ResTime" : 67785.21999999999,
    "throughput" : 1.306540541953017,
    "receivedKBytesPerSec" : 506.5733024363715,
    "sentKBytesPerSec" : 9.164539795591732
  },
  "Login-0" : {
    "transaction" : "Login-0",
    "sampleCount" : 100,
    "errorCount" : 0,
    "errorPct" : 0.0,
    "meanResTime" : 25211.709999999995,
    "medianResTime" : 29914.5,
    "minResTime" : 4066.0,
    "maxResTime" : 45143.0,
    "pct1ResTime" : 36510.0,
    "pct2ResTime" : 39525.69999999999,
    "pct3ResTime" : 45121.06999999999,
    "throughput" : 1.7290866964069578,
    "receivedKBytesPerSec" : 0.9084459401044368,
    "sentKBytesPerSec" : 1.5619191349379258
  },
  "Logout-2" : {
    "transaction" : "Logout-2",
    "sampleCount" : 100,
    "errorCount" : 0,
    "errorPct" : 0.0,
    "meanResTime" : 3351.89,
    "medianResTime" : 2493.5,
    "minResTime" : 417.0,
    "maxResTime" : 11943.0,
    "pct1ResTime" : 7392.0,
    "pct2ResTime" : 9114.149999999998,
    "pct3ResTime" : 11939.519999999999,
    "throughput" : 1.4294086536399893,
    "receivedKBytesPerSec" : 169.8120729641647,
    "sentKBytesPerSec" : 1.105558255549679
  },
  "Login-1" : {
    "transaction" : "Login-1",
    "sampleCount" : 100,
    "errorCount" : 0,
    "errorPct" : 0.0,
    "meanResTime" : 4873.5199999999995,
    "medianResTime" : 3213.5,
    "minResTime" : 387.0,
    "maxResTime" : 20812.0,
    "pct1ResTime" : 11382.800000000001,
    "pct2ResTime" : 15368.699999999984,
    "pct3ResTime" : 20796.59999999999,
    "throughput" : 1.5632816408204102,
    "receivedKBytesPerSec" : 7.494378292661955,
    "sentKBytesPerSec" : 1.2152072129814906
  },
  "Logout-1" : {
    "transaction" : "Logout-1",
    "sampleCount" : 100,
    "errorCount" : 0,
    "errorPct" : 0.0,
    "meanResTime" : 2399.3399999999997,
    "medianResTime" : 1974.0,
    "minResTime" : 240.0,
    "maxResTime" : 7995.0,
    "pct1ResTime" : 4902.800000000001,
    "pct2ResTime" : 6724.2999999999865,
    "pct3ResTime" : 7985.879999999996,
    "throughput" : 1.4324390139089829,
    "receivedKBytesPerSec" : 3.926967208785148,
    "sentKBytesPerSec" : 0.9806052233888641
  },
  "Login-2" : {
    "transaction" : "Login-2",
    "sampleCount" : 100,
    "errorCount" : 0,
    "errorPct" : 0.0,
    "meanResTime" : 129.42000000000002,
    "medianResTime" : 105.0,
    "minResTime" : 81.0,
    "maxResTime" : 2114.0,
    "pct1ResTime" : 138.9,
    "pct2ResTime" : 157.79999999999995,
    "pct3ResTime" : 2094.69999999999,
    "throughput" : 1.5770383220312252,
    "receivedKBytesPerSec" : 9.416027637596594,
    "sentKBytesPerSec" : 0.9071050504652264
  },
  "Logout-0" : {
    "transaction" : "Logout-0",
    "sampleCount" : 100,
    "errorCount" : 0,
    "errorPct" : 0.0,
    "meanResTime" : 4212.179999999999,
    "medianResTime" : 3699.0,
    "minResTime" : 267.0,
    "maxResTime" : 13078.0,
    "pct1ResTime" : 7722.1,
    "pct2ResTime" : 10527.549999999988,
    "pct3ResTime" : 13070.999999999996,
    "throughput" : 1.42789827652678,
    "receivedKBytesPerSec" : 0.7683319827795467,
    "sentKBytesPerSec" : 1.0500072287350248
  },
  "Login-3" : {
    "transaction" : "Login-3",
    "sampleCount" : 100,
    "errorCount" : 0,
    "errorPct" : 0.0,
    "meanResTime" : 4265.779999999999,
    "medianResTime" : 3686.0,
    "minResTime" : 459.0,
    "maxResTime" : 16019.0,
    "pct1ResTime" : 7759.600000000001,
    "pct2ResTime" : 10522.899999999996,
    "pct3ResTime" : 16015.419999999998,
    "throughput" : 1.5344483658124903,
    "receivedKBytesPerSec" : 83.25581172318552,
    "sentKBytesPerSec" : 1.2152711178456344
  },
  "Login-4" : {
    "transaction" : "Login-4",
    "sampleCount" : 100,
    "errorCount" : 0,
    "errorPct" : 0.0,
    "meanResTime" : 4771.98,
    "medianResTime" : 4168.5,
    "minResTime" : 528.0,
    "maxResTime" : 17301.0,
    "pct1ResTime" : 8791.700000000003,
    "pct2ResTime" : 11335.499999999993,
    "pct3ResTime" : 17282.46999999999,
    "throughput" : 1.4142071247754946,
    "receivedKBytesPerSec" : 215.73287748723678,
    "sentKBytesPerSec" : 1.128327364200761
  },
  "Login-5" : {
    "transaction" : "Login-5",
    "sampleCount" : 100,
    "errorCount" : 0,
    "errorPct" : 0.0,
    "meanResTime" : 4475.629999999996,
    "medianResTime" : 3997.0,
    "minResTime" : 659.0,
    "maxResTime" : 15555.0,
    "pct1ResTime" : 8838.7,
    "pct2ResTime" : 10807.84999999999,
    "pct3ResTime" : 15543.909999999994,
    "throughput" : 1.4571099680892918,
    "receivedKBytesPerSec" : 31.029042933745206,
    "sentKBytesPerSec" : 1.166826341634003
  },
  "Login-6" : {
    "transaction" : "Login-6",
    "sampleCount" : 100,
    "errorCount" : 0,
    "errorPct" : 0.0,
    "meanResTime" : 4908.64,
    "medianResTime" : 4097.0,
    "minResTime" : 507.0,
    "maxResTime" : 16263.0,
    "pct1ResTime" : 10323.1,
    "pct2ResTime" : 12620.799999999996,
    "pct3ResTime" : 16258.549999999997,
    "throughput" : 1.52473888846535,
    "receivedKBytesPerSec" : 129.7234147480369,
    "sentKBytesPerSec" : 1.2090702904627584
  },
  "Logout-4" : {
    "transaction" : "Logout-4",
    "sampleCount" : 100,
    "errorCount" : 0,
    "errorPct" : 0.0,
    "meanResTime" : 3436.94,
    "medianResTime" : 2878.0,
    "minResTime" : 191.0,
    "maxResTime" : 10312.0,
    "pct1ResTime" : 7124.900000000001,
    "pct2ResTime" : 9473.699999999995,
    "pct3ResTime" : 10307.529999999997,
    "throughput" : 1.4390766883967248,
    "receivedKBytesPerSec" : 52.711805105844086,
    "sentKBytesPerSec" : 1.1102251795248168
  },
  "Login-7" : {
    "transaction" : "Login-7",
    "sampleCount" : 100,
    "errorCount" : 0,
    "errorPct" : 0.0,
    "meanResTime" : 4447.339999999999,
    "medianResTime" : 3726.5,
    "minResTime" : 390.0,
    "maxResTime" : 13778.0,
    "pct1ResTime" : 9037.6,
    "pct2ResTime" : 10703.049999999996,
    "pct3ResTime" : 13770.909999999996,
    "throughput" : 1.4715187545065262,
    "receivedKBytesPerSec" : 10.533430147004724,
    "sentKBytesPerSec" : 1.1697424474299927
  },
  "Logout-3" : {
    "transaction" : "Logout-3",
    "sampleCount" : 100,
    "errorCount" : 0,
    "errorPct" : 0.0,
    "meanResTime" : 3806.7100000000005,
    "medianResTime" : 3328.0,
    "minResTime" : 218.0,
    "maxResTime" : 14903.0,
    "pct1ResTime" : 8163.000000000004,
    "pct2ResTime" : 8747.499999999996,
    "pct3ResTime" : 14855.289999999975,
    "throughput" : 1.4255167498218104,
    "receivedKBytesPerSec" : 121.33180016037062,
    "sentKBytesPerSec" : 1.0886270491803278
  },
  "Login-8" : {
    "transaction" : "Login-8",
    "sampleCount" : 100,
    "errorCount" : 2,
    "errorPct" : 2.0,
    "meanResTime" : 5121.93,
    "medianResTime" : 4340.5,
    "minResTime" : 866.0,