{
  "Welcome-3" : {
    "transaction" : "Welcome-3",
    "sampleCount" : 3000,
    "errorCount" : 0,
    "errorPct" : 0.0,
    "meanResTime" : 32561.002999999986,
    "medianResTime" : 39271.0,
    "minResTime" : 14.0,
    "maxResTime" : 58729.0,
    "pct1ResTime" : 51980.200000000004,
    "pct2ResTime" : 53823.35,
    "pct3ResTime" : 55784.78,
    "throughput" : 18.62821802466376,
    "receivedKBytesPerSec" : 683.0407247773928,
    "sentKBytesPerSec" : 11.187845786297084
  },
  "Registration-4" : {
    "transaction" : "Registration-4",
    "sampleCount" : 2983,
    "errorCount" : 119,
    "errorPct" : 3.9892726,
    "meanResTime" : 27594.198122695216,
    "medianResTime" : 24867.0,
    "minResTime" : 26.0,
    "maxResTime" : 60321.0,
    "pct1ResTime" : 48638.799999999996,
    "pct2ResTime" : 53508.2,
    "pct3ResTime" : 55934.079999999994,
    "throughput" : 13.272052607693608,
    "receivedKBytesPerSec" : 468.7563479734314,
    "sentKBytesPerSec" : 8.26277596348072
  },
  "Registration" : {
    "transaction" : "Registration",
    "sampleCount" : 3000,
    "errorCount" : 163,
    "errorPct" : 5.4333334,
    "meanResTime" : 75553.96933333343,
    "medianResTime" : 79993.5,
    "minResTime" : 301.0,
    "maxResTime" : 136595.0,
    "pct1ResTime" : 104891.5,
    "pct2ResTime" : 112705.09999999999,
    "pct3ResTime" : 128680.73,
    "throughput" : 13.339143271291496,
    "receivedKBytesPerSec" : 3131.36320555731,
    "sentKBytesPerSec" : 43.29423464859139
  },
  "Total" : {
    "transaction" : "Total",
    "sampleCount" : 32949,
    "errorCount" : 527,
    "errorPct" : 1.5994415,
    "meanResTime" : 34503.072961242775,
    "medianResTime" : 42757.0,
    "minResTime" : 11.0,
    "maxResTime" : 136595.0,
    "pct1ResTime" : 83280.5,
    "pct2ResTime" : 94324.25000000001,
    "pct3ResTime" : 109515.57000000007,
    "throughput" : 145.92633928571428,
    "receivedKBytesPerSec" : 12737.272820505155,
    "sentKBytesPerSec" : 147.41207304454986
  },
  "Welcome" : {
    "transaction" : "Welcome",
    "sampleCount" : 3000,
    "errorCount" : 0,
    "errorPct" : 0.0,
    "meanResTime" : 54910.58899999989,
    "medianResTime" : 61588.5,
    "minResTime" : 31.0,
    "maxResTime" : 104412.0,
    "pct1ResTime" : 92660.2,
    "pct2ResTime" : 96264.85,
    "pct3ResTime" : 100441.73,
    "throughput" : 18.294356191115043,
    "receivedKBytesPerSec" : 4474.417200887276,
    "sentKBytesPerSec" : 42.10917728755678
  },
  "Registration-3" : {
    "transaction" : "Registration-3",
    "sampleCount" : 2983,
    "errorCount" : 117,
    "errorPct" : 3.922226,
    "meanResTime" : 27585.7717063359,
    "medianResTime" : 24828.0,
    "minResTime" : 28.0,
    "maxResTime" : 65377.0,
    "pct1ResTime" : 48513.6,
    "pct2ResTime" : 53265.6,
    "pct3ResTime" : 55666.64,
    "throughput" : 13.27299748155663,
    "receivedKBytesPerSec" : 1087.3950350221032,
    "sentKBytesPerSec" : 8.169506589778502
  },
  "Welcome-0" : {
    "transaction" : "Welcome-0",
    "sampleCount" : 3000,
    "errorCount" : 0,
    "errorPct" : 0.0,
    "meanResTime" : 21449.443000000014,
    "medianResTime" : 21239.0,
    "minResTime" : 11.0,
    "maxResTime" : 46928.0,
    "pct1ResTime" : 39888.8,
    "pct2ResTime" : 41554.149999999994,
    "pct3ResTime" : 43593.62999999999,
    "throughput" : 28.384899233607722,
    "receivedKBytesPerSec" : 111.34974630996311,
    "sentKBytesPerSec" : 14.358767385750781
  },
  "Registration-2" : {
    "transaction" : "Registration-2",
    "sampleCount" : 2983,
    "errorCount" : 111,
    "errorPct" : 3.7210863,
    "meanResTime" : 27705.343278578603,
    "medianResTime" : 24984.0,
    "minResTime" : 29.0,
    "maxResTime" : 61262.0,
    "pct1ResTime" : 48552.4,
    "pct2ResTime" : 53206.999999999985,
    "pct3ResTime" : 55996.87999999999,
    "throughput" : 13.275301175329213,
    "receivedKBytesPerSec" : 1520.3137803358766,
    "sentKBytesPerSec" : 8.312847959306284
  },
  "Welcome-1" : {
    "transaction" : "Welcome-1",
    "sampleCount" : 3000,
    "errorCount" : 0,
    "errorPct" : 0.0,
    "meanResTime" : 32571.22833333332,
    "medianResTime" : 39158.5,
    "minResTime" : 14.0,
    "maxResTime" : 58949.0,
    "pct1ResTime" : 51994.6,
    "pct2ResTime" : 53916.75,
    "pct3ResTime" : 55771.89,
    "throughput" : 18.577231744773606,
    "receivedKBytesPerSec" : 2207.6608923728077,
    "sentKBytesPerSec" : 11.193507799341127
  },
  "Registration-1" : {
    "transaction" : "Registration-1",
    "sampleCount" : 3000,
    "errorCount" : 17,
    "errorPct" : 0.56666666,
    "meanResTime" : 32743.807333333203,
    "medianResTime" : 32702.5,
    "minResTime" : 29.0,
    "maxResTime" : 65030.0,
    "pct1ResTime" : 50838.4,
    "pct2ResTime" : 53486.549999999996,
    "pct3ResTime" : 56541.89,
    "throughput" : 13.956863985708171,
    "receivedKBytesPerSec" : 54.76471253367093,
    "sentKBytesPerSec" : 8.687161945854346
  },
  "Welcome-2" : {
    "transaction" : "Welcome-2",
    "sampleCount" : 3000,
    "errorCount" : 0,
    "errorPct" : 0.0,
    "meanResTime" : 32606.51233333335,
    "medianResTime" : 39401.5,
    "minResTime" : 16.0,
    "maxResTime" : 58496.0,
    "pct1ResTime" : 51967.8,
    "pct2ResTime" : 53919.85,
    "pct3ResTime" : 56050.25999999998,
    "throughput" : 18.307753333536752,
    "receivedKBytesPerSec" : 1558.94810514753,
    "sentKBytesPerSec" : 10.852349876422664
  },
  "Registration-0" : {
    "transaction" : "Registration-0",
    "sampleCount" : 3000,
    "errorCount" : 0,
    "errorPct" : 0.0,
    "meanResTime" : 14135.068333333335,
    "medianResTime" : 3393.0,
    "minResTime" : 61.0,
    "maxResTime" : 61975.0,
    "pct1ResTime" : 46442.5,
    "pct2ResTime" : 51373.9,
    "pct3ResTime" : 55441.619999999995,
    "throughput" : 15.836984638124902,
    "receivedKBytesPerSec" : 5.9079376286755,
    "sentKBytesPerSec" : 12.187054584807052
  }
}