{
  "Login Welcome-1" : {
    "transaction" : "Login Welcome-1",
    "sampleCount" : 3000,
    "errorCount" : 373,
    "errorPct" : 12.433333,
    "meanResTime" : 37577.037666666685,
    "medianResTime" : 50269.5,
    "minResTime" : 58.0,
    "maxResTime" : 80873.0,
    "pct1ResTime" : 58051.1,
    "pct2ResTime" : 58776.399999999994,
    "pct3ResTime" : 61456.60999999999,
    "throughput" : 17.70966770760158,
    "receivedKBytesPerSec" : 1849.2319377069816,
    "sentKBytesPerSec" : 9.344034599894332
  },
  "Login Welcome-0" : {
    "transaction" : "Login Welcome-0",
    "sampleCount" : 3000,
    "errorCount" : 0,
    "errorPct" : 0.0,
    "meanResTime" : 30304.547666666684,
    "medianResTime" : 31054.5,
    "minResTime" : 94.0,
    "maxResTime" : 58309.0,
    "pct1ResTime" : 51258.1,
    "pct2ResTime" : 52483.95,
    "pct3ResTime" : 53510.59999999999,
    "throughput" : 25.50261401793684,
    "receivedKBytesPerSec" : 65.57459248948017,
    "sentKBytesPerSec" : 12.726402112466527
  },
  "Login" : {
    "transaction" : "Login",
    "sampleCount" : 3000,
    "errorCount" : 2465,
    "errorPct" : 82.166664,
    "meanResTime" : 93958.9473333335,
    "medianResTime" : 96570.0,
    "minResTime" : 4214.0,
    "maxResTime" : 193928.0,
    "pct1ResTime" : 138671.9,
    "pct2ResTime" : 142749.8,
    "pct3ResTime" : 150875.61999999997,
    "throughput" : 10.299580463755776,
    "receivedKBytesPerSec" : 1806.4627594260473,
    "sentKBytesPerSec" : 29.96450037700756
  },
  "Login-0" : {
    "transaction" : "Login-0",
    "sampleCount" : 2864,
    "errorCount" : 0,
    "errorPct" : 0.0,
    "meanResTime" : 30629.278980446958,
    "medianResTime" : 39741.0,
    "minResTime" : 579.0,
    "maxResTime" : 103026.0,
    "pct1ResTime" : 55430.0,
    "pct2ResTime" : 57597.75,
    "pct3ResTime" : 60860.24999999999,
    "throughput" : 12.904737444465473,
    "receivedKBytesPerSec" : 4.786016056575378,
    "sentKBytesPerSec" : 9.45171199545811
  },
  "Logout-2" : {
    "transaction" : "Logout-2",
    "sampleCount" : 2140,
    "errorCount" : 255,
    "errorPct" : 11.915888,
    "meanResTime" : 21420.961682242974,
    "medianResTime" : 17125.0,
    "minResTime" : 3.0,
    "maxResTime" : 73777.0,
    "pct1ResTime" : 38547.6,
    "pct2ResTime" : 47929.34999999998,
    "pct3ResTime" : 57496.34000000002,
    "throughput" : 7.395887333678935,
    "receivedKBytesPerSec" : 776.518550468723,
    "sentKBytesPerSec" : 3.92530199693278
  },
  "Login-1" : {
    "transaction" : "Login-1",
    "sampleCount" : 2864,
    "errorCount" : 219,
    "errorPct" : 7.646648,
    "meanResTime" : 39213.22311452511,
    "medianResTime" : 42381.5,
    "minResTime" : 153.0,
    "maxResTime" : 78314.0,
    "pct1ResTime" : 55674.5,
    "pct2ResTime" : 57976.75,
    "pct3ResTime" : 60133.75,
    "throughput" : 11.134697178225135,
    "receivedKBytesPerSec" : 36.875939149890755,
    "sentKBytesPerSec" : 6.308030168944925
  },
  "Logout-1" : {
    "transaction" : "Logout-1",
    "sampleCount" : 2224,
    "errorCount" : 84,
    "errorPct" : 3.7769785,
    "meanResTime" : 30876.589028776878,
    "medianResTime" : 31551.0,
    "minResTime" : 3.0,
    "maxResTime" : 75265.0,
    "pct1ResTime" : 49598.0,
    "pct2ResTime" : 51735.25,
    "pct3ResTime" : 56936.25,
    "throughput" : 7.351045474677895,
    "receivedKBytesPerSec" : 19.647878951517477,
    "sentKBytesPerSec" : 3.578144728665772
  },
  "Login-2" : {
    "transaction" : "Login-2",
    "sampleCount" : 2645,
    "errorCount" : 638,
    "errorPct" : 24.120983,
    "meanResTime" : 16154.452551984867,
    "medianResTime" : 180.0,
    "minResTime" : 2.0,
    "maxResTime" : 54962.0,
    "pct1ResTime" : 41751.6,
    "pct2ResTime" : 49814.2,
    "pct3ResTime" : 53040.78,
    "throughput" : 9.250871750390846,
    "receivedKBytesPerSec" : 474.3951432431476,
    "sentKBytesPerSec" : 4.321864321713493
  },
  "Logout-0" : {
    "transaction" : "Logout-0",
    "sampleCount" : 2224,
    "errorCount" : 0,
    "errorPct" : 0.0,
    "meanResTime" : 19369.21043165466,
    "medianResTime" : 4905.5,
    "minResTime" : 25.0,
    "maxResTime" : 69319.0,
    "pct1ResTime" : 49767.5,
    "pct2ResTime" : 53134.25,
    "pct3ResTime" : 58369.75,
    "throughput" : 7.642874325578199,
    "receivedKBytesPerSec" : 3.3736124952747515,
    "sentKBytesPerSec" : 4.314044297054881
  },
  "Login-3" : {
    "transaction" : "Login-3",
    "sampleCount" : 2645,
    "errorCount" : 924,
    "errorPct" : 34.933838,
    "meanResTime" : 26349.25822306239,
    "medianResTime" : 34338.0,
    "minResTime" : 2.0,
    "maxResTime" : 76088.0,
    "pct1ResTime" : 50645.200000000004,
    "pct2ResTime" : 54045.69999999998,
    "pct3ResTime" : 58334.96,
    "throughput" : 9.359452516259616,
    "receivedKBytesPerSec" : 456.1019256985089,
    "sentKBytesPerSec" : 3.856240401695671
  },
  "Login-4" : {
    "transaction" : "Login-4",
    "sampleCount" : 2645,
    "errorCount" : 950,
    "errorPct" : 35.916824,
    "meanResTime" : 25997.51077504727,
    "medianResTime" : 34175.0,
    "minResTime" : 2.0,
    "maxResTime" : 75600.0,
    "pct1ResTime" : 50868.4,
    "pct2ResTime" : 53957.09999999997,
    "pct3ResTime" : 58741.0,
    "throughput" : 9.32398467270875,
    "receivedKBytesPerSec" : 488.7390047428501,
    "sentKBytesPerSec" : 3.8261633169061993
  },
  "Login-5" : {
    "transaction" : "Login-5",
    "sampleCount" : 926,
    "errorCount" : 285,
    "errorPct" : 30.777538,
    "meanResTime" : 29320.600431965468,
    "medianResTime" : 33233.0,
    "minResTime" : 4384.0,
    "maxResTime" : 74176.0,
    "pct1ResTime" : 56115.9,
    "pct2ResTime" : 57724.799999999996,
    "pct3ResTime" : 61350.27000000002,
    "throughput" : 3.7826797385620914,
    "receivedKBytesPerSec" : 59.21024497038398,
    "sentKBytesPerSec" : 1.649325501685049
  },
  "Login-6" : {
    "transaction" : "Login-6",
    "sampleCount" : 926,
    "errorCount" : 273,
    "errorPct" : 29.481642,
    "meanResTime" : 30003.435205183534,
    "medianResTime" : 34612.0,
    "minResTime" : 4224.0,
    "maxResTime" : 77284.0,
    "pct1ResTime" : 56557.0,
    "pct2ResTime" : 58039.6,
    "pct3ResTime" : 64335.07000000003,
    "throughput" : 3.80003447115503,
    "receivedKBytesPerSec" : 231.3145749057686,
    "sentKBytesPerSec" : 1.6669754600770677
  },
  "Logout-4" : {
    "transaction" : "Logout-4",
    "sampleCount" : 2140,
    "errorCount" : 269,
    "errorPct" : 12.570093,
    "meanResTime" : 21221.28504672899,
    "medianResTime" : 17019.0,
    "minResTime" : 3.0,
    "maxResTime" : 86367.0,
    "pct1ResTime" : 38705.9,
    "pct2ResTime" : 47300.85,
    "pct3ResTime" : 57235.270000000004,
    "throughput" : 7.395887333678935,
    "receivedKBytesPerSec" : 239.57014374891997,
    "sentKBytesPerSec" : 3.8835192295230687
  },
  "Login-7" : {
    "transaction" : "Login-7",
    "sampleCount" : 926,
    "errorCount" : 275,
    "errorPct" : 29.697624,
    "meanResTime" : 29844.85745140392,
    "medianResTime" : 34534.5,
    "minResTime" : 4309.0,
    "maxResTime" : 83824.0,
    "pct1ResTime" : 56260.400000000016,
    "pct2ResTime" : 57987.85,
    "pct3ResTime" : 61519.69000000001,
    "throughput" : 3.722777690671748,
    "receivedKBytesPerSec" : 22.01590761299997,
    "sentKBytesPerSec" : 1.6331948661548852
  },
  "Logout-3" : {
    "transaction" : "Logout-3",
    "sampleCount" : 2140,
    "errorCount" : 260,
    "errorPct" : 12.149532,
    "meanResTime" : 21341.86121495334,
    "medianResTime" : 17033.0,
    "minResTime" : 3.0,
    "maxResTime" : 89038.0,
    "pct1ResTime" : 38481.6,
    "pct2ResTime" : 48057.29999999994,
    "pct3ResTime" : 57626.91,
    "throughput" : 7.395682856530665,
    "receivedKBytesPerSec" : 555.6358143502167,
    "sentKBytesPerSec" : 3.85133316687287
  },
  "Login-8" : {
    "transaction" : "Login-8",
    "sampleCount" : 926,
    "errorCount" : 317,
    "errorPct" : 34.23326,
    "meanResTime" : 29380.33801295899,
    "medianResTime" : 32457.0,
    "minResTime" : 66.0,
    "maxResTime" : 95331.0,
    "pct1ResTime" : 56344.9,