{
  "Show Contact Page-6" : {
    "transaction" : "Show Contact Page-6",
    "sampleCount" : 2683,
    "errorCount" : 1082,
    "errorPct" : 40.32799,
    "meanResTime" : 17158.534476332497,
    "medianResTime" : 7321.0,
    "minResTime" : 23.0,
    "maxResTime" : 55985.0,
    "pct1ResTime" : 41806.2,
    "pct2ResTime" : 45022.799999999996,
    "pct3ResTime" : 50850.479999999996,
    "throughput" : 18.660972624081907,
    "receivedKBytesPerSec" : 101.7915278693071,
    "sentKBytesPerSec" : 6.415891190984587
  },
  "Show Contact Page-5" : {
    "transaction" : "Show Contact Page-5",
    "sampleCount" : 2683,
    "errorCount" : 1071,
    "errorPct" : 39.918003,
    "meanResTime" : 17266.292582929545,
    "medianResTime" : 7844.0,
    "minResTime" : 18.0,
    "maxResTime" : 54451.0,
    "pct1ResTime" : 41562.399999999994,
    "pct2ResTime" : 44747.799999999996,
    "pct3ResTime" : 50739.079999999994,
    "throughput" : 18.706771530566712,
    "receivedKBytesPerSec" : 978.1568562117393,
    "sentKBytesPerSec" : 6.453875397423025
  },
  "Show Contact Page-4" : {
    "transaction" : "Show Contact Page-4",
    "sampleCount" : 2683,
    "errorCount" : 995,
    "errorPct" : 37.085354,
    "meanResTime" : 18102.41781587771,
    "medianResTime" : 10076.0,
    "minResTime" : 25.0,
    "maxResTime" : 55667.0,
    "pct1ResTime" : 42007.8,
    "pct2ResTime" : 45097.399999999994,
    "pct3ResTime" : 50328.23999999998,
    "throughput" : 18.855990273316984,
    "receivedKBytesPerSec" : 273.2008763304788,
    "sentKBytesPerSec" : 6.904741406573946
  },
  "Show Contact Page-3" : {
    "transaction" : "Show Contact Page-3",
    "sampleCount" : 2683,
    "errorCount" : 897,
    "errorPct" : 33.432724,
    "meanResTime" : 19280.208348863245,
    "medianResTime" : 14258.0,
    "minResTime" : 24.0,
    "maxResTime" : 55608.0,
    "pct1ResTime" : 42709.4,
    "pct2ResTime" : 45135.799999999996,
    "pct3ResTime" : 49605.67999999999,
    "throughput" : 18.763549898594306,
    "receivedKBytesPerSec" : 1923.8984765652317,
    "sentKBytesPerSec" : 7.233200857577453
  },
  "Show Contact Page-7" : {
    "transaction" : "Show Contact Page-7",
    "sampleCount" : 2683,
    "errorCount" : 1395,
    "errorPct" : 51.994038,
    "meanResTime" : 15259.069698099125,
    "medianResTime" : 6307.0,
    "minResTime" : 0.0,
    "maxResTime" : 54700.0,
    "pct1ResTime" : 40001.2,
    "pct2ResTime" : 44570.799999999996,
    "pct3ResTime" : 50807.19999999998,
    "throughput" : 18.728840180098427,
    "receivedKBytesPerSec" : 541.789935342571,
    "sentKBytesPerSec" : 5.189118617151234
  },
  "Show Contact Page-2" : {
    "transaction" : "Show Contact Page-2",
    "sampleCount" : 2683,
    "errorCount" : 603,
    "errorPct" : 22.474842,
    "meanResTime" : 22691.840849794997,
    "medianResTime" : 24545.0,
    "minResTime" : 17.0,
    "maxResTime" : 57462.0,
    "pct1ResTime" : 43636.0,
    "pct2ResTime" : 45634.19999999999,
    "pct3ResTime" : 48654.08,
    "throughput" : 18.66408815181702,
    "receivedKBytesPerSec" : 797.6992344563032,
    "sentKBytesPerSec" : 8.294449816350381
  },
  "Show Contact Page-1" : {
    "transaction" : "Show Contact Page-1",
    "sampleCount" : 2683,
    "errorCount" : 0,
    "errorPct" : 0.0,
    "meanResTime" : 168.18412225121145,
    "medianResTime" : 113.0,
    "minResTime" : 73.0,
    "maxResTime" : 2749.0,
    "pct1ResTime" : 176.5999999999999,
    "pct2ResTime" : 256.7999999999997,
    "pct3ResTime" : 2011.199999999997,
    "throughput" : 23.137887320299765,
    "receivedKBytesPerSec" : 138.1494561292117,
    "sentKBytesPerSec" : 12.20162026656433
  },
  "Show Contact Page-0" : {
    "transaction" : "Show Contact Page-0",
    "sampleCount" : 2683,
    "errorCount" : 0,
    "errorPct" : 0.0,
    "meanResTime" : 25042.593738352578,
    "medianResTime" : 25546.0,
    "minResTime" : 12.0,
    "maxResTime" : 59534.0,
    "pct1ResTime" : 45035.799999999996,
    "pct2ResTime" : 47246.0,
    "pct3ResTime" : 52131.51999999998,
    "throughput" : 23.132700481967184,
    "receivedKBytesPerSec" : 137.7118575567109,
    "sentKBytesPerSec" : 11.588940768798013
  },
  "Send Email-2" : {
    "transaction" : "Send Email-2",
    "sampleCount" : 2405,
    "errorCount" : 756,
    "errorPct" : 31.434511,
    "meanResTime" : 16531.703534303502,
    "medianResTime" : 17084.0,
    "minResTime" : 3.0,
    "maxResTime" : 50137.0,
    "pct1ResTime" : 32492.400000000023,
    "pct2ResTime" : 41892.0,
    "pct3ResTime" : 46495.340000000004,
    "throughput" : 12.464110617038259,
    "receivedKBytesPerSec" : 475.11004586099534,
    "sentKBytesPerSec" : 5.308219510867875
  },
  "Send Email-1" : {
    "transaction" : "Send Email-1",
    "sampleCount" : 2534,
    "errorCount" : 129,
    "errorPct" : 5.0907655,
    "meanResTime" : 25552.09786898183,
    "medianResTime" : 25544.5,
    "minResTime" : 3.0,
    "maxResTime" : 51594.0,
    "pct1ResTime" : 39922.0,
    "pct2ResTime" : 44604.75,
    "pct3ResTime" : 47435.000000000015,
    "throughput" : 13.665460467775075,
    "receivedKBytesPerSec" : 79.30542665634387,
    "sentKBytesPerSec" : 8.055346395694356
  },
  "Show Contact Page" : {
    "transaction" : "Show Contact Page",
    "sampleCount" : 3000,
    "errorCount" : 1882,
    "errorPct" : 62.733334,
    "meanResTime" : 51312.35866666671,
    "medianResTime" : 66335.0,
    "minResTime" : 1250.0,
    "maxResTime" : 87273.0,
    "pct1ResTime" : 79287.5,
    "pct2ResTime" : 80420.55,
    "pct3ResTime" : 82436.92,
    "throughput" : 20.845493204369216,
    "receivedKBytesPerSec" : 4822.599397174394,
    "sentKBytesPerSec" : 59.47587671584466
  },
  "Send Email-4" : {
    "transaction" : "Send Email-4",
    "sampleCount" : 2405,
    "errorCount" : 997,
    "errorPct" : 41.455303,
    "meanResTime" : 14766.696881496922,
    "medianResTime" : 14023.0,
    "minResTime" : 2.0,
    "maxResTime" : 75422.0,
    "pct1ResTime" : 31185.200000000008,
    "pct2ResTime" : 41824.69999999999,
    "pct3ResTime" : 46397.960000000014,
    "throughput" : 12.463400098463453,
    "receivedKBytesPerSec" : 169.50013097420518,
    "sentKBytesPerSec" : 4.596233044204908
  },
  "Send Email-3" : {
    "transaction" : "Send Email-3",
    "sampleCount" : 2405,
    "errorCount" : 920,
    "errorPct" : 38.25364,
    "meanResTime" : 15390.999584199588,
    "medianResTime" : 15386.0,
    "minResTime" : 3.0,
    "maxResTime" : 49161.0,
    "pct1ResTime" : 32210.60000000001,
    "pct2ResTime" : 42078.4,
    "pct3ResTime" : 46439.82,
    "throughput" : 12.464110617038259,
    "receivedKBytesPerSec" : 1186.2486847172772,
    "sentKBytesPerSec" : 4.825257493366294
  },
  "Send Email-6" : {
    "transaction" : "Send Email-6",
    "sampleCount" : 2403,
    "errorCount" : 1073,
    "errorPct" : 44.65252,
    "meanResTime" : 14149.637952559278,
    "medianResTime" : 12922.0,
    "minResTime" : 2.0,
    "maxResTime" : 78820.0,
    "pct1ResTime" : 29927.999999999996,
    "pct2ResTime" : 40702.39999999999,
    "pct3ResTime" : 46892.520000000004,
    "throughput" : 12.458910998890467,
    "receivedKBytesPerSec" : 64.35148096198814,
    "sentKBytesPerSec" : 4.303074400256126
  },
  "Send Email-5" : {
    "transaction" : "Send Email-5",
    "sampleCount" : 2403,
    "errorCount" : 1042,
    "errorPct" : 43.362465,
    "meanResTime" : 14365.018726591801,
    "medianResTime" : 13450.0,
    "minResTime" : 2.0,
    "maxResTime" : 66066.0,
    "pct1ResTime" : 30751.599999999995,
    "pct2ResTime" : 41426.59999999999,
    "pct3ResTime" : 46899.08000000001,
    "throughput" : 12.452390205985232,
    "receivedKBytesPerSec" : 614.6011060370514,
    "sentKBytesPerSec" : 4.387292111996373
  },
  "Total" : {
    "transaction" : "Total",
    "sampleCount" : 46956,
    "errorCount" : 15977,