{
  "Login Welcome-1" : {
    "transaction" : "Login Welcome-1",
    "sampleCount" : 3000,
    "errorCount" : 388,
    "errorPct" : 12.933333,
    "meanResTime" : 35412.015000000014,
    "medianResTime" : 42388.0,
    "minResTime" : 60.0,
    "maxResTime" : 75665.0,
    "pct1ResTime" : 57559.6,
    "pct2ResTime" : 58817.85,
    "pct3ResTime" : 62605.81999999999,
    "throughput" : 18.166294257634384,
    "receivedKBytesPerSec" : 1886.3798587267852,
    "sentKBytesPerSec" : 9.530231930592645
  },
  "Login Welcome-0" : {
    "transaction" : "Login Welcome-0",
    "sampleCount" : 3000,
    "errorCount" : 0,
    "errorPct" : 0.0,
    "meanResTime" : 27066.239000000038,
    "medianResTime" : 29370.0,
    "minResTime" : 36.0,
    "maxResTime" : 54938.0,
    "pct1ResTime" : 45076.8,
    "pct2ResTime" : 45963.5,
    "pct3ResTime" : 48554.88,
    "throughput" : 26.12330198537095,
    "receivedKBytesPerSec" : 67.17056067136886,
    "sentKBytesPerSec" : 13.036139955590386
  },
  "Login" : {
    "transaction" : "Login",
    "sampleCount" : 3000,
    "errorCount" : 2508,
    "errorPct" : 83.6,
    "meanResTime" : 96381.81033333366,
    "medianResTime" : 98689.0,
    "minResTime" : 4314.0,
    "maxResTime" : 163851.0,
    "pct1ResTime" : 139343.5,
    "pct2ResTime" : 147611.35,
    "pct3ResTime" : 155498.06999999998,
    "throughput" : 10.355540214014496,
    "receivedKBytesPerSec" : 1842.352200956809,
    "sentKBytesPerSec" : 30.2888224887815
  },
  "Login-0" : {
    "transaction" : "Login-0",
    "sampleCount" : 2859,
    "errorCount" : 0,
    "errorPct" : 0.0,
    "meanResTime" : 28772.33613151453,
    "medianResTime" : 37289.0,
    "minResTime" : 325.0,
    "maxResTime" : 65503.0,
    "pct1ResTime" : 55050.0,
    "pct2ResTime" : 57680.0,
    "pct3ResTime" : 61005.600000000006,
    "throughput" : 12.91672125814919,
    "receivedKBytesPerSec" : 4.791161460145205,
    "sentKBytesPerSec" : 9.46048920274599
  },
  "Logout-2" : {
    "transaction" : "Logout-2",
    "sampleCount" : 2211,
    "errorCount" : 364,
    "errorPct" : 16.463139,
    "meanResTime" : 20210.043419267306,
    "medianResTime" : 15763.0,
    "minResTime" : 2.0,
    "maxResTime" : 70133.0,
    "pct1ResTime" : 37332.2,
    "pct2ResTime" : 50810.6,
    "pct3ResTime" : 56545.76000000001,
    "throughput" : 7.8558865853008575,
    "receivedKBytesPerSec" : 783.2791035715237,
    "sentKBytesPerSec" : 3.9541993939757325
  },
  "Login-1" : {
    "transaction" : "Login-1",
    "sampleCount" : 2859,
    "errorCount" : 169,
    "errorPct" : 5.9111576,
    "meanResTime" : 41276.26722630302,
    "medianResTime" : 44535.0,
    "minResTime" : 370.0,
    "maxResTime" : 67739.0,
    "pct1ResTime" : 55688.0,
    "pct2ResTime" : 57413.0,
    "pct3ResTime" : 60783.8,
    "throughput" : 11.173730204636765,
    "receivedKBytesPerSec" : 36.72022399611323,
    "sentKBytesPerSec" : 6.450599344681633
  },
  "Logout-1" : {
    "transaction" : "Logout-1",
    "sampleCount" : 2317,
    "errorCount" : 106,
    "errorPct" : 4.574881,
    "meanResTime" : 31620.46050927924,
    "medianResTime" : 34143.0,
    "minResTime" : 3.0,
    "maxResTime" : 61132.0,
    "pct1ResTime" : 51552.8,
    "pct2ResTime" : 54032.899999999994,
    "pct3ResTime" : 57121.26000000001,
    "throughput" : 7.869709938183547,
    "receivedKBytesPerSec" : 21.04509767084437,
    "sentKBytesPerSec" : 3.7988420559914404
  },
  "Login-2" : {
    "transaction" : "Login-2",
    "sampleCount" : 2690,
    "errorCount" : 639,
    "errorPct" : 23.754646,
    "meanResTime" : 18448.5182156134,
    "medianResTime" : 250.0,
    "minResTime" : 2.0,
    "maxResTime" : 59859.0,
    "pct1ResTime" : 52688.8,
    "pct2ResTime" : 54486.25,
    "pct3ResTime" : 57052.96000000001,
    "throughput" : 9.46213562863404,
    "receivedKBytesPerSec" : 503.4921922541516,
    "sentKBytesPerSec" : 4.452565219264767
  },
  "Logout-0" : {
    "transaction" : "Logout-0",
    "sampleCount" : 2317,
    "errorCount" : 0,
    "errorPct" : 0.0,
    "meanResTime" : 19178.86275356069,
    "medianResTime" : 4396.0,
    "minResTime" : 29.0,
    "maxResTime" : 63050.0,
    "pct1ResTime" : 52130.0,
    "pct2ResTime" : 54839.7,
    "pct3ResTime" : 58538.08000000001,
    "throughput" : 8.108202687569989,
    "receivedKBytesPerSec" : 3.5790113425601904,
    "sentKBytesPerSec" : 4.576700345132279
  },
  "Login-3" : {
    "transaction" : "Login-3",
    "sampleCount" : 2690,
    "errorCount" : 936,
    "errorPct" : 34.79554,
    "meanResTime" : 27863.13754646841,
    "medianResTime" : 35037.5,
    "minResTime" : 2.0,
    "maxResTime" : 71005.0,
    "pct1ResTime" : 54153.6,
    "pct2ResTime" : 55859.2,
    "pct3ResTime" : 58840.07000000002,
    "throughput" : 9.538026231345004,
    "receivedKBytesPerSec" : 468.6657472502828,
    "sentKBytesPerSec" : 3.940003731885728
  },
  "Login-4" : {
    "transaction" : "Login-4",
    "sampleCount" : 2690,
    "errorCount" : 933,
    "errorPct" : 34.684013,
    "meanResTime" : 27865.362453531543,
    "medianResTime" : 35069.0,
    "minResTime" : 2.0,
    "maxResTime" : 73110.0,
    "pct1ResTime" : 54262.8,
    "pct2ResTime" : 55544.6,
    "pct3ResTime" : 58122.130000000005,
    "throughput" : 9.615212767858738,
    "receivedKBytesPerSec" : 501.9022661876933,
    "sentKBytesPerSec" : 4.023675562525692
  },
  "Login-5" : {
    "transaction" : "Login-5",
    "sampleCount" : 906,
    "errorCount" : 286,
    "errorPct" : 31.56733,
    "meanResTime" : 28575.538631346575,
    "medianResTime" : 32691.5,
    "minResTime" : 3411.0,
    "maxResTime" : 71354.0,
    "pct1ResTime" : 54605.40000000001,
    "pct2ResTime" : 56735.4,
    "pct3ResTime" : 60600.66999999999,
    "throughput" : 3.664307381193124,
    "receivedKBytesPerSec" : 56.822548028311424,
    "sentKBytesPerSec" : 1.5794836956521738
  },
  "Login-6" : {
    "transaction" : "Login-6",
    "sampleCount" : 906,
    "errorCount" : 284,
    "errorPct" : 31.346579,
    "meanResTime" : 28575.082781456942,
    "medianResTime" : 33211.5,
    "minResTime" : 2787.0,
    "maxResTime" : 70060.0,
    "pct1ResTime" : 54308.8,
    "pct2ResTime" : 56177.149999999994,
    "pct3ResTime" : 59743.189999999995,
    "throughput" : 3.6460806645042374,
    "receivedKBytesPerSec" : 216.35039769594667,
    "sentKBytesPerSec" : 1.5571409832948335
  },
  "Logout-4" : {
    "transaction" : "Logout-4",
    "sampleCount" : 2211,
    "errorCount" : 386,
    "errorPct" : 17.458164,
    "meanResTime" : 19898.729534147446,
    "medianResTime" : 15624.0,
    "minResTime" : 3.0,
    "maxResTime" : 69402.0,
    "pct1ResTime" : 37267.2,
    "pct2ResTime" : 51280.60000000002,
    "pct3ResTime" : 56964.08000000001,
    "throughput" : 7.855635379138332,
    "receivedKBytesPerSec" : 241.36224788842048,
    "sentKBytesPerSec" : 3.8943107432742115
  },
  "Login-7" : {
    "transaction" : "Login-7",
    "sampleCount" : 906,
    "errorCount" : 284,
    "errorPct" : 31.346579,
    "meanResTime" : 28760.243929359793,
    "medianResTime" : 33353.0,
    "minResTime" : 4305.0,
    "maxResTime" : 75061.0,
    "pct1ResTime" : 54582.8,
    "pct2ResTime" : 56575.7,
    "pct3ResTime" : 63097.73999999995,
    "throughput" : 3.672923338873799,
    "receivedKBytesPerSec" : 21.458815801475655,
    "sentKBytesPerSec" : 1.573529728483399
  },
  "Logout-3" : {
    "transaction" : "Logout-3",
    "sampleCount" : 2211,
    "errorCount" : 383,
    "errorPct" : 17.32248,
    "meanResTime" : 19910.452736318402,
    "medianResTime" : 15678.0,
    "minResTime" : 3.0,
    "maxResTime" : 61895.0,
    "pct1ResTime" : 36982.0,
    "pct2ResTime" : 51038.8,
    "pct3ResTime" : 56607.56000000002,
    "throughput" : 7.855998237641281,
    "receivedKBytesPerSec" : 556.6609549437094,
    "sentKBytesPerSec" : 3.850149209781091
  },
  "Login-8" : {
    "transaction" : "Login-8",
    "sampleCount" : 906,
    "errorCount" : 327,
    "errorPct" : 36.092716,
    "meanResTime" : 27997.789183222965,
    "medianResTime" : 30717.5,
    "minResTime" : 683.0,
    "maxResTime" : 95975.0,