{
  "Login Welcome-1" : {
    "transaction" : "Login Welcome-1",
    "sampleCount" : 100,
    "errorCount" : 0,
    "errorPct" : 0.0,
    "meanResTime" : 3508.37,
    "medianResTime" : 2789.5,
    "minResTime" : 333.0,
    "maxResTime" : 11512.0,
    "pct1ResTime" : 7207.2,
    "pct2ResTime" : 8770.999999999998,
    "pct3ResTime" : 11509.529999999999,
    "throughput" : 6.290890790135883,
    "receivedKBytesPerSec" : 747.3504537304982,
    "sentKBytesPerSec" : 4.865610845495722
  },
  "Login Welcome-0" : {
    "transaction" : "Login Welcome-0",
    "sampleCount" : 100,
    "errorCount" : 0,
    "errorPct" : 0.0,
    "meanResTime" : 2094.1600000000003,
    "medianResTime" : 1686.0,
    "minResTime" : 343.0,
    "maxResTime" : 9614.0,
    "pct1ResTime" : 3686.4,
    "pct2ResTime" : 5469.649999999995,
    "pct3ResTime" : 9609.689999999999,
    "throughput" : 6.919457514530861,
    "receivedKBytesPerSec" : 20.51166415115555,
    "sentKBytesPerSec" : 3.527301584555771
  },
  "Login" : {
    "transaction" : "Login",
    "sampleCount" : 100,
    "errorCount" : 3,
    "errorPct" : 3.0,
    "meanResTime" : 31448.13,
    "medianResTime" : 37374.5,
    "minResTime" : 7990.0,
    "maxResTime" : 53911.0,
    "pct1ResTime" : 45547.3,
    "pct2ResTime" : 47287.95,
    "pct3ResTime" : 53867.66999999998,
    "throughput" : 1.7243163085836466,
    "receivedKBytesPerSec" : 667.6323399295617,
    "sentKBytesPerSec" : 12.081243722410939
  },
  "Login-0" : {
    "transaction" : "Login-0",
    "sampleCount" : 100,
    "errorCount" : 0,
    "errorPct" : 0.0,
    "meanResTime" : 21153.520000000004,
    "medianResTime" : 25460.5,
    "minResTime" : 2957.0,
    "maxResTime" : 44456.0,
    "pct1ResTime" : 31372.4,
    "pct2ResTime" : 33772.75,
    "pct3ResTime" : 44412.82999999998,
    "throughput" : 2.0671834625322996,
    "receivedKBytesPerSec" : 1.086078811369509,
    "sentKBytesPerSec" : 1.867328811369509
  },
  "Logout-2" : {
    "transaction" : "Logout-2",
    "sampleCount" : 100,
    "errorCount" : 0,
    "errorPct" : 0.0,
    "meanResTime" : 2099.9099999999985,
    "medianResTime" : 1619.0,
    "minResTime" : 257.0,
    "maxResTime" : 11426.0,
    "pct1ResTime" : 3632.6000000000004,
    "pct2ResTime" : 5113.049999999995,
    "pct3ResTime" : 11366.559999999969,
    "throughput" : 1.9774178877222122,
    "receivedKBytesPerSec" : 234.91492777481167,
    "sentKBytesPerSec" : 1.5294091475351486
  },
  "Login-1" : {
    "transaction" : "Login-1",
    "sampleCount" : 100,
    "errorCount" : 0,
    "errorPct" : 0.0,
    "meanResTime" : 3752.5299999999997,
    "medianResTime" : 3098.0,
    "minResTime" : 883.0,
    "maxResTime" : 13133.0,
    "pct1ResTime" : 6616.000000000003,
    "pct2ResTime" : 10031.949999999997,
    "pct3ResTime" : 13121.429999999995,
    "throughput" : 1.9392246979657533,
    "receivedKBytesPerSec" : 9.296915905520972,
    "sentKBytesPerSec" : 1.5074441988093161
  },
  "Logout-1" : {
    "transaction" : "Logout-1",
    "sampleCount" : 100,
    "errorCount" : 0,
    "errorPct" : 0.0,
    "meanResTime" : 1605.4500000000005,
    "medianResTime" : 1343.5,
    "minResTime" : 272.0,
    "maxResTime" : 5416.0,
    "pct1ResTime" : 2831.0,
    "pct2ResTime" : 3982.849999999994,
    "pct3ResTime" : 5413.259999999998,
    "throughput" : 1.9528580076942605,
    "receivedKBytesPerSec" : 5.3544925498467,
    "sentKBytesPerSec" : 1.3368686165953874
  },
  "Login-2" : {
    "transaction" : "Login-2",
    "sampleCount" : 100,
    "errorCount" : 0,
    "errorPct" : 0.0,
    "meanResTime" : 114.88,
    "medianResTime" : 105.0,
    "minResTime" : 83.0,
    "maxResTime" : 901.0,
    "pct1ResTime" : 125.9,
    "pct2ResTime" : 132.95,
    "pct3ResTime" : 893.7199999999963,
    "throughput" : 1.9849146486701073,
    "receivedKBytesPerSec" : 11.851336095672885,
    "sentKBytesPerSec" : 1.14171360162763
  },
  "Logout-0" : {
    "transaction" : "Logout-0",
    "sampleCount" : 100,
    "errorCount" : 0,
    "errorPct" : 0.0,
    "meanResTime" : 2573.7799999999993,
    "medianResTime" : 2001.5,
    "minResTime" : 482.0,
    "maxResTime" : 8190.0,
    "pct1ResTime" : 5021.2,
    "pct2ResTime" : 6365.199999999997,
    "pct3ResTime" : 8186.339999999998,
    "throughput" : 1.9157822138779264,
    "receivedKBytesPerSec" : 1.0308554686003295,
    "sentKBytesPerSec" : 1.4087734443848423
  },
  "Login-3" : {
    "transaction" : "Login-3",
    "sampleCount" : 100,
    "errorCount" : 0,
    "errorPct" : 0.0,
    "meanResTime" : 3663.5199999999995,
    "medianResTime" : 3008.5,
    "minResTime" : 370.0,
    "maxResTime" : 11404.0,
    "pct1ResTime" : 6949.6,
    "pct2ResTime" : 8718.699999999997,
    "pct3ResTime" : 11388.799999999992,
    "throughput" : 1.8666816001194677,
    "receivedKBytesPerSec" : 101.28206025648205,
    "sentKBytesPerSec" : 1.4783972438446176
  },
  "Login-4" : {
    "transaction" : "Login-4",
    "sampleCount" : 100,
    "errorCount" : 0,
    "errorPct" : 0.0,
    "meanResTime" : 4133.769999999999,
    "medianResTime" : 3454.5,
    "minResTime" : 517.0,
    "maxResTime" : 11115.0,
    "pct1ResTime" : 8686.300000000001,
    "pct2ResTime" : 9743.649999999998,
    "pct3ResTime" : 11110.759999999998,
    "throughput" : 1.8764190419004372,
    "receivedKBytesPerSec" : 286.2418610324058,
    "sentKBytesPerSec" : 1.4971038644850168
  },
  "Login-5" : {
    "transaction" : "Login-5",
    "sampleCount" : 100,
    "errorCount" : 0,
    "errorPct" : 0.0,
    "meanResTime" : 3775.9699999999993,
    "medianResTime" : 3191.0,
    "minResTime" : 602.0,
    "maxResTime" : 11710.0,
    "pct1ResTime" : 7316.700000000001,
    "pct2ResTime" : 8849.65,
    "pct3ResTime" : 11692.669999999991,
    "throughput" : 1.9407677677289135,
    "receivedKBytesPerSec" : 41.328497991305355,
    "sentKBytesPerSec" : 1.554130439001669
  },
  "Login-6" : {
    "transaction" : "Login-6",
    "sampleCount" : 100,
    "errorCount" : 0,
    "errorPct" : 0.0,
    "meanResTime" : 4021.67,
    "medianResTime" : 3160.0,
    "minResTime" : 892.0,
    "maxResTime" : 15460.0,
    "pct1ResTime" : 7964.9000000000015,
    "pct2ResTime" : 10300.549999999992,
    "pct3ResTime" : 15432.349999999986,
    "throughput" : 1.8909310944709175,
    "receivedKBytesPerSec" : 160.87871863418047,
    "sentKBytesPerSec" : 1.4994492663187353
  },
  "Logout-4" : {
    "transaction" : "Logout-4",
    "sampleCount" : 100,
    "errorCount" : 0,
    "errorPct" : 0.0,
    "meanResTime" : 2109.970000000001,
    "medianResTime" : 1566.0,
    "minResTime" : 195.0,
    "maxResTime" : 9427.0,
    "pct1ResTime" : 4221.3,
    "pct2ResTime" : 5020.15,
    "pct3ResTime" : 9416.349999999995,
    "throughput" : 1.983812093318521,
    "receivedKBytesPerSec" : 72.66486718378034,
    "sentKBytesPerSec" : 1.5304800329312807
  },
  "Login-7" : {
    "transaction" : "Login-7",
    "sampleCount" : 100,
    "errorCount" : 0,
    "errorPct" : 0.0,
    "meanResTime" : 3904.36,
    "medianResTime" : 3303.0,
    "minResTime" : 433.0,
    "maxResTime" : 10469.0,
    "pct1ResTime" : 7621.3,
    "pct2ResTime" : 8879.349999999997,
    "pct3ResTime" : 10461.979999999996,
    "throughput" : 1.8609844607797525,
    "receivedKBytesPerSec" : 13.321304782730063,
    "sentKBytesPerSec" : 1.4793372569089047
  },
  "Logout-3" : {
    "transaction" : "Logout-3",
    "sampleCount" : 100,
    "errorCount" : 0,
    "errorPct" : 0.0,
    "meanResTime" : 2194.7300000000005,
    "medianResTime" : 1673.0,
    "minResTime" : 367.0,
    "maxResTime" : 12318.0,
    "pct1ResTime" : 4065.2000000000007,
    "pct2ResTime" : 5281.249999999996,
    "pct3ResTime" : 12305.259999999993,
    "throughput" : 1.9762064740524092,
    "receivedKBytesPerSec" : 168.20334732322834,
    "sentKBytesPerSec" : 1.509173303426742
  },
  "Login-8" : {
    "transaction" : "Login-8",
    "sampleCount" : 100,
    "errorCount" : 3,
    "errorPct" : 3.0,
    "meanResTime" : 4261.950000000001,
    "medianResTime" : 3473.0,
    "minResTime" : 681.0,
    "maxResTime" : 15004.0,
    "pct1ResTime" : 8519.800000000001,