{
  "Welcome-3" : {
    "transaction" : "Welcome-3",
    "sampleCount" : 996,
    "errorCount" : 57,
    "errorPct" : 5.7228913,
    "meanResTime" : 15522.640562249002,
    "medianResTime" : 12405.0,
    "minResTime" : 247.0,
    "maxResTime" : 96118.0,
    "pct1ResTime" : 23845.9,
    "pct2ResTime" : 77366.15,
    "pct3ResTime" : 81266.98,
    "throughput" : 6.5897422325729105,
    "receivedKBytesPerSec" : 229.9750413926454,
    "sentKBytesPerSec" : 3.762993610398031
  },
  "Registration-4" : {
    "transaction" : "Registration-4",
    "sampleCount" : 909,
    "errorCount" : 22,
    "errorPct" : 2.420242,
    "meanResTime" : 10595.640264026406,
    "medianResTime" : 8398.0,
    "minResTime" : 102.0,
    "maxResTime" : 101785.0,
    "pct1ResTime" : 17209.0,
    "pct2ResTime" : 22434.5,
    "pct3ResTime" : 78360.0,
    "throughput" : 5.54508354226525,
    "receivedKBytesPerSec" : 198.69095743240976,
    "sentKBytesPerSec" : 3.5191850397123146
  },
  "Registration" : {
    "transaction" : "Registration",
    "sampleCount" : 1000,
    "errorCount" : 126,
    "errorPct" : 12.6,
    "meanResTime" : 43430.20800000002,
    "medianResTime" : 41175.0,
    "minResTime" : 451.0,
    "maxResTime" : 149794.0,
    "pct1ResTime" : 79329.2,
    "pct2ResTime" : 98155.29999999999,
    "pct3ResTime" : 119719.48,
    "throughput" : 5.931374002787745,
    "receivedKBytesPerSec" : 1296.1738583031822,
    "sentKBytesPerSec" : 18.06571406328776
  },
  "Total" : {
    "transaction" : "Total",
    "sampleCount" : 10603,
    "errorCount" : 475,
    "errorPct" : 4.479864,
    "meanResTime" : 17349.392719041804,
    "medianResTime" : 12580.0,
    "minResTime" : 56.0,
    "maxResTime" : 149794.0,
    "pct1ResTime" : 37069.800000000025,
    "pct2ResTime" : 60596.39999999998,
    "pct3ResTime" : 95263.56,
    "throughput" : 61.09126526849504,
    "receivedKBytesPerSec" : 5188.204744351737,
    "sentKBytesPerSec" : 60.53938029355842
  },
  "Welcome" : {
    "transaction" : "Welcome",
    "sampleCount" : 1000,
    "errorCount" : 93,
    "errorPct" : 9.3,
    "meanResTime" : 29475.571,
    "medianResTime" : 26031.0,
    "minResTime" : 993.0,
    "maxResTime" : 115423.0,
    "pct1ResTime" : 51469.399999999994,
    "pct2ResTime" : 93639.05,
    "pct3ResTime" : 105975.96,
    "throughput" : 6.03216349575939,
    "receivedKBytesPerSec" : 1397.9615422715167,
    "sentKBytesPerSec" : 13.355887419847628
  },
  "Registration-3" : {
    "transaction" : "Registration-3",
    "sampleCount" : 909,
    "errorCount" : 15,
    "errorPct" : 1.650165,
    "meanResTime" : 10081.332233223313,
    "medianResTime" : 8224.0,
    "minResTime" : 140.0,
    "maxResTime" : 92698.0,
    "pct1ResTime" : 17246.0,
    "pct2ResTime" : 21052.0,
    "pct3ResTime" : 77847.7,
    "throughput" : 5.803152471606689,
    "receivedKBytesPerSec" : 486.20485065381223,
    "sentKBytesPerSec" : 3.667444530097868
  },
  "Welcome-0" : {
    "transaction" : "Welcome-0",
    "sampleCount" : 996,
    "errorCount" : 0,
    "errorPct" : 0.0,
    "meanResTime" : 9094.849397590358,
    "medianResTime" : 8811.5,
    "minResTime" : 149.0,
    "maxResTime" : 29928.0,
    "pct1ResTime" : 15654.800000000001,
    "pct2ResTime" : 18865.64999999999,
    "pct3ResTime" : 25928.589999999997,
    "throughput" : 11.80584365554436,
    "receivedKBytesPerSec" : 46.31257223078291,
    "sentKBytesPerSec" : 5.995154981331121
  },
  "Registration-2" : {
    "transaction" : "Registration-2",
    "sampleCount" : 909,
    "errorCount" : 21,
    "errorPct" : 2.310231,
    "meanResTime" : 10638.331133113306,
    "medianResTime" : 8221.0,
    "minResTime" : 181.0,
    "maxResTime" : 89728.0,
    "pct1ResTime" : 17267.0,
    "pct2ResTime" : 23482.5,
    "pct3ResTime" : 78242.4,
    "throughput" : 5.80763873803652,
    "receivedKBytesPerSec" : 675.3028642771917,
    "sentKBytesPerSec" : 3.717398917376915
  },
  "Welcome-1" : {
    "transaction" : "Welcome-1",
    "sampleCount" : 996,
    "errorCount" : 52,
    "errorPct" : 5.2208834,
    "meanResTime" : 15213.242971887546,
    "medianResTime" : 12514.0,
    "minResTime" : 359.0,
    "maxResTime" : 101719.0,
    "pct1ResTime" : 22496.500000000004,
    "pct2ResTime" : 77101.2,
    "pct3ResTime" : 81232.76999999997,
    "throughput" : 6.079955071817943,
    "receivedKBytesPerSec" : 686.2319775553666,
    "sentKBytesPerSec" : 3.5015432139979366
  },
  "Registration-1" : {
    "transaction" : "Registration-1",
    "sampleCount" : 946,
    "errorCount" : 37,
    "errorPct" : 3.911205,
    "meanResTime" : 12810.24947145877,
    "medianResTime" : 10202.5,
    "minResTime" : 56.0,
    "maxResTime" : 89046.0,
    "pct1ResTime" : 18080.100000000013,
    "pct2ResTime" : 30733.39999999997,
    "pct3ResTime" : 78377.45999999999,
    "throughput" : 6.040791305347313,
    "receivedKBytesPerSec" : 23.35752392011277,
    "sentKBytesPerSec" : 3.6486553093191656
  },
  "Welcome-2" : {
    "transaction" : "Welcome-2",
    "sampleCount" : 996,
    "errorCount" : 52,
    "errorPct" : 5.2208834,
    "meanResTime" : 15342.842369477916,
    "medianResTime" : 12424.5,
    "minResTime" : 329.0,
    "maxResTime" : 103312.0,
    "pct1ResTime" : 23483.700000000015,
    "pct2ResTime" : 77232.5,
    "pct3ResTime" : 81127.35999999999,
    "throughput" : 6.188257222739981,
    "receivedKBytesPerSec" : 501.16564368786896,
    "sentKBytesPerSec" : 3.510091449207829
  },
  "Registration-0" : {
    "transaction" : "Registration-0",
    "sampleCount" : 946,
    "errorCount" : 0,
    "errorPct" : 0.0,
    "meanResTime" : 16398.355179704035,
    "medianResTime" : 17102.0,
    "minResTime" : 108.0,
    "maxResTime" : 47212.0,
    "pct1ResTime" : 26679.700000000004,
    "pct2ResTime" : 30219.399999999998,
    "pct3ResTime" : 39828.91999999999,
    "throughput" : 5.877930421707334,
    "receivedKBytesPerSec" : 2.2044908926252478,
    "sentKBytesPerSec" : 4.533517911843471
  }
}