{
  "Login Welcome-1" : {
    "transaction" : "Login Welcome-1",
    "sampleCount" : 1000,
    "errorCount" : 0,
    "errorPct" : 0.0,
    "meanResTime" : 6384.201999999996,
    "medianResTime" : 6128.5,
    "minResTime" : 15.0,
    "maxResTime" : 16840.0,
    "pct1ResTime" : 12320.8,
    "pct2ResTime" : 12888.099999999999,
    "pct3ResTime" : 14304.34,
    "throughput" : 11.44990095835671,
    "receivedKBytesPerSec" : 1360.6708962123728,
    "sentKBytesPerSec" : 6.899012589166103
  },
  "Login Welcome-0" : {
    "transaction" : "Login Welcome-0",
    "sampleCount" : 1000,
    "errorCount" : 0,
    "errorPct" : 0.0,
    "meanResTime" : 5181.272000000003,
    "medianResTime" : 4813.0,
    "minResTime" : 11.0,
    "maxResTime" : 12993.0,
    "pct1ResTime" : 10349.0,
    "pct2ResTime" : 10960.349999999999,
    "pct3ResTime" : 12117.97,
    "throughput" : 13.88946761670625,
    "receivedKBytesPerSec" : 35.71383616678473,
    "sentKBytesPerSec" : 6.931169875133686
  },
  "Login" : {
    "transaction" : "Login",
    "sampleCount" : 1000,
    "errorCount" : 79,
    "errorPct" : 7.9,
    "meanResTime" : 21831.446000000014,
    "medianResTime" : 23979.5,
    "minResTime" : 2305.0,
    "maxResTime" : 41692.0,
    "pct1ResTime" : 33939.399999999994,
    "pct2ResTime" : 37144.899999999994,
    "pct3ResTime" : 39497.16,
    "throughput" : 8.692704213353734,
    "receivedKBytesPerSec" : 3342.625661528373,
    "sentKBytesPerSec" : 48.79832871895618
  },
  "Login-0" : {
    "transaction" : "Login-0",
    "sampleCount" : 1000,
    "errorCount" : 0,
    "errorPct" : 0.0,
    "meanResTime" : 4847.369999999998,
    "medianResTime" : 3677.0,
    "minResTime" : 386.0,
    "maxResTime" : 18287.0,
    "pct1ResTime" : 11181.899999999998,
    "pct2ResTime" : 13740.099999999997,
    "pct3ResTime" : 16127.93,
    "throughput" : 10.104786637430152,
    "receivedKBytesPerSec" : 4.332032552570153,
    "sentKBytesPerSec" : 7.400966775461536
  },
  "Logout-2" : {
    "transaction" : "Logout-2",
    "sampleCount" : 1000,
    "errorCount" : 0,
    "errorPct" : 0.0,
    "meanResTime" : 6673.961999999997,
    "medianResTime" : 6557.5,
    "minResTime" : 50.0,
    "maxResTime" : 15637.0,
    "pct1ResTime" : 11794.4,
    "pct2ResTime" : 12773.95,
    "pct3ResTime" : 13795.93,
    "throughput" : 8.705114254624592,
    "receivedKBytesPerSec" : 1034.4889145810664,
    "sentKBytesPerSec" : 5.2451713819368875
  },
  "Login-1" : {
    "transaction" : "Login-1",
    "sampleCount" : 1000,
    "errorCount" : 0,
    "errorPct" : 0.0,
    "meanResTime" : 7971.76899999999,
    "medianResTime" : 8904.5,
    "minResTime" : 40.0,
    "maxResTime" : 16954.0,
    "pct1ResTime" : 13207.2,
    "pct2ResTime" : 13823.249999999996,
    "pct3ResTime" : 15471.61,
    "throughput" : 9.227305442264749,
    "receivedKBytesPerSec" : 43.46024819144814,
    "sentKBytesPerSec" : 5.595856132467198
  },
  "Logout-1" : {
    "transaction" : "Logout-1",
    "sampleCount" : 1000,
    "errorCount" : 0,
    "errorPct" : 0.0,
    "meanResTime" : 7208.298999999999,
    "medianResTime" : 7626.5,
    "minResTime" : 32.0,
    "maxResTime" : 16076.0,
    "pct1ResTime" : 12026.099999999999,
    "pct2ResTime" : 12741.849999999999,
    "pct3ResTime" : 13934.6,
    "throughput" : 8.72356759020169,
    "receivedKBytesPerSec" : 23.154938193523623,
    "sentKBytesPerSec" : 4.412898448949682
  },
  "Login-2" : {
    "transaction" : "Login-2",
    "sampleCount" : 1000,
    "errorCount" : 0,
    "errorPct" : 0.0,
    "meanResTime" : 179.39100000000028,
    "medianResTime" : 106.0,
    "minResTime" : 74.0,
    "maxResTime" : 3261.0,
    "pct1ResTime" : 186.89999999999998,
    "pct2ResTime" : 228.94999999999993,
    "pct3ResTime" : 2897.86,
    "throughput" : 9.226794611551947,
    "receivedKBytesPerSec" : 55.09045142092637,
    "sentKBytesPerSec" : 5.3072090099649385
  },
  "Logout-0" : {
    "transaction" : "Logout-0",
    "sampleCount" : 1000,
    "errorCount" : 0,
    "errorPct" : 0.0,
    "meanResTime" : 3855.0970000000025,
    "medianResTime" : 2390.5,
    "minResTime" : 27.0,
    "maxResTime" : 15774.0,
    "pct1ResTime" : 10009.9,
    "pct2ResTime" : 11639.099999999999,
    "pct3ResTime" : 13957.940000000002,
    "throughput" : 8.85959316748175,
    "receivedKBytesPerSec" : 3.9106797965837408,
    "sentKBytesPerSec" : 5.000825049613722
  },
  "Login-3" : {
    "transaction" : "Login-3",
    "sampleCount" : 1000,
    "errorCount" : 0,
    "errorPct" : 0.0,
    "meanResTime" : 7804.6480000000065,
    "medianResTime" : 8899.5,
    "minResTime" : 50.0,
    "maxResTime" : 16814.0,
    "pct1ResTime" : 12381.9,
    "pct2ResTime" : 13140.85,
    "pct3ResTime" : 14441.93,
    "throughput" : 8.76439551964101,
    "receivedKBytesPerSec" : 475.87072900050833,
    "sentKBytesPerSec" : 5.4435112797770335
  },
  "Login-4" : {
    "transaction" : "Login-4",
    "sampleCount" : 1000,
    "errorCount" : 0,
    "errorPct" : 0.0,
    "meanResTime" : 7855.076000000004,
    "medianResTime" : 8965.0,
    "minResTime" : 24.0,
    "maxResTime" : 17062.0,
    "pct1ResTime" : 12420.9,
    "pct2ResTime" : 13122.0,
    "pct3ResTime" : 14411.070000000002,
    "throughput" : 8.891180837727058,
    "receivedKBytesPerSec" : 1356.6604808128318,
    "sentKBytesPerSec" : 5.574353611153097
  },
  "Login-5" : {
    "transaction" : "Login-5",
    "sampleCount" : 1000,
    "errorCount" : 0,
    "errorPct" : 0.0,
    "meanResTime" : 7865.058000000002,
    "medianResTime" : 8956.5,
    "minResTime" : 19.0,
    "maxResTime" : 17302.0,
    "pct1ResTime" : 12560.699999999999,
    "pct2ResTime" : 13238.849999999995,
    "pct3ResTime" : 14514.41,
    "throughput" : 8.831659733813776,
    "receivedKBytesPerSec" : 188.40586609879094,
    "sentKBytesPerSec" : 5.5629106721776225
  },
  "Login-6" : {
    "transaction" : "Login-6",
    "sampleCount" : 1000,
    "errorCount" : 0,
    "errorPct" : 0.0,
    "meanResTime" : 7873.301999999994,
    "medianResTime" : 8914.0,
    "minResTime" : 43.0,
    "maxResTime" : 17766.0,
    "pct1ResTime" : 12516.9,
    "pct2ResTime" : 13163.5,
    "pct3ResTime" : 14512.440000000002,
    "throughput" : 8.835092989353713,
    "receivedKBytesPerSec" : 752.0182665547554,
    "sentKBytesPerSec" : 5.496049056853823
  },
  "Logout-4" : {
    "transaction" : "Logout-4",
    "sampleCount" : 1000,
    "errorCount" : 0,
    "errorPct" : 0.0,
    "meanResTime" : 6712.167000000006,
    "medianResTime" : 6546.0,
    "minResTime" : 44.0,
    "maxResTime" : 17068.0,
    "pct1ResTime" : 11888.8,
    "pct2ResTime" : 12770.8,
    "pct3ResTime" : 14922.710000000003,
    "throughput" : 8.707388218903741,
    "receivedKBytesPerSec" : 319.27373579607297,
    "sentKBytesPerSec" : 5.229534916626758
  },
  "Login-7" : {
    "transaction" : "Login-7",
    "sampleCount" : 1000,
    "errorCount" : 0,
    "errorPct" : 0.0,
    "meanResTime" : 7873.437999999999,
    "medianResTime" : 8992.0,
    "minResTime" : 73.0,
    "maxResTime" : 15553.0,
    "pct1ResTime" : 12370.8,
    "pct2ResTime" : 13024.65,
    "pct3ResTime" : 14220.920000000002,
    "throughput" : 8.783024170882518,
    "receivedKBytesPerSec" : 63.205180776595,
    "sentKBytesPerSec" : 5.4808129347596966
  },
  "Logout-3" : {
    "transaction" : "Logout-3",
    "sampleCount" : 1000,
    "errorCount" : 0,
    "errorPct" : 0.0,
    "meanResTime" : 6689.3319999999985,
    "medianResTime" : 6679.0,
    "minResTime" : 38.0,
    "maxResTime" : 15411.0,
    "pct1ResTime" : 11708.199999999999,
    "pct2ResTime" : 12757.499999999998,
    "pct3ResTime" : 13965.92,
    "throughput" : 8.704962699234834,
    "receivedKBytesPerSec" : 741.2479760961725,
    "sentKBytesPerSec" : 5.160070662534711
  },
  "Login-8" : {
    "transaction" : "Login-8",
    "sampleCount" : 1000,