{
  "Login Welcome-1" : {
    "transaction" : "Login Welcome-1",
    "sampleCount" : 2997,
    "errorCount" : 520,
    "errorPct" : 17.350683,
    "meanResTime" : 29684.86119452784,
    "medianResTime" : 33154.0,
    "minResTime" : 0.0,
    "maxResTime" : 68190.0,
    "pct1ResTime" : 55553.200000000004,
    "pct2ResTime" : 57436.5,
    "pct3ResTime" : 60256.28,
    "throughput" : 19.01010446994348,
    "receivedKBytesPerSec" : 1874.3083851480785,
    "sentKBytesPerSec" : 9.466925829590938
  },
  "Login Welcome-0" : {
    "transaction" : "Login Welcome-0",
    "sampleCount" : 2997,
    "errorCount" : 0,
    "errorPct" : 0.0,
    "meanResTime" : 26359.160160160172,
    "medianResTime" : 27264.0,
    "minResTime" : 53.0,
    "maxResTime" : 51178.0,
    "pct1ResTime" : 44848.0,
    "pct2ResTime" : 46483.7,
    "pct3ResTime" : 48102.12,
    "throughput" : 27.178250145095763,
    "receivedKBytesPerSec" : 69.80351355625181,
    "sentKBytesPerSec" : 13.562583812640561
  },
  "Login" : {
    "transaction" : "Login",
    "sampleCount" : 3000,
    "errorCount" : 2484,
    "errorPct" : 82.8,
    "meanResTime" : 82653.49366666666,
    "medianResTime" : 84759.0,
    "minResTime" : 0.0,
    "maxResTime" : 148540.0,
    "pct1ResTime" : 115800.5,
    "pct2ResTime" : 124024.15,
    "pct3ResTime" : 139589.95,
    "throughput" : 11.40949041412647,
    "receivedKBytesPerSec" : 2096.1674414918953,
    "sentKBytesPerSec" : 34.67335965994013
  },
  "Login-0" : {
    "transaction" : "Login-0",
    "sampleCount" : 2939,
    "errorCount" : 0,
    "errorPct" : 0.0,
    "meanResTime" : 18398.366110922107,
    "medianResTime" : 5840.0,
    "minResTime" : 227.0,
    "maxResTime" : 63093.0,
    "pct1ResTime" : 46137.0,
    "pct2ResTime" : 49159.0,
    "pct3ResTime" : 58104.6,
    "throughput" : 14.1043114370177,
    "receivedKBytesPerSec" : 5.220234021072484,
    "sentKBytesPerSec" : 10.329125220154912
  },
  "Logout-2" : {
    "transaction" : "Logout-2",
    "sampleCount" : 2164,
    "errorCount" : 540,
    "errorPct" : 24.953789,
    "meanResTime" : 18291.5328096118,
    "medianResTime" : 11848.0,
    "minResTime" : 1.0,
    "maxResTime" : 66279.0,
    "pct1ResTime" : 40618.5,
    "pct2ResTime" : 49415.5,
    "pct3ResTime" : 56830.999999999985,
    "throughput" : 8.270748533318045,
    "receivedKBytesPerSec" : 742.812978493044,
    "sentKBytesPerSec" : 3.7398896883181414
  },
  "Login-1" : {
    "transaction" : "Login-1",
    "sampleCount" : 2939,
    "errorCount" : 43,
    "errorPct" : 1.4630827,
    "meanResTime" : 37761.56958149029,
    "medianResTime" : 40969.0,
    "minResTime" : 0.0,
    "maxResTime" : 61224.0,
    "pct1ResTime" : 52238.0,
    "pct2ResTime" : 55758.0,
    "pct3ResTime" : 59366.0,
    "throughput" : 12.310875793777123,
    "receivedKBytesPerSec" : 40.44767887605139,
    "sentKBytesPerSec" : 7.442331385193438
  },
  "Logout-1" : {
    "transaction" : "Logout-1",
    "sampleCount" : 2203,
    "errorCount" : 39,
    "errorPct" : 1.7703133,
    "meanResTime" : 30859.58874262369,
    "medianResTime" : 33260.0,
    "minResTime" : 1.0,
    "maxResTime" : 61059.0,
    "pct1ResTime" : 49675.6,
    "pct2ResTime" : 50588.99999999999,
    "pct3ResTime" : 55406.16,
    "throughput" : 8.391070347107691,
    "receivedKBytesPerSec" : 22.241942687046976,
    "sentKBytesPerSec" : 4.16955708822622
  },
  "Login-2" : {
    "transaction" : "Login-2",
    "sampleCount" : 2896,
    "errorCount" : 700,
    "errorPct" : 24.17127,
    "meanResTime" : 17145.22030386736,
    "medianResTime" : 117.5,
    "minResTime" : 0.0,
    "maxResTime" : 53952.0,
    "pct1ResTime" : 48795.6,
    "pct2ResTime" : 49888.35,
    "pct3ResTime" : 51320.270000000004,
    "throughput" : 11.241886897922425,
    "receivedKBytesPerSec" : 586.2425677410057,
    "sentKBytesPerSec" : 5.255327680526226
  },
  "Logout-0" : {
    "transaction" : "Logout-0",
    "sampleCount" : 2203,
    "errorCount" : 0,
    "errorPct" : 0.0,
    "meanResTime" : 10091.4439400817,
    "medianResTime" : 2218.0,
    "minResTime" : 28.0,
    "maxResTime" : 62831.0,
    "pct1ResTime" : 39401.0,
    "pct2ResTime" : 49496.79999999998,
    "pct3ResTime" : 58022.68,
    "throughput" : 8.695000078937813,
    "receivedKBytesPerSec" : 3.838027378593644,
    "sentKBytesPerSec" : 4.907919966431695
  },
  "Login-3" : {
    "transaction" : "Login-3",
    "sampleCount" : 2896,
    "errorCount" : 1052,
    "errorPct" : 36.325966,
    "meanResTime" : 25056.579765193386,
    "medianResTime" : 32103.5,
    "minResTime" : 0.0,
    "maxResTime" : 65033.0,
    "pct1ResTime" : 49869.6,
    "pct2ResTime" : 51109.05,
    "pct3ResTime" : 57981.600000000006,
    "throughput" : 11.248742479151373,
    "receivedKBytesPerSec" : 539.4816141894477,
    "sentKBytesPerSec" : 4.537589798641294
  },
  "Login-4" : {
    "transaction" : "Login-4",
    "sampleCount" : 2896,
    "errorCount" : 1058,
    "errorPct" : 36.53315,
    "meanResTime" : 25012.81733425418,
    "medianResTime" : 31971.5,
    "minResTime" : 0.0,
    "maxResTime" : 95202.0,
    "pct1ResTime" : 49765.6,
    "pct2ResTime" : 51112.65,
    "pct3ResTime" : 58316.72,
    "throughput" : 11.205869151356621,
    "receivedKBytesPerSec" : 565.450599048217,
    "sentKBytesPerSec" : 4.557077538055844
  },
  "Login-5" : {
    "transaction" : "Login-5",
    "sampleCount" : 990,
    "errorCount" : 360,
    "errorPct" : 36.363636,
    "meanResTime" : 22817.2080808081,
    "medianResTime" : 23318.5,
    "minResTime" : 0.0,
    "maxResTime" : 66372.0,
    "pct1ResTime" : 51102.5,
    "pct2ResTime" : 56562.69999999999,
    "pct3ResTime" : 61328.31000000002,
    "throughput" : 4.547960308710033,
    "receivedKBytesPerSec" : 65.34775997163267,
    "sentKBytesPerSec" : 1.8229794738836824
  },
  "Login-6" : {
    "transaction" : "Login-6",
    "sampleCount" : 990,
    "errorCount" : 372,
    "errorPct" : 37.575756,
    "meanResTime" : 22337.471717171724,
    "medianResTime" : 22650.5,
    "minResTime" : 0.0,
    "maxResTime" : 68181.0,
    "pct1ResTime" : 51780.299999999996,
    "pct2ResTime" : 56662.24999999999,
    "pct3ResTime" : 59964.83000000003,
    "throughput" : 4.547897630958779,
    "receivedKBytesPerSec" : 245.38277761555796,
    "sentKBytesPerSec" : 1.7660517960750266
  },
  "Logout-4" : {
    "transaction" : "Logout-4",
    "sampleCount" : 2164,
    "errorCount" : 562,
    "errorPct" : 25.970425,
    "meanResTime" : 17983.160813308692,
    "medianResTime" : 11801.5,
    "minResTime" : 0.0,
    "maxResTime" : 66564.0,
    "pct1ResTime" : 40523.5,
    "pct2ResTime" : 49411.0,
    "pct3ResTime" : 55691.449999999975,
    "throughput" : 8.271760195403134,
    "receivedKBytesPerSec" : 229.93911808663944,
    "sentKBytesPerSec" : 3.677717360662505
  },
  "Login-7" : {
    "transaction" : "Login-7",
    "sampleCount" : 990,
    "errorCount" : 390,
    "errorPct" : 39.39394,
    "meanResTime" : 21473.762626262625,
    "medianResTime" : 20793.5,
    "minResTime" : 0.0,
    "maxResTime" : 67103.0,
    "pct1ResTime" : 50649.6,
    "pct2ResTime" : 55781.5,
    "pct3ResTime" : 63432.48,
    "throughput" : 4.540263885640384,
    "receivedKBytesPerSec" : 23.709859402301774,
    "sentKBytesPerSec" : 1.717109743681466
  },
  "Logout-3" : {
    "transaction" : "Logout-3",
    "sampleCount" : 2164,
    "errorCount" : 548,
    "errorPct" : 25.323475,
    "meanResTime" : 18295.535120147888,
    "medianResTime" : 11816.0,
    "minResTime" : 1.0,
    "maxResTime" : 65015.0,
    "pct1ResTime" : 41252.5,
    "pct2ResTime" : 49612.5,
    "pct3ResTime" : 56371.799999999974,
    "throughput" : 8.270464047941173,
    "receivedKBytesPerSec" : 531.1893842572157,
    "sentKBytesPerSec" : 3.661025151535998
  },
  "Login-8" : {
    "transaction" : "Login-8",
    "sampleCount" : 990,
    "errorCount" : 458,
    "errorPct" : 46.262627,
    "meanResTime" : 19937.832323232316,
    "medianResTime" : 15402.0,
    "minResTime" : 0.0,
    "maxResTime" : 90706.0,
    "pct1ResTime" : 50545.8,
    "pct2ResTime" : 56301.24999999999,