{
  "Save Poll-0" : {
    "transaction" : "Save Poll-0",
    "sampleCount" : 4012,
    "errorCount" : 0,
    "errorPct" : 0.0,
    "meanResTime" : 3338.597706879362,
    "medianResTime" : 3170.5,
    "minResTime" : 10.0,
    "maxResTime" : 9409.0,
    "pct1ResTime" : 6568.500000000002,
    "pct2ResTime" : 7285.0,
    "pct3ResTime" : 7914.87,
    "throughput" : 38.4066780903878,
    "receivedKBytesPerSec" : 14.183121048166301,
    "sentKBytesPerSec" : 30.379543935655413
  },
  "Show New Poll Form-0" : {
    "transaction" : "Show New Poll Form-0",
    "sampleCount" : 3542,
    "errorCount" : 0,
    "errorPct" : 0.0,
    "meanResTime" : 2368.415866741955,
    "medianResTime" : 2268.0,
    "minResTime" : 3.0,
    "maxResTime" : 10074.0,
    "pct1ResTime" : 4857.500000000002,
    "pct2ResTime" : 6362.7,
    "pct3ResTime" : 7736.120000000003,
    "throughput" : 33.939556543569495,
    "receivedKBytesPerSec" : 56.013525936164505,
    "sentKBytesPerSec" : 17.268075155468466
  },
  "Save Poll-2" : {
    "transaction" : "Save Poll-2",
    "sampleCount" : 3979,
    "errorCount" : 1009,
    "errorPct" : 25.35813,
    "meanResTime" : 2116.0000000000027,
    "medianResTime" : 376.0,
    "minResTime" : 1.0,
    "maxResTime" : 21547.0,
    "pct1ResTime" : 6775.0,
    "pct2ResTime" : 8613.0,
    "pct3ResTime" : 12251.8,
    "throughput" : 38.12069477576907,
    "receivedKBytesPerSec" : 1380.5409085370381,
    "sentKBytesPerSec" : 17.109552014174305
  },
  "Show New Poll Form-1" : {
    "transaction" : "Show New Poll Form-1",
    "sampleCount" : 1906,
    "errorCount" : 373,
    "errorPct" : 19.56978,
    "meanResTime" : 3488.076075550894,
    "medianResTime" : 1134.0,
    "minResTime" : 1.0,
    "maxResTime" : 27716.0,
    "pct1ResTime" : 10269.099999999999,
    "pct2ResTime" : 14878.249999999995,
    "pct3ResTime" : 20194.58,
    "throughput" : 19.43153087023897,
    "receivedKBytesPerSec" : 2178.5221123187853,
    "sentKBytesPerSec" : 8.47070001873318
  },
  "Save Poll-1" : {
    "transaction" : "Save Poll-1",
    "sampleCount" : 4012,
    "errorCount" : 33,
    "errorPct" : 0.8225324,
    "meanResTime" : 3765.7604685942115,
    "medianResTime" : 3495.0,
    "minResTime" : 3.0,
    "maxResTime" : 10984.0,
    "pct1ResTime" : 7346.9000000000015,
    "pct2ResTime" : 9891.75,
    "pct3ResTime" : 10684.74,
    "throughput" : 38.37251563785221,
    "receivedKBytesPerSec" : 1544.7522837331665,
    "sentKBytesPerSec" : 23.265246756460776
  },
  "Polls-0" : {
    "transaction" : "Polls-0",
    "sampleCount" : 2715,
    "errorCount" : 0,
    "errorPct" : 0.0,
    "meanResTime" : 1992.566850828731,
    "medianResTime" : 1199.0,
    "minResTime" : 5.0,
    "maxResTime" : 10433.0,
    "pct1ResTime" : 5325.0,
    "pct2ResTime" : 7505.5999999999985,
    "pct3ResTime" : 8797.84,
    "throughput" : 22.149704262696307,
    "receivedKBytesPerSec" : 666.3384264098511,
    "sentKBytesPerSec" : 11.053221560779114
  },
  "Polls-2" : {
    "transaction" : "Polls-2",
    "sampleCount" : 2715,
    "errorCount" : 1002,
    "errorPct" : 36.90608,
    "meanResTime" : 10297.800368324126,
    "medianResTime" : 7024.0,
    "minResTime" : 1.0,
    "maxResTime" : 36834.0,
    "pct1ResTime" : 25239.600000000002,
    "pct2ResTime" : 30711.6,
    "pct3ResTime" : 34734.600000000006,
    "throughput" : 22.56557731307557,
    "receivedKBytesPerSec" : 110.92631039045098,
    "sentKBytesPerSec" : 7.508060804464909
  },
  "Save Poll-8" : {
    "transaction" : "Save Poll-8",
    "sampleCount" : 1823,
    "errorCount" : 1364,
    "errorPct" : 74.821724,
    "meanResTime" : 806.8145913329679,
    "medianResTime" : 34.0,
    "minResTime" : 0.0,
    "maxResTime" : 9449.0,
    "pct1ResTime" : 3154.2000000000016,
    "pct2ResTime" : 5625.4,
    "pct3ResTime" : 8078.76,
    "throughput" : 18.537160753688617,
    "receivedKBytesPerSec" : 274.19193457465195,
    "sentKBytesPerSec" : 2.916530027556613
  },
  "Polls-1" : {
    "transaction" : "Polls-1",
    "sampleCount" : 2715,
    "errorCount" : 1078,
    "errorPct" : 39.70534,
    "meanResTime" : 10292.772744014708,
    "medianResTime" : 6365.0,
    "minResTime" : 1.0,
    "maxResTime" : 36935.0,
    "pct1ResTime" : 27454.4,
    "pct2ResTime" : 31193.199999999997,
    "pct3ResTime" : 35212.200000000004,
    "throughput" : 22.554142402618442,
    "receivedKBytesPerSec" : 1913.876138869967,
    "sentKBytesPerSec" : 7.370521037552855
  },
  "Save Poll-7" : {
    "transaction" : "Save Poll-7",
    "sampleCount" : 3398,
    "errorCount" : 2270,
    "errorPct" : 66.804,
    "meanResTime" : 1013.2719246615643,
    "medianResTime" : 81.0,
    "minResTime" : 0.0,
    "maxResTime" : 10288.0,
    "pct1ResTime" : 4060.2,
    "pct2ResTime" : 6332.3499999999985,
    "pct3ResTime" : 8465.40999999999,
    "throughput" : 32.56598493415883,
    "receivedKBytesPerSec" : 413.23385103194306,
    "sentKBytesPerSec" : 6.748494059798547
  },
  "Polls-4" : {
    "transaction" : "Polls-4",
    "sampleCount" : 2715,
    "errorCount" : 645,
    "errorPct" : 23.756907,
    "meanResTime" : 703.3337016574583,
    "medianResTime" : 70.0,
    "minResTime" : 2.0,
    "maxResTime" : 9699.0,
    "pct1ResTime" : 2406.2000000000003,
    "pct2ResTime" : 4550.2,
    "pct3ResTime" : 6537.040000000001,
    "throughput" : 22.609550140737163,
    "receivedKBytesPerSec" : 2644.1569045657343,
    "sentKBytesPerSec" : 8.871623270973169
  },
  "Polls-3" : {
    "transaction" : "Polls-3",
    "sampleCount" : 2715,
    "errorCount" : 484,
    "errorPct" : 17.826887,
    "meanResTime" : 747.2335174953957,
    "medianResTime" : 73.0,
    "minResTime" : 2.0,
    "maxResTime" : 11862.0,
    "pct1ResTime" : 2540.600000000002,
    "pct2ResTime" : 4642.4,
    "pct3ResTime" : 6473.68,
    "throughput" : 22.625942747614484,
    "receivedKBytesPerSec" : 1019.9039950232301,
    "sentKBytesPerSec" : 9.459630804929372
  },
  "Save Poll-9" : {
    "transaction" : "Save Poll-9",
    "sampleCount" : 271,
    "errorCount" : 218,
    "errorPct" : 80.4428,
    "meanResTime" : 801.8745387453879,
    "medianResTime" : 35.0,
    "minResTime" : 0.0,
    "maxResTime" : 9089.0,
    "pct1ResTime" : 3162.800000000002,
    "pct2ResTime" : 6319.2,
    "pct3ResTime" : 7917.199999999992,
    "throughput" : 3.7307782320791865,
    "receivedKBytesPerSec" : 49.45697053666075,
    "sentKBytesPerSec" : 0.45602224700229904
  },
  "Polls-6" : {
    "transaction" : "Polls-6",
    "sampleCount" : 2715,
    "errorCount" : 727,
    "errorPct" : 26.777164,
    "meanResTime" : 642.1635359116033,
    "medianResTime" : 60.0,
    "minResTime" : 0.0,
    "maxResTime" : 11983.0,
    "pct1ResTime" : 2210.8000000000006,
    "pct2ResTime" : 4308.999999999997,
    "pct3ResTime" : 6465.4000000000015,
    "throughput" : 22.618779835545226,
    "receivedKBytesPerSec" : 1424.2825654585613,
    "sentKBytesPerSec" : 8.442795418759841
  },
  "Save Poll-4" : {
    "transaction" : "Save Poll-4",
    "sampleCount" : 3979,
    "errorCount" : 2038,
    "errorPct" : 51.2189,
    "meanResTime" : 1426.58557426489,
    "medianResTime" : 170.0,
    "minResTime" : 0.0,
    "maxResTime" : 10419.0,
    "pct1ResTime" : 4982.0,
    "pct2ResTime" : 6854.0,
    "pct3ResTime" : 8834.2,
    "throughput" : 38.14371716706929,
    "receivedKBytesPerSec" : 1554.8116251791432,
    "sentKBytesPerSec" : 11.71892787000556
  },
  "Polls-5" : {
    "transaction" : "Polls-5",
    "sampleCount" : 2715,
    "errorCount" : 720,
    "errorPct" : 26.519337,
    "meanResTime" : 632.6099447513802,
    "medianResTime" : 55.0,
    "minResTime" : 2.0,
    "maxResTime" : 12042.0,
    "pct1ResTime" : 2214.4,
    "pct2ResTime" : 4282.599999999995,
    "pct3ResTime" : 6463.0,
    "throughput" : 22.60879702879603,
    "receivedKBytesPerSec" : 370.15699458356926,