{
  "Login-0" : {
    "transaction" : "Login-0",
    "sampleCount" : 326,
    "errorCount" : 0,
    "errorPct" : 0.0,
    "meanResTime" : 55900.6349693252,
    "medianResTime" : 29187.0,
    "minResTime" : 12072.0,
    "maxResTime" : 141044.0,
    "pct1ResTime" : 113215.0,
    "pct2ResTime" : 127142.4,
    "pct3ResTime" : 137812.16000000003,
    "throughput" : 1.5523292080740168,
    "receivedKBytesPerSec" : 0.9444346646778441,
    "sentKBytesPerSec" : 1.229432605222683
  },
  "Login-1" : {
    "transaction" : "Login-1",
    "sampleCount" : 326,
    "errorCount" : 166,
    "errorPct" : 50.920246,
    "meanResTime" : 55013.0889570552,
    "medianResTime" : 40696.5,
    "minResTime" : 982.0,
    "maxResTime" : 154483.0,
    "pct1ResTime" : 131019.40000000001,
    "pct2ResTime" : 140508.7,
    "pct3ResTime" : 151885.0500000001,
    "throughput" : 1.2853622474125184,
    "receivedKBytesPerSec" : 169.48521439132577,
    "sentKBytesPerSec" : 0.8468072326269098
  },
  "Login-2" : {
    "transaction" : "Login-2",
    "sampleCount" : 160,
    "errorCount" : 0,
    "errorPct" : 0.0,
    "meanResTime" : 113.25,
    "medianResTime" : 99.0,
    "minResTime" : 78.0,
    "maxResTime" : 1406.0,
    "pct1ResTime" : 117.9,
    "pct2ResTime" : 139.84999999999997,
    "pct3ResTime" : 763.6699999999856,
    "throughput" : 0.7000074375790242,
    "receivedKBytesPerSec" : 4.179536595076323,
    "sentKBytesPerSec" : 0.4026409968105911
  },
  "Login-3" : {
    "transaction" : "Login-3",
    "sampleCount" : 160,
    "errorCount" : 31,
    "errorPct" : 19.375,
    "meanResTime" : 11937.300000000003,
    "medianResTime" : 10910.5,
    "minResTime" : 208.0,
    "maxResTime" : 45451.0,
    "pct1ResTime" : 23116.7,
    "pct2ResTime" : 26907.25,
    "pct3ResTime" : 45302.159999999996,
    "throughput" : 0.6516807253206472,
    "receivedKBytesPerSec" : 28.764146690276515,
    "sentKBytesPerSec" : 0.3617376926531144
  },
  "Welcome-3" : {
    "transaction" : "Welcome-3",
    "sampleCount" : 807,
    "errorCount" : 56,
    "errorPct" : 6.9392815,
    "meanResTime" : 4802.364312267654,
    "medianResTime" : 5880.0,
    "minResTime" : 3.0,
    "maxResTime" : 16780.0,
    "pct1ResTime" : 7293.800000000003,
    "pct2ResTime" : 8845.0,
    "pct3ResTime" : 15320.11999999998,
    "throughput" : 9.309354343788574,
    "receivedKBytesPerSec" : 495.3571852793672,
    "sentKBytesPerSec" : 5.211547723418737
  },
  "Login-4" : {
    "transaction" : "Login-4",
    "sampleCount" : 160,
    "errorCount" : 44,
    "errorPct" : 27.5,
    "meanResTime" : 11393.693749999997,
    "medianResTime" : 9741.5,
    "minResTime" : 593.0,
    "maxResTime" : 45713.0,
    "pct1ResTime" : 22306.5,
    "pct2ResTime" : 27021.399999999998,
    "pct3ResTime" : 45667.25,
    "throughput" : 0.6514949773809087,
    "receivedKBytesPerSec" : 72.4750306915212,
    "sentKBytesPerSec" : 0.32795837252482807
  },
  "Save Poll-0" : {
    "transaction" : "Save Poll-0",
    "sampleCount" : 1356,
    "errorCount" : 0,
    "errorPct" : 0.0,
    "meanResTime" : 21129.387905604708,
    "medianResTime" : 17314.5,
    "minResTime" : 2395.0,
    "maxResTime" : 80926.0,
    "pct1ResTime" : 46314.399999999994,
    "pct2ResTime" : 56848.19999999999,
    "pct3ResTime" : 61320.310000000005,
    "throughput" : 4.910285890170376,
    "receivedKBytesPerSec" : 1.5152835364197643,
    "sentKBytesPerSec" : 3.9589830665749313
  },
  "Show New Poll Form-0" : {
    "transaction" : "Show New Poll Form-0",
    "sampleCount" : 1502,
    "errorCount" : 0,
    "errorPct" : 0.0,
    "meanResTime" : 15543.648468708412,
    "medianResTime" : 12382.0,
    "minResTime" : 16.0,
    "maxResTime" : 69207.0,
    "pct1ResTime" : 31570.4,
    "pct2ResTime" : 34327.049999999996,
    "pct3ResTime" : 45265.05,
    "throughput" : 5.370096926316693,
    "receivedKBytesPerSec" : 1.5418051722042068,
    "sentKBytesPerSec" : 3.1251871444813495
  },
  "Login-5" : {
    "transaction" : "Login-5",
    "sampleCount" : 160,
    "errorCount" : 45,
    "errorPct" : 28.125,
    "meanResTime" : 10988.493750000003,
    "medianResTime" : 7559.5,
    "minResTime" : 253.0,
    "maxResTime" : 45398.0,
    "pct1ResTime" : 23135.700000000004,
    "pct2ResTime" : 27933.35,
    "pct3ResTime" : 45377.26,
    "throughput" : 0.6533625713083994,
    "receivedKBytesPerSec" : 10.437311552113831,
    "sentKBytesPerSec" : 0.32743896930012617
  },
  "Show New Poll Form-1" : {
    "transaction" : "Show New Poll Form-1",
    "sampleCount" : 1502,
    "errorCount" : 139,
    "errorPct" : 9.254328,
    "meanResTime" : 34888.00000000003,
    "medianResTime" : 16811.0,
    "minResTime" : 829.0,
    "maxResTime" : 173172.0,
    "pct1ResTime" : 65743.0,
    "pct2ResTime" : 141544.3,
    "pct3ResTime" : 154054.88,
    "throughput" : 5.380735391052647,
    "receivedKBytesPerSec" : 130.4068685763441,
    "sentKBytesPerSec" : 3.1324418355759036
  },
  "Login-6" : {
    "transaction" : "Login-6",
    "sampleCount" : 160,
    "errorCount" : 65,
    "errorPct" : 40.625,
    "meanResTime" : 10377.568750000002,
    "medianResTime" : 4534.5,
    "minResTime" : 224.0,
    "maxResTime" : 45437.0,
    "pct1ResTime" : 22130.7,
    "pct2ResTime" : 24933.049999999996,
    "pct3ResTime" : 45416.26,
    "throughput" : 0.6532718713381049,
    "receivedKBytesPerSec" : 5.05334739951862,
    "sentKBytesPerSec" : 0.2681429037322239
  },
  "Save Poll-2" : {
    "transaction" : "Save Poll-2",
    "sampleCount" : 99,
    "errorCount" : 0,
    "errorPct" : 0.0,
    "meanResTime" : 25167.030303030304,
    "medianResTime" : 23091.0,
    "minResTime" : 87.0,
    "maxResTime" : 47245.0,
    "pct1ResTime" : 43089.0,
    "pct2ResTime" : 46620.0,
    "pct3ResTime" : 47245.0,
    "throughput" : 0.38777908343125733,
    "receivedKBytesPerSec" : 25.226483701772423,
    "sentKBytesPerSec" : 0.25025322537211125
  },
  "Show New Poll Form-2" : {
    "transaction" : "Show New Poll Form-2",
    "sampleCount" : 1363,
    "errorCount" : 4,
    "errorPct" : 0.2934703,
    "meanResTime" : 21754.921496698473,
    "medianResTime" : 14276.0,
    "minResTime" : 72.0,
    "maxResTime" : 77497.0,
    "pct1ResTime" : 51598.60000000001,
    "pct2ResTime" : 58827.399999999994,
    "pct3ResTime" : 62900.83999999993,
    "throughput" : 4.895587147198057,
    "receivedKBytesPerSec" : 98.35201579302766,
    "sentKBytesPerSec" : 2.756489661080262
  },
  "Save Poll-1" : {
    "transaction" : "Save Poll-1",
    "sampleCount" : 1356,
    "errorCount" : 18,
    "errorPct" : 1.3274336,
    "meanResTime" : 23940.49852507377,
    "medianResTime" : 16801.5,
    "minResTime" : 2514.0,
    "maxResTime" : 72668.0,
    "pct1ResTime" : 55144.39999999998,
    "pct2ResTime" : 62119.74999999999,
    "pct3ResTime" : 63763.29,
    "throughput" : 4.169664766332724,
    "receivedKBytesPerSec" : 51.642458933722004,
    "sentKBytesPerSec" : 2.6492582778300524
  },
  "Login-7" : {
    "transaction" : "Login-7",
    "sampleCount" : 11,
    "errorCount" : 0,
    "errorPct" : 0.0,
    "meanResTime" : 28992.63636363636,
    "medianResTime" : 29443.0,
    "minResTime" : 6762.0,
    "maxResTime" : 45646.0,
    "pct1ResTime" : 45582.8,
    "pct2ResTime" : 45646.0,
    "pct3ResTime" : 45646.0,
    "throughput" : 0.05854240066419015,
    "receivedKBytesPerSec" : 2.004136511232158,
    "sentKBytesPerSec" : 0.0405077655163972
  },
  "Polls-0" : {
    "transaction" : "Polls-0",
    "sampleCount" : 1308,
    "errorCount" : 0,
    "errorPct" : 0.0,
    "meanResTime" : 22133.98853211009,
    "medianResTime" : 14832.0,
    "minResTime" : 363.0,
    "maxResTime" : 88254.0,
    "pct1ResTime" : 51819.5,
    "pct2ResTime" : 58977.2,
    "pct3ResTime" : 62446.90000000014,
    "throughput" : 4.758578538374225,
    "receivedKBytesPerSec" : 8.163181692296778,
    "sentKBytesPerSec" : 2.66744896260805
  },
  "Polls-2" : {
    "transaction" : "Polls-2",
    "sampleCount" : 792,
    "errorCount" : 11,
    "errorPct" : 1.3888888,
    "meanResTime" : 2488.376262626263,
    "medianResTime" : 981.0,