{
  "Save Poll-0" : {
    "transaction" : "Save Poll-0",
    "sampleCount" : 3090,
    "errorCount" : 0,
    "errorPct" : 0.0,
    "meanResTime" : 787.516828478964,
    "medianResTime" : 631.0,
    "minResTime" : 4.0,
    "maxResTime" : 4544.0,
    "pct1ResTime" : 1596.9,
    "pct2ResTime" : 1854.3499999999995,
    "pct3ResTime" : 2814.0300000000097,
    "throughput" : 40.92444208992782,
    "receivedKBytesPerSec" : 14.999886183034237,
    "sentKBytesPerSec" : 32.49290713363354
  },
  "Show New Poll Form-0" : {
    "transaction" : "Show New Poll Form-0",
    "sampleCount" : 2756,
    "errorCount" : 0,
    "errorPct" : 0.0,
    "meanResTime" : 587.3367198838898,
    "medianResTime" : 412.0,
    "minResTime" : 3.0,
    "maxResTime" : 3670.0,
    "pct1ResTime" : 1285.500000000001,
    "pct2ResTime" : 1723.2500000000014,
    "pct3ResTime" : 2909.0,
    "throughput" : 36.5405778078305,
    "receivedKBytesPerSec" : 60.30622704612651,
    "sentKBytesPerSec" : 18.591446326054385
  },
  "Save Poll-2" : {
    "transaction" : "Save Poll-2",
    "sampleCount" : 3090,
    "errorCount" : 470,
    "errorPct" : 15.210356,
    "meanResTime" : 616.3741100323606,
    "medianResTime" : 423.0,
    "minResTime" : 3.0,
    "maxResTime" : 3958.0,
    "pct1ResTime" : 1420.0,
    "pct2ResTime" : 2097.3499999999995,
    "pct3ResTime" : 2972.1800000000003,
    "throughput" : 40.89194733011315,
    "receivedKBytesPerSec" : 1880.627282285946,
    "sentKBytesPerSec" : 21.28930804605307
  },
  "Show New Poll Form-1" : {
    "transaction" : "Show New Poll Form-1",
    "sampleCount" : 717,
    "errorCount" : 109,
    "errorPct" : 15.202231,
    "meanResTime" : 1172.4114365411433,
    "medianResTime" : 905.0,
    "minResTime" : 3.0,
    "maxResTime" : 5814.0,
    "pct1ResTime" : 2474.0000000000036,
    "pct2ResTime" : 3215.1,
    "pct3ResTime" : 4568.460000000013,
    "throughput" : 9.926348432827554,
    "receivedKBytesPerSec" : 1171.8420387172582,
    "sentKBytesPerSec" : 4.562122743382434
  },
  "Save Poll-1" : {
    "transaction" : "Save Poll-1",
    "sampleCount" : 3090,
    "errorCount" : 0,
    "errorPct" : 0.0,
    "meanResTime" : 873.2427184466029,
    "medianResTime" : 680.5,
    "minResTime" : 9.0,
    "maxResTime" : 3939.0,
    "pct1ResTime" : 1814.0,
    "pct2ResTime" : 2138.249999999999,
    "pct3ResTime" : 3201.8100000000013,
    "throughput" : 40.90331462458964,
    "receivedKBytesPerSec" : 1702.1129139144075,
    "sentKBytesPerSec" : 25.005346635735467
  },
  "Polls-0" : {
    "transaction" : "Polls-0",
    "sampleCount" : 2216,
    "errorCount" : 0,
    "errorPct" : 0.0,
    "meanResTime" : 618.2378158844765,
    "medianResTime" : 405.0,
    "minResTime" : 3.0,
    "maxResTime" : 4451.0,
    "pct1ResTime" : 1591.3,
    "pct2ResTime" : 2247.0,
    "pct3ResTime" : 3584.4999999999964,
    "throughput" : 28.221030780790343,
    "receivedKBytesPerSec" : 1171.2729421236454,
    "sentKBytesPerSec" : 14.082955790023306
  },
  "Polls-2" : {
    "transaction" : "Polls-2",
    "sampleCount" : 2216,
    "errorCount" : 31,
    "errorPct" : 1.398917,
    "meanResTime" : 1435.8772563176851,
    "medianResTime" : 1014.5,
    "minResTime" : 4.0,
    "maxResTime" : 8455.0,
    "pct1ResTime" : 2903.2,
    "pct2ResTime" : 4926.000000000002,
    "pct3ResTime" : 7362.439999999995,
    "throughput" : 27.687194672463985,
    "receivedKBytesPerSec" : 164.05176277846493,
    "sentKBytesPerSec" : 14.396417828629257
  },
  "Save Poll-8" : {
    "transaction" : "Save Poll-8",
    "sampleCount" : 603,
    "errorCount" : 415,
    "errorPct" : 68.822556,
    "meanResTime" : 332.4477611940295,
    "medianResTime" : 39.0,
    "minResTime" : 1.0,
    "maxResTime" : 3678.0,
    "pct1ResTime" : 1171.0000000000005,
    "pct2ResTime" : 1641.7999999999988,
    "pct3ResTime" : 2784.2000000000053,
    "throughput" : 8.694774483792825,
    "receivedKBytesPerSec" : 158.23562451335218,
    "sentKBytesPerSec" : 1.6940160116146614
  },
  "Polls-1" : {
    "transaction" : "Polls-1",
    "sampleCount" : 2216,
    "errorCount" : 177,
    "errorPct" : 7.987365,
    "meanResTime" : 1495.0004512635378,
    "medianResTime" : 1100.5,
    "minResTime" : 3.0,
    "maxResTime" : 8236.0,
    "pct1ResTime" : 3188.7999999999997,
    "pct2ResTime" : 5020.800000000008,
    "pct3ResTime" : 7096.259999999998,
    "throughput" : 27.55636246067374,
    "receivedKBytesPerSec" : 3523.5679479696455,
    "sentKBytesPerSec" : 13.742393651995224
  },
  "Save Poll-7" : {
    "transaction" : "Save Poll-7",
    "sampleCount" : 2756,
    "errorCount" : 1008,
    "errorPct" : 36.574745,
    "meanResTime" : 493.2543541364304,
    "medianResTime" : 284.0,
    "minResTime" : 3.0,
    "maxResTime" : 3635.0,
    "pct1ResTime" : 1274.0,
    "pct2ResTime" : 1725.15,
    "pct3ResTime" : 2817.159999999998,
    "throughput" : 36.48060147987346,
    "receivedKBytesPerSec" : 1237.105360011814,
    "sentKBytesPerSec" : 14.45731837465419
  },
  "Polls-4" : {
    "transaction" : "Polls-4",
    "sampleCount" : 2216,
    "errorCount" : 478,
    "errorPct" : 21.570396,
    "meanResTime" : 239.08799638989203,
    "medianResTime" : 55.0,
    "minResTime" : 2.0,
    "maxResTime" : 3432.0,
    "pct1ResTime" : 686.8999999999999,
    "pct2ResTime" : 1188.15,
    "pct3ResTime" : 2121.2199999999975,
    "throughput" : 28.244771021068868,
    "receivedKBytesPerSec" : 3394.1541774076886,
    "sentKBytesPerSec" : 11.400626895943002
  },
  "Polls-3" : {
    "transaction" : "Polls-3",
    "sampleCount" : 2216,
    "errorCount" : 368,
    "errorPct" : 16.606499,
    "meanResTime" : 229.69900722021686,
    "medianResTime" : 45.0,
    "minResTime" : 0.0,
    "maxResTime" : 3528.0,
    "pct1ResTime" : 684.1999999999998,
    "pct2ResTime" : 1182.0500000000006,
    "pct3ResTime" : 2085.83,
    "throughput" : 28.248011421578624,
    "receivedKBytesPerSec" : 1291.1448407703192,
    "sentKBytesPerSec" : 11.98554695467061
  },
  "Save Poll-9" : {
    "transaction" : "Save Poll-9",
    "sampleCount" : 77,
    "errorCount" : 56,
    "errorPct" : 72.72727,
    "meanResTime" : 219.80519480519482,
    "medianResTime" : 38.0,
    "minResTime" : 1.0,
    "maxResTime" : 2070.0,
    "pct1ResTime" : 738.8000000000001,
    "pct2ResTime" : 1205.8999999999994,
    "pct3ResTime" : 2070.0,
    "throughput" : 1.9633340982686962,
    "receivedKBytesPerSec" : 34.29066786825263,
    "sentKBytesPerSec" : 0.3346592212958005
  },
  "Polls-6" : {
    "transaction" : "Polls-6",
    "sampleCount" : 2216,
    "errorCount" : 549,
    "errorPct" : 24.774368,
    "meanResTime" : 251.35875451263533,
    "medianResTime" : 57.0,
    "minResTime" : 2.0,
    "maxResTime" : 3564.0,
    "pct1ResTime" : 740.8999999999999,
    "pct2ResTime" : 1247.6000000000004,
    "pct3ResTime" : 2105.49,
    "throughput" : 28.25341374166486,
    "receivedKBytesPerSec" : 1827.1308070064576,
    "sentKBytesPerSec" : 10.834461220085933
  },
  "Save Poll-4" : {
    "transaction" : "Save Poll-4",
    "sampleCount" : 3090,
    "errorCount" : 898,
    "errorPct" : 29.06149,
    "meanResTime" : 509.95436893203873,
    "medianResTime" : 305.5,
    "minResTime" : 2.0,
    "maxResTime" : 3403.0,
    "pct1ResTime" : 1275.9,
    "pct2ResTime" : 1799.8999999999996,
    "pct3ResTime" : 2820.0,
    "throughput" : 40.90710512728862,
    "receivedKBytesPerSec" : 1146.4801862415106,
    "sentKBytesPerSec" : 18.302392370626315
  },
  "Polls-5" : {
    "transaction" : "Polls-5",
    "sampleCount" : 2216,
    "errorCount" : 503,
    "errorPct" : 22.698557,
    "meanResTime" : 235.43095667870085,
    "medianResTime" : 51.0,
    "minResTime" : 1.0,
    "maxResTime" : 2852.0,
    "pct1ResTime" : 691.0,
    "pct2ResTime" : 1192.15,
    "pct3ResTime" : 2055.83,
    "throughput" : 28.293455223308904,