{
  "Welcome-3" : {
    "transaction" : "Welcome-3",
    "sampleCount" : 1000,
    "errorCount" : 0,
    "errorPct" : 0.0,
    "meanResTime" : 6.456999999999994,
    "medianResTime" : 5.0,
    "minResTime" : 3.0,
    "maxResTime" : 78.0,
    "pct1ResTime" : 10.0,
    "pct2ResTime" : 12.0,
    "pct3ResTime" : 37.960000000000036,
    "throughput" : 16.86596616687187,
    "receivedKBytesPerSec" : 618.4242496753302,
    "sentKBytesPerSec" : 10.129462102174024
  },
  "Registration-4" : {
    "transaction" : "Registration-4",
    "sampleCount" : 1000,
    "errorCount" : 0,
    "errorPct" : 0.0,
    "meanResTime" : 6.362999999999997,
    "medianResTime" : 4.0,
    "minResTime" : 3.0,
    "maxResTime" : 212.0,
    "pct1ResTime" : 10.0,
    "pct2ResTime" : 11.0,
    "pct3ResTime" : 24.99000000000001,
    "throughput" : 17.07971101128969,
    "receivedKBytesPerSec" : 626.2616302157168,
    "sentKBytesPerSec" : 11.075125108883158
  },
  "Registration" : {
    "transaction" : "Registration",
    "sampleCount" : 1000,
    "errorCount" : 0,
    "errorPct" : 0.0,
    "meanResTime" : 23.608999999999988,
    "medianResTime" : 17.0,
    "minResTime" : 12.0,
    "maxResTime" : 276.0,
    "pct1ResTime" : 33.0,
    "pct2ResTime" : 37.0,
    "pct3ResTime" : 233.92000000000007,
    "throughput" : 17.063099341364367,
    "receivedKBytesPerSec" : 4179.726158584445,
    "sentKBytesPerSec" : 56.904769776132134
  },
  "Total" : {
    "transaction" : "Total",
    "sampleCount" : 11000,
    "errorCount" : 0,
    "errorPct" : 0.0,
    "meanResTime" : 9.314727272727264,
    "medianResTime" : 6.0,
    "minResTime" : 2.0,
    "maxResTime" : 408.0,
    "pct1ResTime" : 16.0,
    "pct2ResTime" : 21.0,
    "pct3ResTime" : 46.0,
    "throughput" : 184.51112937584918,
    "receivedKBytesPerSec" : 16422.70267918547,
    "sentKBytesPerSec" : 189.09769864300452
  },
  "Welcome" : {
    "transaction" : "Welcome",
    "sampleCount" : 1000,
    "errorCount" : 0,
    "errorPct" : 0.0,
    "meanResTime" : 16.292999999999992,
    "medianResTime" : 10.0,
    "minResTime" : 7.0,
    "maxResTime" : 408.0,
    "pct1ResTime" : 22.0,
    "pct2ResTime" : 24.0,
    "pct3ResTime" : 132.82000000000016,
    "throughput" : 16.77796047112513,
    "receivedKBytesPerSec" : 4103.538498078924,
    "sentKBytesPerSec" : 38.61880159222845
  },
  "Registration-3" : {
    "transaction" : "Registration-3",
    "sampleCount" : 1000,
    "errorCount" : 0,
    "errorPct" : 0.0,
    "meanResTime" : 6.980000000000007,
    "medianResTime" : 5.0,
    "minResTime" : 3.0,
    "maxResTime" : 229.0,
    "pct1ResTime" : 11.0,
    "pct2ResTime" : 13.0,
    "pct3ResTime" : 23.960000000000036,
    "throughput" : 17.07650273224044,
    "receivedKBytesPerSec" : 1454.1042307035518,
    "sentKBytesPerSec" : 10.93963456284153
  },
  "Welcome-0" : {
    "transaction" : "Welcome-0",
    "sampleCount" : 1000,
    "errorCount" : 0,
    "errorPct" : 0.0,
    "meanResTime" : 5.421,
    "medianResTime" : 4.0,
    "minResTime" : 2.0,
    "maxResTime" : 125.0,
    "pct1ResTime" : 7.0,
    "pct2ResTime" : 8.0,
    "pct3ResTime" : 17.99000000000001,
    "throughput" : 16.77993120228207,
    "receivedKBytesPerSec" : 65.82517933551472,
    "sentKBytesPerSec" : 8.488285510529407
  },
  "Registration-2" : {
    "transaction" : "Registration-2",
    "sampleCount" : 1000,
    "errorCount" : 0,
    "errorPct" : 0.0,
    "meanResTime" : 7.626999999999981,
    "medianResTime" : 5.0,
    "minResTime" : 3.0,
    "maxResTime" : 220.0,
    "pct1ResTime" : 11.0,
    "pct2ResTime" : 13.0,
    "pct3ResTime" : 32.97000000000003,
    "throughput" : 17.07650273224044,
    "receivedKBytesPerSec" : 2029.318887679303,
    "sentKBytesPerSec" : 11.106397284836065
  },
  "Welcome-1" : {
    "transaction" : "Welcome-1",
    "sampleCount" : 1000,
    "errorCount" : 0,
    "errorPct" : 0.0,
    "meanResTime" : 7.733999999999986,
    "medianResTime" : 6.0,
    "minResTime" : 4.0,
    "maxResTime" : 106.0,
    "pct1ResTime" : 12.0,
    "pct2ResTime" : 14.0,
    "pct3ResTime" : 54.86000000000013,
    "throughput" : 16.86084742619164,
    "receivedKBytesPerSec" : 2003.6910766072604,
    "sentKBytesPerSec" : 10.15931920113305
  },
  "Registration-1" : {
    "transaction" : "Registration-1",
    "sampleCount" : 1000,
    "errorCount" : 0,
    "errorPct" : 0.0,
    "meanResTime" : 5.8799999999999955,
    "medianResTime" : 5.0,
    "minResTime" : 3.0,
    "maxResTime" : 80.0,
    "pct1ResTime" : 8.0,
    "pct2ResTime" : 10.0,
    "pct3ResTime" : 21.99000000000001,
    "throughput" : 17.07212974818609,
    "receivedKBytesPerSec" : 67.05479086641058,
    "sentKBytesPerSec" : 10.686753094323516
  },
  "Welcome-2" : {
    "transaction" : "Welcome-2",
    "sampleCount" : 1000,
    "errorCount" : 0,
    "errorPct" : 0.0,
    "meanResTime" : 7.620999999999999,
    "medianResTime" : 6.0,
    "minResTime" : 4.0,
    "maxResTime" : 103.0,
    "pct1ResTime" : 12.0,
    "pct2ResTime" : 14.0,
    "pct3ResTime" : 36.98000000000002,
    "throughput" : 16.863406408094434,
    "receivedKBytesPerSec" : 1435.95857925801,
    "sentKBytesPerSec" : 9.996179384485666
  },
  "Registration-0" : {
    "transaction" : "Registration-0",
    "sampleCount" : 1000,
    "errorCount" : 0,
    "errorPct" : 0.0,
    "meanResTime" : 8.477000000000007,
    "medianResTime" : 6.0,
    "minResTime" : 4.0,
    "maxResTime" : 196.0,
    "pct1ResTime" : 11.0,
    "pct2ResTime" : 12.0,
    "pct3ResTime" : 93.91000000000008,
    "throughput" : 17.065720088059116,
    "receivedKBytesPerSec" : 6.366313548475178,
    "sentKBytesPerSec" : 13.13260491151424
  }
}