{
  "Show Contact Page-6" : {
    "transaction" : "Show Contact Page-6",
    "sampleCount" : 3080,
    "errorCount" : 1621,
    "errorPct" : 52.62987,
    "meanResTime" : 14159.612987012988,
    "medianResTime" : 5162.0,
    "minResTime" : 65.0,
    "maxResTime" : 52190.0,
    "pct1ResTime" : 36950.1,
    "pct2ResTime" : 42159.59999999999,
    "pct3ResTime" : 47434.56000000001,
    "throughput" : 22.540818641549755,
    "receivedKBytesPerSec" : 110.97069316219144,
    "sentKBytesPerSec" : 6.152141492121691
  },
  "Show Contact Page-5" : {
    "transaction" : "Show Contact Page-5",
    "sampleCount" : 3080,
    "errorCount" : 1549,
    "errorPct" : 50.29221,
    "meanResTime" : 14760.953571428583,
    "medianResTime" : 5783.0,
    "minResTime" : 33.0,
    "maxResTime" : 53989.0,
    "pct1ResTime" : 36904.100000000006,
    "pct2ResTime" : 41776.65,
    "pct3ResTime" : 47037.36,
    "throughput" : 22.535376150548018,
    "receivedKBytesPerSec" : 986.0818515340335,
    "sentKBytesPerSec" : 6.432305385442732
  },
  "Show Contact Page-4" : {
    "transaction" : "Show Contact Page-4",
    "sampleCount" : 3080,
    "errorCount" : 1498,
    "errorPct" : 48.636364,
    "meanResTime" : 15388.66558441556,
    "medianResTime" : 6015.5,
    "minResTime" : 34.0,
    "maxResTime" : 54245.0,
    "pct1ResTime" : 37807.9,
    "pct2ResTime" : 42608.7,
    "pct3ResTime" : 47722.91000000001,
    "throughput" : 22.285573708811484,
    "receivedKBytesPerSec" : 275.38362260185886,
    "sentKBytesPerSec" : 6.662326074844797
  },
  "Show Contact Page-3" : {
    "transaction" : "Show Contact Page-3",
    "sampleCount" : 3080,
    "errorCount" : 1330,
    "errorPct" : 43.18182,
    "meanResTime" : 17135.411688311713,
    "medianResTime" : 7394.0,
    "minResTime" : 20.0,
    "maxResTime" : 55848.0,
    "pct1ResTime" : 39961.0,
    "pct2ResTime" : 43341.85,
    "pct3ResTime" : 47805.99,
    "throughput" : 22.402280959515878,
    "receivedKBytesPerSec" : 1970.0263302377152,
    "sentKBytesPerSec" : 7.37113403819298
  },
  "Show Contact Page-7" : {
    "transaction" : "Show Contact Page-7",
    "sampleCount" : 3080,
    "errorCount" : 1861,
    "errorPct" : 60.422077,
    "meanResTime" : 12770.269155844171,
    "medianResTime" : 5052.5,
    "minResTime" : 0.0,
    "maxResTime" : 55385.0,
    "pct1ResTime" : 33856.3,
    "pct2ResTime" : 41066.24999999999,
    "pct3ResTime" : 47843.05,
    "throughput" : 22.62958745086514,
    "receivedKBytesPerSec" : 551.2725340155579,
    "sentKBytesPerSec" : 5.169126375316852
  },
  "Show Contact Page-2" : {
    "transaction" : "Show Contact Page-2",
    "sampleCount" : 3080,
    "errorCount" : 946,
    "errorPct" : 30.714285,
    "meanResTime" : 20825.06428571429,
    "medianResTime" : 21686.5,
    "minResTime" : 42.0,
    "maxResTime" : 53828.0,
    "pct1ResTime" : 40752.9,
    "pct2ResTime" : 43398.45,
    "pct3ResTime" : 47008.9,
    "throughput" : 22.319002311610955,
    "receivedKBytesPerSec" : 859.3538268393249,
    "sentKBytesPerSec" : 8.864548497634042
  },
  "Show Contact Page-1" : {
    "transaction" : "Show Contact Page-1",
    "sampleCount" : 3080,
    "errorCount" : 0,
    "errorPct" : 0.0,
    "meanResTime" : 243.0103896103896,
    "medianResTime" : 98.0,
    "minResTime" : 73.0,
    "maxResTime" : 4522.0,
    "pct1ResTime" : 210.0,
    "pct2ResTime" : 991.7999999999993,
    "pct3ResTime" : 3572.260000000003,
    "throughput" : 27.63100054723735,
    "receivedKBytesPerSec" : 164.97650131426676,
    "sentKBytesPerSec" : 14.571035444832196
  },
  "Show Contact Page-0" : {
    "transaction" : "Show Contact Page-0",
    "sampleCount" : 3080,
    "errorCount" : 0,
    "errorPct" : 0.0,
    "meanResTime" : 25550.962662337675,
    "medianResTime" : 27860.5,
    "minResTime" : 25.0,
    "maxResTime" : 55378.0,
    "pct1ResTime" : 43280.8,
    "pct2ResTime" : 45272.6,
    "pct3ResTime" : 49275.310000000005,
    "throughput" : 27.606977036014555,
    "receivedKBytesPerSec" : 164.34778516752417,
    "sentKBytesPerSec" : 13.830448456519012
  },
  "Send Email-2" : {
    "transaction" : "Send Email-2",
    "sampleCount" : 2402,
    "errorCount" : 956,
    "errorPct" : 39.800167,
    "meanResTime" : 13596.763114071617,
    "medianResTime" : 13991.5,
    "minResTime" : 2.0,
    "maxResTime" : 60881.0,
    "pct1ResTime" : 29049.400000000012,
    "pct2ResTime" : 36593.549999999996,
    "pct3ResTime" : 44581.009999999995,
    "throughput" : 14.651969964071565,
    "receivedKBytesPerSec" : 503.0477242210422,
    "sentKBytesPerSec" : 5.482265100312925
  },
  "Send Email-1" : {
    "transaction" : "Send Email-1",
    "sampleCount" : 2602,
    "errorCount" : 200,
    "errorPct" : 7.686395,
    "meanResTime" : 24672.642198309008,
    "medianResTime" : 25376.5,
    "minResTime" : 3.0,
    "maxResTime" : 49599.0,
    "pct1ResTime" : 37240.9,
    "pct2ResTime" : 41158.49999999999,
    "pct3ResTime" : 45601.839999999946,
    "throughput" : 15.595126073588377,
    "receivedKBytesPerSec" : 88.2524834691364,
    "sentKBytesPerSec" : 8.938133626915677
  },
  "Show Contact Page" : {
    "transaction" : "Show Contact Page",
    "sampleCount" : 7000,
    "errorCount" : 5901,
    "errorPct" : 84.3,
    "meanResTime" : 28053.235,
    "medianResTime" : 5772.0,
    "minResTime" : 3245.0,
    "maxResTime" : 84162.0,
    "pct1ResTime" : 72620.8,
    "pct2ResTime" : 74954.75,
    "pct3ResTime" : 78698.91,
    "throughput" : 50.57693836116269,
    "receivedKBytesPerSec" : 5057.739840809087,
    "sentKBytesPerSec" : 63.206969355342736
  },
  "Send Email-4" : {
    "transaction" : "Send Email-4",
    "sampleCount" : 2402,
    "errorCount" : 1266,
    "errorPct" : 52.706078,
    "meanResTime" : 11506.125728559517,
    "medianResTime" : 4616.5,
    "minResTime" : 3.0,
    "maxResTime" : 49217.0,
    "pct1ResTime" : 28181.4,
    "pct2ResTime" : 36529.95,
    "pct3ResTime" : 44442.67999999997,
    "throughput" : 14.638219036997764,
    "receivedKBytesPerSec" : 170.1702723260264,
    "sentKBytesPerSec" : 4.363271799260776
  },
  "Send Email-3" : {
    "transaction" : "Send Email-3",
    "sampleCount" : 2402,
    "errorCount" : 1175,
    "errorPct" : 48.91757,
    "meanResTime" : 12167.395920066625,
    "medianResTime" : 9249.0,
    "minResTime" : 2.0,
    "maxResTime" : 59338.0,
    "pct1ResTime" : 28641.7,
    "pct2ResTime" : 36567.049999999996,
    "pct3ResTime" : 44762.23999999996,
    "throughput" : 14.636613470315462,
    "receivedKBytesPerSec" : 1150.6821138123137,
    "sentKBytesPerSec" : 4.689397081360559
  },
  "Send Email-6" : {
    "transaction" : "Send Email-6",
    "sampleCount" : 2344,
    "errorCount" : 1357,
    "errorPct" : 57.89249,
    "meanResTime" : 10675.215443686027,
    "medianResTime" : 4280.5,
    "minResTime" : 2.0,
    "maxResTime" : 51992.0,
    "pct1ResTime" : 27874.5,
    "pct2ResTime" : 34841.75,
    "pct3ResTime" : 44384.800000000025,
    "throughput" : 14.287804164431657,
    "receivedKBytesPerSec" : 65.14377141037207,
    "sentKBytesPerSec" : 3.7542737407501097
  },
  "Send Email-5" : {
    "transaction" : "Send Email-5",
    "sampleCount" : 2344,
    "errorCount" : 1324,
    "errorPct" : 56.484642,
    "meanResTime" : 10909.849402730368,
    "medianResTime" : 4269.5,
    "minResTime" : 3.0,
    "maxResTime" : 65387.0,
    "pct1ResTime" : 28185.5,
    "pct2ResTime" : 36632.75,
    "pct3ResTime" : 44517.65,
    "throughput" : 14.284582523325188,
    "receivedKBytesPerSec" : 550.3712904991377,
    "sentKBytesPerSec" : 3.8667811469715345
  },
  "Total" : {
    "transaction" : "Total",
    "sampleCount" : 58082,
    "errorCount" : 28898,
    "errorPct" : 49.753796,
    "meanResTime" : 17911.60121896621,
    "medianResTime" : 16819.0,
    "minResTime" : 0.0,
    "maxResTime" : 111166.0,