{
  "Show Contact Page-6" : {
    "transaction" : "Show Contact Page-6",
    "sampleCount" : 2110,
    "errorCount" : 140,
    "errorPct" : 6.6350713,
    "meanResTime" : 6.049763033175352,
    "medianResTime" : 5.0,
    "minResTime" : 2.0,
    "maxResTime" : 83.0,
    "pct1ResTime" : 9.0,
    "pct2ResTime" : 11.0,
    "pct3ResTime" : 21.0,
    "throughput" : 35.404466667785286,
    "receivedKBytesPerSec" : 235.51383406463412,
    "sentKBytesPerSec" : 16.915045010654897
  },
  "Show Contact Page-5" : {
    "transaction" : "Show Contact Page-5",
    "sampleCount" : 2110,
    "errorCount" : 144,
    "errorPct" : 6.8246446,
    "meanResTime" : 6.167298578199041,
    "medianResTime" : 5.0,
    "minResTime" : 2.0,
    "maxResTime" : 69.0,
    "pct1ResTime" : 9.0,
    "pct2ResTime" : 11.449999999999818,
    "pct3ResTime" : 21.0,
    "throughput" : 35.40803141413972,
    "receivedKBytesPerSec" : 2805.976789961991,
    "sentKBytesPerSec" : 16.81796275863805
  },
  "Show Contact Page-4" : {
    "transaction" : "Show Contact Page-4",
    "sampleCount" : 2110,
    "errorCount" : 135,
    "errorPct" : 6.398104,
    "meanResTime" : 6.066350710900467,
    "medianResTime" : 5.0,
    "minResTime" : 2.0,
    "maxResTime" : 71.0,
    "pct1ResTime" : 9.0,
    "pct2ResTime" : 12.0,
    "pct3ResTime" : 22.0,
    "throughput" : 35.40921982245045,
    "receivedKBytesPerSec" : 704.6810692304788,
    "sentKBytesPerSec" : 17.15445462879055
  },
  "Show Contact Page-3" : {
    "transaction" : "Show Contact Page-3",
    "sampleCount" : 2110,
    "errorCount" : 143,
    "errorPct" : 6.7772512,
    "meanResTime" : 6.389099526066353,
    "medianResTime" : 5.0,
    "minResTime" : 2.0,
    "maxResTime" : 125.0,
    "pct1ResTime" : 9.0,
    "pct2ResTime" : 12.0,
    "pct3ResTime" : 22.0,
    "throughput" : 35.4068430855973,
    "receivedKBytesPerSec" : 5034.413450929639,
    "sentKBytesPerSec" : 16.987120577290955
  },
  "Show Contact Page-7" : {
    "transaction" : "Show Contact Page-7",
    "sampleCount" : 2110,
    "errorCount" : 180,
    "errorPct" : 8.530806,
    "meanResTime" : 4.809478672985785,
    "medianResTime" : 4.0,
    "minResTime" : 0.0,
    "maxResTime" : 77.0,
    "pct1ResTime" : 7.0,
    "pct2ResTime" : 11.0,
    "pct3ResTime" : 20.0,
    "throughput" : 35.412785526072874,
    "receivedKBytesPerSec" : 1852.3741631946193,
    "sentKBytesPerSec" : 16.607118693671016
  },
  "Show Contact Page-2" : {
    "transaction" : "Show Contact Page-2",
    "sampleCount" : 2110,
    "errorCount" : 130,
    "errorPct" : 6.1611376,
    "meanResTime" : 6.090521327014208,
    "medianResTime" : 5.0,
    "minResTime" : 2.0,
    "maxResTime" : 70.0,
    "pct1ResTime" : 9.0,
    "pct2ResTime" : 11.449999999999818,
    "pct3ResTime" : 23.0,
    "throughput" : 35.406248951236705,
    "receivedKBytesPerSec" : 1801.3605934007617,
    "sentKBytesPerSec" : 16.904425676242575
  },
  "Show Contact Page-1" : {
    "transaction" : "Show Contact Page-1",
    "sampleCount" : 2110,
    "errorCount" : 20,
    "errorPct" : 0.9478673,
    "meanResTime" : 121.42511848341242,
    "medianResTime" : 94.0,
    "minResTime" : 5.0,
    "maxResTime" : 1946.0,
    "pct1ResTime" : 108.0,
    "pct2ResTime" : 116.0,
    "pct3ResTime" : 1391.2199999999875,
    "throughput" : 35.35937526184371,
    "receivedKBytesPerSec" : 210.02844408275098,
    "sentKBytesPerSec" : 18.46980104067166
  },
  "Show Contact Page-0" : {
    "transaction" : "Show Contact Page-0",
    "sampleCount" : 2110,
    "errorCount" : 0,
    "errorPct" : 0.0,
    "meanResTime" : 2.48056872037915,
    "medianResTime" : 2.0,
    "minResTime" : 1.0,
    "maxResTime" : 60.0,
    "pct1ResTime" : 4.0,
    "pct2ResTime" : 7.0,
    "pct3ResTime" : 12.0,
    "throughput" : 35.27956126270733,
    "receivedKBytesPerSec" : 207.0262535425863,
    "sentKBytesPerSec" : 17.674233327899277
  },
  "Send Email-2" : {
    "transaction" : "Send Email-2",
    "sampleCount" : 334,
    "errorCount" : 155,
    "errorPct" : 46.407185,
    "meanResTime" : 9.338323353293406,
    "medianResTime" : 7.0,
    "minResTime" : 2.0,
    "maxResTime" : 44.0,
    "pct1ResTime" : 20.0,
    "pct2ResTime" : 23.25,
    "pct3ResTime" : 33.94999999999993,
    "throughput" : 12.738367658276125,
    "receivedKBytesPerSec" : 548.9784456045004,
    "sentKBytesPerSec" : 3.49972140779939
  },
  "Send Email-1" : {
    "transaction" : "Send Email-1",
    "sampleCount" : 338,
    "errorCount" : 82,
    "errorPct" : 24.260355,
    "meanResTime" : 44.96745562130178,
    "medianResTime" : 14.0,
    "minResTime" : 2.0,
    "maxResTime" : 123.0,
    "pct1ResTime" : 101.0,
    "pct2ResTime" : 105.05000000000001,
    "pct3ResTime" : 115.0,
    "throughput" : 5.899499066203551,
    "receivedKBytesPerSec" : 164.26773954169795,
    "sentKBytesPerSec" : 2.3240595491595832
  },
  "Show Contact Page" : {
    "transaction" : "Show Contact Page",
    "sampleCount" : 3000,
    "errorCount" : 1092,
    "errorPct" : 36.4,
    "meanResTime" : 90.21266666666654,
    "medianResTime" : 92.0,
    "minResTime" : 3.0,
    "maxResTime" : 2167.0,
    "pct1ResTime" : 108.0,
    "pct2ResTime" : 115.0,
    "pct3ResTime" : 1161.4599999999882,
    "throughput" : 50.080128205128204,
    "receivedKBytesPerSec" : 12821.8511597723,
    "sentKBytesPerSec" : 136.90118708162225
  },
  "Send Email-4" : {
    "transaction" : "Send Email-4",
    "sampleCount" : 308,
    "errorCount" : 187,
    "errorPct" : 60.714287,
    "meanResTime" : 10.56818181818182,
    "medianResTime" : 8.0,
    "minResTime" : 2.0,
    "maxResTime" : 43.0,
    "pct1ResTime" : 21.0,
    "pct2ResTime" : 25.55000000000001,
    "pct3ResTime" : 39.82000000000005,
    "throughput" : 11.804384485666104,
    "receivedKBytesPerSec" : 157.79707231862258,
    "sentKBytesPerSec" : 2.3847407730338803
  },
  "Send Email-3" : {
    "transaction" : "Send Email-3",
    "sampleCount" : 324,
    "errorCount" : 186,
    "errorPct" : 57.407406,
    "meanResTime" : 10.2283950617284,
    "medianResTime" : 9.0,
    "minResTime" : 2.0,
    "maxResTime" : 44.0,
    "pct1ResTime" : 19.0,
    "pct2ResTime" : 24.75,
    "pct3ResTime" : 36.5,
    "throughput" : 12.408563440695493,
    "receivedKBytesPerSec" : 465.59699456167897,
    "sentKBytesPerSec" : 2.715196062004519
  },
  "Send Email-6" : {
    "transaction" : "Send Email-6",
    "sampleCount" : 153,
    "errorCount" : 117,
    "errorPct" : 76.47059,
    "meanResTime" : 12.437908496732026,
    "medianResTime" : 11.0,
    "minResTime" : 2.0,
    "maxResTime" : 44.0,
    "pct1ResTime" : 21.0,
    "pct2ResTime" : 27.299999999999983,
    "pct3ResTime" : 39.14000000000007,
    "throughput" : 5.903005517188163,
    "receivedKBytesPerSec" : 32.867908496180405,
    "sentKBytesPerSec" : 0.7109739717967514
  },
  "Send Email-5" : {
    "transaction" : "Send Email-5",
    "sampleCount" : 251,
    "errorCount" : 185,
    "errorPct" : 73.70518,
    "meanResTime" : 12.565737051792825,
    "medianResTime" : 10.0,
    "minResTime" : 2.0,
    "maxResTime" : 71.0,
    "pct1ResTime" : 22.80000000000001,
    "pct2ResTime" : 29.0,
    "pct3ResTime" : 40.91999999999996,
    "throughput" : 9.628294142468066,
    "receivedKBytesPerSec" : 186.09544921650237,
    "sentKBytesPerSec" : 1.2943414592044191
  },
  "Total" : {
    "transaction" : "Total",
    "sampleCount" : 26970,
    "errorCount" : 4044,
    "errorPct" : 14.994438,
    "meanResTime" : 25.19514275120512,
    "medianResTime" : 5.0,
    "minResTime" : 0.0,
    "maxResTime" : 2167.0,
    "pct1ResTime" : 92.0,
    "pct2ResTime" : 99.0,
    "pct3ResTime" : 110.0,
    "throughput" : 450.19780660023036,
    "receivedKBytesPerSec" : 27667.97817215643,
    "sentKBytesPerSec" : 337.55814350785386
  },
  "Send Email-7" : {
    "transaction" : "Send Email-7",
    "sampleCount" : 136,
    "errorCount" : 111,
    "errorPct" : 81.617645,
    "meanResTime" : 13.91176470588235,
    "medianResTime" : 11.0,
    "minResTime" : 3.0,
    "maxResTime" : 49.0,
    "pct1ResTime" : 25.299999999999997,