{
  "Save Poll" : {
    "transaction" : "Save Poll",
    "sampleCount" : 7000,
    "errorCount" : 4794,
    "errorPct" : 68.48572,
    "meanResTime" : 2178.0098571428566,
    "medianResTime" : 582.5,
    "minResTime" : 2.0,
    "maxResTime" : 28723.0,
    "pct1ResTime" : 6705.900000000001,
    "pct2ResTime" : 10077.499999999998,
    "pct3ResTime" : 17272.52999999999,
    "throughput" : 88.10240016110153,
    "receivedKBytesPerSec" : 4982.482605184039,
    "sentKBytesPerSec" : 77.6617863902244
  },
  "Polls" : {
    "transaction" : "Polls",
    "sampleCount" : 7000,
    "errorCount" : 5373,
    "errorPct" : 76.75714,
    "meanResTime" : 3493.604000000001,
    "medianResTime" : 1120.0,
    "minResTime" : 2.0,
    "maxResTime" : 33199.0,
    "pct1ResTime" : 12329.20000000001,
    "pct2ResTime" : 14780.9,
    "pct3ResTime" : 19283.729999999996,
    "throughput" : 78.1319760692919,
    "receivedKBytesPerSec" : 14551.702865054218,
    "sentKBytesPerSec" : 125.11012379383762
  },
  "Save Poll-0" : {
    "transaction" : "Save Poll-0",
    "sampleCount" : 4013,
    "errorCount" : 0,
    "errorPct" : 0.0,
    "meanResTime" : 1556.244704709692,
    "medianResTime" : 307.0,
    "minResTime" : 12.0,
    "maxResTime" : 17432.0,
    "pct1ResTime" : 5446.2,
    "pct2ResTime" : 6790.9,
    "pct3ResTime" : 10631.540000000005,
    "throughput" : 50.51293347598968,
    "receivedKBytesPerSec" : 566.5739908505885,
    "sentKBytesPerSec" : 35.71422249669583
  },
  "Show New Poll Form-0" : {
    "transaction" : "Show New Poll Form-0",
    "sampleCount" : 3529,
    "errorCount" : 0,
    "errorPct" : 0.0,
    "meanResTime" : 957.0586568432985,
    "medianResTime" : 16.0,
    "minResTime" : 0.0,
    "maxResTime" : 14262.0,
    "pct1ResTime" : 3302.0,
    "pct2ResTime" : 8083.5,
    "pct3ResTime" : 9936.099999999999,
    "throughput" : 44.43017575666012,
    "receivedKBytesPerSec" : 51.54594609268772,
    "sentKBytesPerSec" : 22.822531687503147
  },
  "Show New Poll Form-1" : {
    "transaction" : "Show New Poll Form-1",
    "sampleCount" : 936,
    "errorCount" : 186,
    "errorPct" : 19.871796,
    "meanResTime" : 3411.920940170937,
    "medianResTime" : 2612.0,
    "minResTime" : 2.0,
    "maxResTime" : 19218.0,
    "pct1ResTime" : 8266.500000000013,
    "pct2ResTime" : 9659.849999999999,
    "pct3ResTime" : 14577.08,
    "throughput" : 14.153939210645698,
    "receivedKBytesPerSec" : 1581.0438335239303,
    "sentKBytesPerSec" : 6.146894610993498
  },
  "Save Poll-2" : {
    "transaction" : "Save Poll-2",
    "sampleCount" : 1957,
    "errorCount" : 714,
    "errorPct" : 36.484413,
    "meanResTime" : 1191.3888605007674,
    "medianResTime" : 52.0,
    "minResTime" : 2.0,
    "maxResTime" : 19275.0,
    "pct1ResTime" : 4231.8,
    "pct2ResTime" : 5925.2,
    "pct3ResTime" : 11444.620000000004,
    "throughput" : 31.01868729295779,
    "receivedKBytesPerSec" : 665.5638501083752,
    "sentKBytesPerSec" : 11.17877785163494
  },
  "Save Poll-1" : {
    "transaction" : "Save Poll-1",
    "sampleCount" : 2370,
    "errorCount" : 427,
    "errorPct" : 18.016878,
    "meanResTime" : 1887.5075949367124,
    "medianResTime" : 843.5,
    "minResTime" : 1.0,
    "maxResTime" : 15876.0,
    "pct1ResTime" : 5280.700000000001,
    "pct2ResTime" : 6908.049999999998,
    "pct3ResTime" : 11661.9,
    "throughput" : 30.903235060176552,
    "receivedKBytesPerSec" : 1629.289191467219,
    "sentKBytesPerSec" : 14.597477111884054
  },
  "Polls-0" : {
    "transaction" : "Polls-0",
    "sampleCount" : 2785,
    "errorCount" : 0,
    "errorPct" : 0.0,
    "meanResTime" : 1417.9210053859965,
    "medianResTime" : 66.0,
    "minResTime" : 4.0,
    "maxResTime" : 17187.0,
    "pct1ResTime" : 5308.4,
    "pct2ResTime" : 9550.899999999994,
    "pct3ResTime" : 12460.14,
    "throughput" : 36.43475758130773,
    "receivedKBytesPerSec" : 372.7594944186792,
    "sentKBytesPerSec" : 18.573186970158822
  },
  "Total" : {
    "transaction" : "Total",
    "sampleCount" : 67200,
    "errorCount" : 24331,
    "errorPct" : 36.206844,
    "meanResTime" : 1598.8873214285718,
    "medianResTime" : 229.5,
    "minResTime" : 0.0,
    "maxResTime" : 33199.0,
    "pct1ResTime" : 7973.0,
    "pct2ResTime" : 10543.95,
    "pct3ResTime" : 17929.99,
    "throughput" : 749.6067910805716,
    "receivedKBytesPerSec" : 40238.03351182276,
    "sentKBytesPerSec" : 436.3423779518556
  },
  "Polls-2" : {
    "transaction" : "Polls-2",
    "sampleCount" : 2785,
    "errorCount" : 422,
    "errorPct" : 15.152603,
    "meanResTime" : 4613.656732495511,
    "medianResTime" : 2701.0,
    "minResTime" : 3.0,
    "maxResTime" : 24982.0,
    "pct1ResTime" : 11846.0,
    "pct2ResTime" : 12685.3,
    "pct3ResTime" : 15857.619999999995,
    "throughput" : 31.79550410430295,
    "receivedKBytesPerSec" : 175.4994448630567,
    "sentKBytesPerSec" : 14.226499083809982
  },
  "Show New Poll Form" : {
    "transaction" : "Show New Poll Form",
    "sampleCount" : 7000,
    "errorCount" : 3657,
    "errorPct" : 52.24286,
    "meanResTime" : 1349.7364285714275,
    "medianResTime" : 125.5,
    "minResTime" : 0.0,
    "maxResTime" : 28118.0,
    "pct1ResTime" : 4068.7000000000016,
    "pct2ResTime" : 7481.749999999999,
    "pct3ResTime" : 16057.69999999995,
    "throughput" : 88.13013043259305,
    "receivedKBytesPerSec" : 1475.6717807715793,
    "sentKBytesPerSec" : 27.940300492269728
  },
  "Save Poll-8" : {
    "transaction" : "Save Poll-8",
    "sampleCount" : 718,
    "errorCount" : 578,
    "errorPct" : 80.501396,
    "meanResTime" : 456.5849582172701,
    "medianResTime" : 42.0,
    "minResTime" : 0.0,
    "maxResTime" : 10440.0,
    "pct1ResTime" : 1340.9000000000024,
    "pct2ResTime" : 3144.0499999999965,
    "pct3ResTime" : 6025.159999999982,
    "throughput" : 18.588034276542317,
    "receivedKBytesPerSec" : 245.00243312644005,
    "sentKBytesPerSec" : 2.031650464700857
  },
  "Polls-1" : {
    "transaction" : "Polls-1",
    "sampleCount" : 2785,
    "errorCount" : 192,
    "errorPct" : 6.8940754,
    "meanResTime" : 5047.457809694797,
    "medianResTime" : 3204.0,
    "minResTime" : 2.0,
    "maxResTime" : 24762.0,
    "pct1ResTime" : 12607.600000000002,
    "pct2ResTime" : 14356.099999999999,
    "pct3ResTime" : 16205.119999999999,
    "throughput" : 34.47507520146566,
    "receivedKBytesPerSec" : 4459.6881798692175,
    "sentKBytesPerSec" : 17.397048168395578
  },
  "Save Poll-7" : {
    "transaction" : "Save Poll-7",
    "sampleCount" : 1257,
    "errorCount" : 1043,
    "errorPct" : 82.97534,
    "meanResTime" : 336.88066825775684,
    "medianResTime" : 25.0,
    "minResTime" : 0.0,
    "maxResTime" : 10272.0,
    "pct1ResTime" : 1034.0000000000005,
    "pct2ResTime" : 1955.199999999999,
    "pct3ResTime" : 5062.52,
    "throughput" : 28.64826674567541,
    "receivedKBytesPerSec" : 166.96612476354352,
    "sentKBytesPerSec" : 2.730577986473551
  },
  "Polls-4" : {
    "transaction" : "Polls-4",
    "sampleCount" : 2785,
    "errorCount" : 424,
    "errorPct" : 15.224417,
    "meanResTime" : 330.3572710951523,
    "medianResTime" : 133.0,
    "minResTime" : 2.0,
    "maxResTime" : 10274.0,
    "pct1ResTime" : 751.0000000000005,
    "pct2ResTime" : 1122.6999999999998,
    "pct3ResTime" : 3103.7999999999975,
    "throughput" : 37.41670249355116,
    "receivedKBytesPerSec" : 4846.866138618974,
    "sentKBytesPerSec" : 16.324765704770797
  },
  "Polls-3" : {
    "transaction" : "Polls-3",
    "sampleCount" : 2785,
    "errorCount" : 311,
    "errorPct" : 11.1669655,
    "meanResTime" : 315.0172351885094,
    "medianResTime" : 130.0,
    "minResTime" : 2.0,
    "maxResTime" : 7359.0,
    "pct1ResTime" : 783.0,
    "pct2ResTime" : 1098.5999999999985,
    "pct3ResTime" : 2268.319999999995,
    "throughput" : 37.38756880118137,
    "receivedKBytesPerSec" : 1805.1153835665862,
    "sentKBytesPerSec" : 16.898162714793934
  },
  "Polls-6" : {
    "transaction" : "Polls-6",
    "sampleCount" : 2785,
    "errorCount" : 459,