{
  "Save Poll" : {
    "transaction" : "Save Poll",
    "sampleCount" : 7000,
    "errorCount" : 6140,
    "errorPct" : 87.71429,
    "meanResTime" : 34865.649,
    "medianResTime" : 4088.0,
    "minResTime" : 1.0,
    "maxResTime" : 550487.0,
    "pct1ResTime" : 111088.10000000002,
    "pct2ResTime" : 143552.34999999983,
    "pct3ResTime" : 497323.85,
    "throughput" : 10.633029836281722,
    "receivedKBytesPerSec" : 661.973924025198,
    "sentKBytesPerSec" : 8.281728427006529
  },
  "Polls" : {
    "transaction" : "Polls",
    "sampleCount" : 7000,
    "errorCount" : 6079,
    "errorPct" : 86.84286,
    "meanResTime" : 183120.14999999997,
    "medianResTime" : 137802.5,
    "minResTime" : 1.0,
    "maxResTime" : 513927.0,
    "pct1ResTime" : 477380.20000000007,
    "pct2ResTime" : 498131.3,
    "pct3ResTime" : 509685.7,
    "throughput" : 12.79214050887135,
    "receivedKBytesPerSec" : 2504.6737248919976,
    "sentKBytesPerSec" : 19.946154011546735
  },
  "Save Poll-0" : {
    "transaction" : "Save Poll-0",
    "sampleCount" : 1361,
    "errorCount" : 0,
    "errorPct" : 0.0,
    "meanResTime" : 75981.18956649522,
    "medianResTime" : 16237.0,
    "minResTime" : 142.0,
    "maxResTime" : 491484.0,
    "pct1ResTime" : 265358.9999999997,
    "pct2ResTime" : 467619.3,
    "pct3ResTime" : 483254.13999999996,
    "throughput" : 2.177481545003952,
    "receivedKBytesPerSec" : 0.7972519419943556,
    "sentKBytesPerSec" : 1.724414004378162
  },
  "Show New Poll Form-0" : {
    "transaction" : "Show New Poll Form-0",
    "sampleCount" : 1328,
    "errorCount" : 0,
    "errorPct" : 0.0,
    "meanResTime" : 64741.22364457821,
    "medianResTime" : 12543.5,
    "minResTime" : 25.0,
    "maxResTime" : 486622.0,
    "pct1ResTime" : 246118.70000000007,
    "pct2ResTime" : 408235.25,
    "pct3ResTime" : 479854.13,
    "throughput" : 2.3568288583755272,
    "receivedKBytesPerSec" : 3.8896882525924226,
    "sentKBytesPerSec" : 1.1991287453258297
  },
  "Save Poll-2" : {
    "transaction" : "Save Poll-2",
    "sampleCount" : 1130,
    "errorCount" : 71,
    "errorPct" : 6.283186,
    "meanResTime" : 38175.94159292038,
    "medianResTime" : 35770.5,
    "minResTime" : 81.0,
    "maxResTime" : 484718.0,
    "pct1ResTime" : 60610.9,
    "pct2ResTime" : 61845.65,
    "pct3ResTime" : 191142.0600000001,
    "throughput" : 1.7169494821801916,
    "receivedKBytesPerSec" : 101.78221261465956,
    "sentKBytesPerSec" : 1.003783046054511
  },
  "Show New Poll Form-1" : {
    "transaction" : "Show New Poll Form-1",
    "sampleCount" : 99,
    "errorCount" : 0,
    "errorPct" : 0.0,
    "meanResTime" : 162.71717171717165,
    "medianResTime" : 159.0,
    "minResTime" : 79.0,
    "maxResTime" : 330.0,
    "pct1ResTime" : 232.0,
    "pct2ResTime" : 249.0,
    "pct3ResTime" : 330.0,
    "throughput" : 15.686895896054507,
    "receivedKBytesPerSec" : 2176.2655853866268,
    "sentKBytesPerSec" : 8.502175021787355
  },
  "Save Poll-1" : {
    "transaction" : "Save Poll-1",
    "sampleCount" : 1361,
    "errorCount" : 231,
    "errorPct" : 16.972815,
    "meanResTime" : 45077.39162380604,
    "medianResTime" : 31541.0,
    "minResTime" : 13.0,
    "maxResTime" : 489676.0,
    "pct1ResTime" : 64655.799999999996,
    "pct2ResTime" : 128041.29999999999,
    "pct3ResTime" : 480420.51999999967,
    "throughput" : 2.0835884874464177,
    "receivedKBytesPerSec" : 67.98868042664957,
    "sentKBytesPerSec" : 1.0594357585731782
  },
  "Polls-0" : {
    "transaction" : "Polls-0",
    "sampleCount" : 4646,
    "errorCount" : 0,
    "errorPct" : 0.0,
    "meanResTime" : 198056.0852346102,
    "medianResTime" : 179782.0,
    "minResTime" : 3.0,
    "maxResTime" : 491193.0,
    "pct1ResTime" : 427594.70000000007,
    "pct2ResTime" : 459550.14999999997,
    "pct3ResTime" : 482543.55,
    "throughput" : 8.572461842765625,
    "receivedKBytesPerSec" : 350.546950174526,
    "sentKBytesPerSec" : 4.277859376614487
  },
  "Total" : {
    "transaction" : "Total",
    "sampleCount" : 73223,
    "errorCount" : 39571,
    "errorPct" : 54.041763,
    "meanResTime" : 51983.564972754706,
    "medianResTime" : 23370.0,
    "minResTime" : 0.0,
    "maxResTime" : 550487.0,
    "pct1ResTime" : 437018.4,
    "pct2ResTime" : 477126.5,
    "pct3ResTime" : 505768.76,
    "throughput" : 110.20440107219883,
    "receivedKBytesPerSec" : 5476.595668458838,
    "sentKBytesPerSec" : 51.25293232281027
  },
  "Polls-2" : {
    "transaction" : "Polls-2",
    "sampleCount" : 4646,
    "errorCount" : 135,
    "errorPct" : 2.9057252,
    "meanResTime" : 962.5535944898845,
    "medianResTime" : 104.0,
    "minResTime" : 75.0,
    "maxResTime" : 17872.0,
    "pct1ResTime" : 3393.3,
    "pct2ResTime" : 7648.899999999976,
    "pct3ResTime" : 11568.229999999978,
    "throughput" : 8.57168686591011,
    "receivedKBytesPerSec" : 50.49016422686004,
    "sentKBytesPerSec" : 4.388880157356688
  },
  "Show New Poll Form" : {
    "transaction" : "Show New Poll Form",
    "sampleCount" : 7000,
    "errorCount" : 5672,
    "errorPct" : 81.02857,
    "meanResTime" : 16533.607714285747,
    "medianResTime" : 4089.0,
    "minResTime" : 1.0,
    "maxResTime" : 489820.0,
    "pct1ResTime" : 12100.700000000033,
    "pct2ResTime" : 29311.149999999987,
    "pct3ResTime" : 408470.6499999999,
    "throughput" : 12.423043681196305,
    "receivedKBytesPerSec" : 55.755226635138754,
    "sentKBytesPerSec" : 1.309705619341969
  },
  "Save Poll-8" : {
    "transaction" : "Save Poll-8",
    "sampleCount" : 55,
    "errorCount" : 5,
    "errorPct" : 9.090909,
    "meanResTime" : 51256.600000000006,
    "medianResTime" : 52581.0,
    "minResTime" : 6956.0,
    "maxResTime" : 63308.0,
    "pct1ResTime" : 62145.4,
    "pct2ResTime" : 62908.6,
    "pct3ResTime" : 63308.0,
    "throughput" : 0.5551798277933115,
    "receivedKBytesPerSec" : 29.00622377090757,
    "sentKBytesPerSec" : 0.31544308397347254
  },
  "Polls-1" : {
    "transaction" : "Polls-1",
    "sampleCount" : 4646,
    "errorCount" : 181,
    "errorPct" : 3.8958244,
    "meanResTime" : 1101.3037021093419,
    "medianResTime" : 101.0,
    "minResTime" : 1.0,
    "maxResTime" : 17914.0,
    "pct1ResTime" : 3142.200000000006,
    "pct2ResTime" : 7986.65,
    "pct3ResTime" : 15424.71,
    "throughput" : 8.571512910772137,
    "receivedKBytesPerSec" : 1143.8454790965595,
    "sentKBytesPerSec" : 4.464704991600987
  },
  "Save Poll-7" : {
    "transaction" : "Save Poll-7",
    "sampleCount" : 941,
    "errorCount" : 69,
    "errorPct" : 7.332625,
    "meanResTime" : 41465.00743889475,
    "medianResTime" : 41686.0,
    "minResTime" : 8.0,
    "maxResTime" : 389933.0,
    "pct1ResTime" : 60850.8,
    "pct2ResTime" : 62139.4,
    "pct3ResTime" : 184720.40000000052,
    "throughput" : 1.429804355357284,
    "receivedKBytesPerSec" : 71.91041154168161,
    "sentKBytesPerSec" : 0.8280197423351243
  },
  "Polls-4" : {
    "transaction" : "Polls-4",
    "sampleCount" : 4646,
    "errorCount" : 3365,
    "errorPct" : 72.427895,
    "meanResTime" : 31782.208781747748,
    "medianResTime" : 4082.0,
    "minResTime" : 3.0,
    "maxResTime" : 476390.0,
    "pct1ResTime" : 54908.500000000306,
    "pct2ResTime" : 278157.1999999992,
    "pct3ResTime" : 453069.59,
    "throughput" : 8.502321393604776,
    "receivedKBytesPerSec" : 375.41448402177554,
    "sentKBytesPerSec" : 1.2064743703094034
  },
  "Polls-3" : {
    "transaction" : "Polls-3",
    "sampleCount" : 4646,
    "errorCount" : 3292,
    "errorPct" : 70.85665,
    "meanResTime" : 38922.40206629365,
    "medianResTime" : 4082.0,
    "minResTime" : 2.0,
    "maxResTime" : 476537.0,
    "pct1ResTime" : 101290.20000000008,
    "pct2ResTime" : 358777.6,
    "pct3ResTime" : 455492.99,
    "throughput" : 8.502368072381762,