{
  "Save Poll" : {
    "transaction" : "Save Poll",
    "sampleCount" : 3000,
    "errorCount" : 2252,
    "errorPct" : 75.066666,
    "meanResTime" : 53207.90233333338,
    "medianResTime" : 4097.0,
    "minResTime" : 4031.0,
    "maxResTime" : 408407.0,
    "pct1ResTime" : 114794.3,
    "pct2ResTime" : 229623.04999999993,
    "pct3ResTime" : 336063.77999999997,
    "throughput" : 6.497669502538423,
    "receivedKBytesPerSec" : 885.8755610500721,
    "sentKBytesPerSec" : 11.05261196838234
  },
  "Polls" : {
    "transaction" : "Polls",
    "sampleCount" : 3000,
    "errorCount" : 1945,
    "errorPct" : 64.833336,
    "meanResTime" : 190767.30433333296,
    "medianResTime" : 192601.0,
    "minResTime" : 624.0,
    "maxResTime" : 327709.0,
    "pct1ResTime" : 311657.1,
    "pct2ResTime" : 315488.8,
    "pct3ResTime" : 317605.94,
    "throughput" : 8.522751485089445,
    "receivedKBytesPerSec" : 2916.4454663090305,
    "sentKBytesPerSec" : 23.48656408203574
  },
  "Save Poll-0" : {
    "transaction" : "Save Poll-0",
    "sampleCount" : 1148,
    "errorCount" : 0,
    "errorPct" : 0.0,
    "meanResTime" : 28291.50696864104,
    "medianResTime" : 10231.0,
    "minResTime" : 159.0,
    "maxResTime" : 286156.0,
    "pct1ResTime" : 54434.30000000022,
    "pct2ResTime" : 186959.49999999997,
    "pct3ResTime" : 266609.79,
    "throughput" : 2.6222558252682218,
    "receivedKBytesPerSec" : 0.9593328887243,
    "sentKBytesPerSec" : 2.0826437622347194
  },
  "Show New Poll Form-0" : {
    "transaction" : "Show New Poll Form-0",
    "sampleCount" : 1075,
    "errorCount" : 0,
    "errorPct" : 0.0,
    "meanResTime" : 41660.06790697682,
    "medianResTime" : 7826.0,
    "minResTime" : 93.0,
    "maxResTime" : 282895.0,
    "pct1ResTime" : 193945.7999999999,
    "pct2ResTime" : 252415.8,
    "pct3ResTime" : 277769.24,
    "throughput" : 2.926014033979869,
    "receivedKBytesPerSec" : 4.829066130298807,
    "sentKBytesPerSec" : 1.4887239372104606
  },
  "Save Poll-2" : {
    "transaction" : "Save Poll-2",
    "sampleCount" : 1120,
    "errorCount" : 119,
    "errorPct" : 10.625,
    "meanResTime" : 45185.58839285721,
    "medianResTime" : 40152.0,
    "minResTime" : 3.0,
    "maxResTime" : 316324.0,
    "pct1ResTime" : 68869.2,
    "pct2ResTime" : 72037.5,
    "pct3ResTime" : 265876.19999999995,
    "throughput" : 2.4331534537744295,
    "receivedKBytesPerSec" : 133.72961478713708,
    "sentKBytesPerSec" : 1.3654389255400732
  },
  "Show New Poll Form-1" : {
    "transaction" : "Show New Poll Form-1",
    "sampleCount" : 27,
    "errorCount" : 0,
    "errorPct" : 0.0,
    "meanResTime" : 131.14814814814818,
    "medianResTime" : 125.0,
    "minResTime" : 78.0,
    "maxResTime" : 200.0,
    "pct1ResTime" : 195.4,
    "pct2ResTime" : 198.79999999999998,
    "pct3ResTime" : 200.0,
    "throughput" : 3.273124015032125,
    "receivedKBytesPerSec" : 454.0832127379076,
    "sentKBytesPerSec" : 1.7740076448660442
  },
  "Save Poll-1" : {
    "transaction" : "Save Poll-1",
    "sampleCount" : 1148,
    "errorCount" : 28,
    "errorPct" : 2.4390244,
    "meanResTime" : 52549.584494773524,
    "medianResTime" : 47722.5,
    "minResTime" : 162.0,
    "maxResTime" : 287270.0,
    "pct1ResTime" : 73355.3,
    "pct2ResTime" : 174452.99999999994,
    "pct3ResTime" : 272383.22,
    "throughput" : 2.4946922597174566,
    "receivedKBytesPerSec" : 99.12730633063472,
    "sentKBytesPerSec" : 1.4905355031868173
  },
  "Polls-0" : {
    "transaction" : "Polls-0",
    "sampleCount" : 2873,
    "errorCount" : 0,
    "errorPct" : 0.0,
    "meanResTime" : 125346.35816219979,
    "medianResTime" : 122290.0,
    "minResTime" : 7.0,
    "maxResTime" : 284770.0,
    "pct1ResTime" : 246658.39999999997,
    "pct2ResTime" : 262909.79999999993,
    "pct3ResTime" : 277854.9,
    "throughput" : 8.347909971582819,
    "receivedKBytesPerSec" : 358.2722179928986,
    "sentKBytesPerSec" : 4.165802729959785
  },
  "Total" : {
    "transaction" : "Total",
    "sampleCount" : 44615,
    "errorCount" : 16986,
    "errorPct" : 38.072395,
    "meanResTime" : 59088.91088199024,
    "medianResTime" : 41086.5,
    "minResTime" : 2.0,
    "maxResTime" : 408407.0,
    "pct1ResTime" : 256856.9,
    "pct2ResTime" : 273592.10000000003,
    "pct3ResTime" : 315644.80000000005,
    "throughput" : 95.31408892421018,
    "receivedKBytesPerSec" : 6157.78769517397,
    "sentKBytesPerSec" : 59.38523287219815
  },
  "Polls-2" : {
    "transaction" : "Polls-2",
    "sampleCount" : 2873,
    "errorCount" : 0,
    "errorPct" : 0.0,
    "meanResTime" : 305.57744517925465,
    "medianResTime" : 104.0,
    "minResTime" : 75.0,
    "maxResTime" : 6167.0,
    "pct1ResTime" : 307.5999999999999,
    "pct2ResTime" : 1403.099999999998,
    "pct3ResTime" : 4780.639999999997,
    "throughput" : 8.354610011573737,
    "receivedKBytesPerSec" : 49.8828961042596,
    "sentKBytesPerSec" : 4.405751373290838
  },
  "Show New Poll Form" : {
    "transaction" : "Show New Poll Form",
    "sampleCount" : 3000,
    "errorCount" : 1925,
    "errorPct" : 64.166664,
    "meanResTime" : 18168.998666666663,
    "medianResTime" : 4094.0,
    "minResTime" : 93.0,
    "maxResTime" : 284289.0,
    "pct1ResTime" : 21765.800000000007,
    "pct2ResTime" : 124119.69999999981,
    "pct3ResTime" : 266995.1599999998,
    "throughput" : 8.16562055994382,
    "receivedKBytesPerSec" : 29.444443605672657,
    "sentKBytesPerSec" : 1.5354795575390452
  },
  "Save Poll-8" : {
    "transaction" : "Save Poll-8",
    "sampleCount" : 27,
    "errorCount" : 3,
    "errorPct" : 11.111111,
    "meanResTime" : 57861.51851851851,
    "medianResTime" : 61690.0,
    "minResTime" : 27465.0,
    "maxResTime" : 74295.0,
    "pct1ResTime" : 70479.2,
    "pct2ResTime" : 73010.59999999999,
    "pct3ResTime" : 74295.0,
    "throughput" : 0.26045183570312347,
    "receivedKBytesPerSec" : 13.32094139773407,
    "sentKBytesPerSec" : 0.14469546427951305
  },
  "Polls-1" : {
    "transaction" : "Polls-1",
    "sampleCount" : 2873,
    "errorCount" : 0,
    "errorPct" : 0.0,
    "meanResTime" : 323.12669683257917,
    "medianResTime" : 103.0,
    "minResTime" : 71.0,
    "maxResTime" : 6310.0,
    "pct1ResTime" : 340.0,
    "pct2ResTime" : 1506.4999999999905,
    "pct3ResTime" : 4978.459999999983,
    "throughput" : 8.354051264157253,
    "receivedKBytesPerSec" : 1158.9722299081507,
    "sentKBytesPerSec" : 4.52783051914773
  },
  "Save Poll-7" : {
    "transaction" : "Save Poll-7",
    "sampleCount" : 993,
    "errorCount" : 139,
    "errorPct" : 13.997986,
    "meanResTime" : 47675.94561933533,
    "medianResTime" : 42398.0,
    "minResTime" : 3.0,
    "maxResTime" : 357354.0,
    "pct1ResTime" : 69226.8,
    "pct2ResTime" : 80479.89999999943,
    "pct3ResTime" : 272349.22,
    "throughput" : 2.158446961545735,
    "receivedKBytesPerSec" : 104.46509738076374,
    "sentKBytesPerSec" : 1.1656796370472533
  },
  "Polls-4" : {
    "transaction" : "Polls-4",
    "sampleCount" : 2873,
    "errorCount" : 1650,
    "errorPct" : 57.431255,
    "meanResTime" : 61586.33275321965,
    "medianResTime" : 4100.0,
    "minResTime" : 4.0,
    "maxResTime" : 261725.0,
    "pct1ResTime" : 246557.2,
    "pct2ResTime" : 255859.3,
    "pct3ResTime" : 261037.75999999998,
    "throughput" : 8.247073480190375,
    "receivedKBytesPerSec" : 549.307312455686,
    "sentKBytesPerSec" : 1.8067636883694163
  },
  "Polls-3" : {
    "transaction" : "Polls-3",
    "sampleCount" : 2873,
    "errorCount" : 1647,
    "errorPct" : 57.326836,
    "meanResTime" : 61672.58753915764,
    "medianResTime" : 4100.0,
    "minResTime" : 3.0,
    "maxResTime" : 261720.0,
    "pct1ResTime" : 246393.2,
    "pct2ResTime" : 255841.5,
    "pct3ResTime" : 261031.41999999998,