{
  "Registration-3" : {
    "transaction" : "Registration-3",
    "sampleCount" : 998,
    "errorCount" : 0,
    "errorPct" : 0.0,
    "meanResTime" : 22366.67334669341,
    "medianResTime" : 21248.5,
    "minResTime" : 611.0,
    "maxResTime" : 63948.0,
    "pct1ResTime" : 39237.3,
    "pct2ResTime" : 44187.45,
    "pct3ResTime" : 53115.8,
    "throughput" : 4.370809300451533,
    "receivedKBytesPerSec" : 372.31323740983566,
    "sentKBytesPerSec" : 3.5470997266054405
  },
  "Registration-2" : {
    "transaction" : "Registration-2",
    "sampleCount" : 998,
    "errorCount" : 0,
    "errorPct" : 0.0,
    "meanResTime" : 22466.63326653303,
    "medianResTime" : 20992.0,
    "minResTime" : 868.0,
    "maxResTime" : 67582.0,
    "pct1ResTime" : 40462.5,
    "pct2ResTime" : 45191.44999999999,
    "pct3ResTime" : 54991.079999999994,
    "throughput" : 4.380036163825641,
    "receivedKBytesPerSec" : 519.3227727730061,
    "sentKBytesPerSec" : 3.5969329186270036
  },
  "Registration-1" : {
    "transaction" : "Registration-1",
    "sampleCount" : 1000,
    "errorCount" : 2,
    "errorPct" : 0.2,
    "meanResTime" : 26655.133000000013,
    "medianResTime" : 25958.0,
    "minResTime" : 472.0,
    "maxResTime" : 81131.0,
    "pct1ResTime" : 43888.7,
    "pct2ResTime" : 51136.09999999997,
    "pct3ResTime" : 63006.19000000002,
    "throughput" : 4.335968156649858,
    "receivedKBytesPerSec" : 17.451420727391177,
    "sentKBytesPerSec" : 3.4551611096718107
  },
  "Registration-0" : {
    "transaction" : "Registration-0",
    "sampleCount" : 1000,
    "errorCount" : 0,
    "errorPct" : 0.0,
    "meanResTime" : 27018.359999999997,
    "medianResTime" : 24868.0,
    "minResTime" : 583.0,
    "maxResTime" : 69584.0,
    "pct1ResTime" : 46690.8,
    "pct2ResTime" : 52918.99999999998,
    "pct3ResTime" : 61968.630000000005,
    "throughput" : 4.95150005694225,
    "receivedKBytesPerSec" : 2.286974088800202,
    "sentKBytesPerSec" : 4.656455448568769
  },
  "Welcome-3" : {
    "transaction" : "Welcome-3",
    "sampleCount" : 999,
    "errorCount" : 1,
    "errorPct" : 0.1001001,
    "meanResTime" : 21558.869869869854,
    "medianResTime" : 18223.0,
    "minResTime" : 439.0,
    "maxResTime" : 63943.0,
    "pct1ResTime" : 43093.0,
    "pct2ResTime" : 46884.0,
    "pct3ResTime" : 56827.0,
    "throughput" : 6.321704518848045,
    "receivedKBytesPerSec" : 231.42237338200118,
    "sentKBytesPerSec" : 4.87709625965816
  },
  "Registration-5" : {
    "transaction" : "Registration-5",
    "sampleCount" : 2,
    "errorCount" : 0,
    "errorPct" : 0.0,
    "meanResTime" : 9025.0,
    "medianResTime" : 9025.0,
    "minResTime" : 678.0,
    "maxResTime" : 17372.0,
    "pct1ResTime" : 17372.0,
    "pct2ResTime" : 17372.0,
    "pct3ResTime" : 17372.0,
    "throughput" : 0.05480202767502398,
    "receivedKBytesPerSec" : 2.007338334018359,
    "sentKBytesPerSec" : 0.04490127072201672
  },
  "Registration-4" : {
    "transaction" : "Registration-4",
    "sampleCount" : 998,
    "errorCount" : 1,
    "errorPct" : 0.1002004,
    "meanResTime" : 22344.43687374751,
    "medianResTime" : 21357.0,
    "minResTime" : 293.0,
    "maxResTime" : 95616.0,
    "pct1ResTime" : 39720.700000000004,
    "pct2ResTime" : 44572.34999999999,
    "pct3ResTime" : 56210.65999999998,
    "throughput" : 4.376905028177971,
    "receivedKBytesPerSec" : 160.6531377116089,
    "sentKBytesPerSec" : 3.5860870584172098
  },
  "Registration" : {
    "transaction" : "Registration",
    "sampleCount" : 1000,
    "errorCount" : 6,
    "errorPct" : 0.6,
    "meanResTime" : 80599.24100000011,
    "medianResTime" : 82272.0,
    "minResTime" : 8589.0,
    "maxResTime" : 180964.0,
    "pct1ResTime" : 124706.2,
    "pct2ResTime" : 130026.2,
    "pct3ResTime" : 140242.85,
    "throughput" : 4.274015694185629,
    "receivedKBytesPerSec" : 1045.1310095999734,
    "sentKBytesPerSec" : 17.891380298710956
  },
  "Total" : {
    "transaction" : "Total",
    "sampleCount" : 10992,
    "errorCount" : 16,
    "errorPct" : 0.14556041,
    "meanResTime" : 29178.39556040763,
    "medianResTime" : 22828.0,
    "minResTime" : 293.0,
    "maxResTime" : 180964.0,
    "pct1ResTime" : 55301.100000000006,
    "pct2ResTime" : 84717.45000000001,
    "pct3ResTime" : 123736.12,
    "throughput" : 46.02533235632786,
    "receivedKBytesPerSec" : 4094.7395165458497,
    "sentKBytesPerSec" : 58.69327289202345
  },
  "Welcome" : {
    "transaction" : "Welcome",
    "sampleCount" : 1000,
    "errorCount" : 4,
    "errorPct" : 0.4,
    "meanResTime" : 40503.15699999996,
    "medianResTime" : 35800.5,
    "minResTime" : 3286.0,
    "maxResTime" : 116935.0,
    "pct1ResTime" : 79379.3,
    "pct2ResTime" : 86301.79999999997,
    "pct3ResTime" : 95287.74,
    "throughput" : 5.965875193890944,
    "receivedKBytesPerSec" : 1458.294931895806,
    "sentKBytesPerSec" : 16.840989850554827
  },
  "Welcome-0" : {
    "transaction" : "Welcome-0",
    "sampleCount" : 999,
    "errorCount" : 0,
    "errorPct" : 0.0,
    "meanResTime" : 14628.944944944948,
    "medianResTime" : 11766.0,
    "minResTime" : 492.0,
    "maxResTime" : 50550.0,
    "pct1ResTime" : 32278.0,
    "pct2ResTime" : 36765.0,
    "pct3ResTime" : 43417.0,
    "throughput" : 9.378080262849098,
    "receivedKBytesPerSec" : 40.526294077094576,
    "sentKBytesPerSec" : 4.8447309170382535
  },
  "Welcome-1" : {
    "transaction" : "Welcome-1",
    "sampleCount" : 999,
    "errorCount" : 1,
    "errorPct" : 0.1001001,
    "meanResTime" : 21369.113113113104,
    "medianResTime" : 18171.0,
    "minResTime" : 368.0,
    "maxResTime" : 61744.0,
    "pct1ResTime" : 43324.0,
    "pct2ResTime" : 46737.0,
    "pct3ResTime" : 54064.0,
    "throughput" : 6.558991530431357,
    "receivedKBytesPerSec" : 778.5212544522684,
    "sentKBytesPerSec" : 5.072970011818002
  },
  "Welcome-2" : {
    "transaction" : "Welcome-2",
    "sampleCount" : 999,
    "errorCount" : 1,
    "errorPct" : 0.1001001,
    "meanResTime" : 21413.637637637617,
    "medianResTime" : 18187.0,
    "minResTime" : 396.0,
    "maxResTime" : 80648.0,
    "pct1ResTime" : 42708.0,
    "pct2ResTime" : 47847.0,
    "pct3ResTime" : 55298.0,
    "throughput" : 6.040816326530613,
    "receivedKBytesPerSec" : 513.7376523526077,
    "sentKBytesPerSec" : 4.613201530612245
  }
}