{
  "Session Test" : {
    "transaction" : "Session Test",
    "sampleCount" : 10000,
    "errorCount" : 0,
    "errorPct" : 0.0,
    "meanResTime" : 41.389900000000026,
    "medianResTime" : 20.0,
    "minResTime" : 10.0,
    "maxResTime" : 874.0,
    "pct1ResTime" : 91.89999999999964,
    "pct2ResTime" : 114.94999999999891,
    "pct3ResTime" : 194.98999999999978,
    "throughput" : 168.11808614370736,
    "receivedKBytesPerSec" : 64494.35395765736,
    "sentKBytesPerSec" : 772.6208138596551
  },
  "Login Welcome-1" : {
    "transaction" : "Login Welcome-1",
    "sampleCount" : 100,
    "errorCount" : 0,
    "errorPct" : 0.0,
    "meanResTime" : 13.590000000000002,
    "medianResTime" : 10.0,
    "minResTime" : 5.0,
    "maxResTime" : 95.0,
    "pct1ResTime" : 26.0,
    "pct2ResTime" : 29.94999999999999,
    "pct3ResTime" : 94.63999999999982,
    "throughput" : 1.6743407283382168,
    "receivedKBytesPerSec" : 198.97348524487234,
    "sentKBytesPerSec" : 1.0088556927584764
  },
  "Login Welcome-0" : {
    "transaction" : "Login Welcome-0",
    "sampleCount" : 100,
    "errorCount" : 0,
    "errorPct" : 0.0,
    "meanResTime" : 9.989999999999997,
    "medianResTime" : 6.0,
    "minResTime" : 3.0,
    "maxResTime" : 78.0,
    "pct1ResTime" : 26.900000000000006,
    "pct2ResTime" : 35.94999999999999,
    "pct3ResTime" : 77.71999999999986,
    "throughput" : 1.672352665730149,
    "receivedKBytesPerSec" : 4.300102118034651,
    "sentKBytesPerSec" : 0.8345431759649475
  },
  "Login-0" : {
    "transaction" : "Login-0",
    "sampleCount" : 100,
    "errorCount" : 0,
    "errorPct" : 0.0,
    "meanResTime" : 355.52000000000015,
    "medianResTime" : 269.5,
    "minResTime" : 179.0,
    "maxResTime" : 1140.0,
    "pct1ResTime" : 538.3000000000001,
    "pct2ResTime" : 703.7999999999995,
    "pct3ResTime" : 1138.259999999999,
    "throughput" : 1.6802769096347077,
    "receivedKBytesPerSec" : 0.7203530891890984,
    "sentKBytesPerSec" : 1.2306715646738582
  },
  "Login-1" : {
    "transaction" : "Login-1",
    "sampleCount" : 100,
    "errorCount" : 0,
    "errorPct" : 0.0,
    "meanResTime" : 9.199999999999996,
    "medianResTime" : 6.0,
    "minResTime" : 2.0,
    "maxResTime" : 62.0,
    "pct1ResTime" : 18.900000000000006,
    "pct2ResTime" : 35.89999999999998,
    "pct3ResTime" : 61.929999999999964,
    "throughput" : 1.68554476806904,
    "receivedKBytesPerSec" : 7.938850016012675,
    "sentKBytesPerSec" : 1.0221907236043688
  },
  "Login-2" : {
    "transaction" : "Login-2",
    "sampleCount" : 100,
    "errorCount" : 0,
    "errorPct" : 0.0,
    "meanResTime" : 250.14999999999995,
    "medianResTime" : 96.5,
    "minResTime" : 74.0,
    "maxResTime" : 2694.0,
    "pct1ResTime" : 513.3000000000001,
    "pct2ResTime" : 1017.5499999999995,
    "pct3ResTime" : 2681.5299999999934,
    "throughput" : 1.6837567981680726,
    "receivedKBytesPerSec" : 10.053211976562105,
    "sentKBytesPerSec" : 0.9684890176962839
  },
  "Login-3" : {
    "transaction" : "Login-3",
    "sampleCount" : 100,
    "errorCount" : 0,
    "errorPct" : 0.0,
    "meanResTime" : 14.459999999999997,
    "medianResTime" : 8.0,
    "minResTime" : 4.0,
    "maxResTime" : 82.0,
    "pct1ResTime" : 36.60000000000002,
    "pct2ResTime" : 51.94999999999999,
    "pct3ResTime" : 81.85999999999993,
    "throughput" : 1.6858005023685496,
    "receivedKBytesPerSec" : 91.53205286248925,
    "sentKBytesPerSec" : 1.0470401557679663
  },
  "Login-4" : {
    "transaction" : "Login-4",
    "sampleCount" : 100,
    "errorCount" : 0,
    "errorPct" : 0.0,
    "meanResTime" : 17.220000000000006,
    "medianResTime" : 9.0,
    "minResTime" : 5.0,
    "maxResTime" : 259.0,
    "pct1ResTime" : 33.0,
    "pct2ResTime" : 44.799999999999955,
    "pct3ResTime" : 257.2499999999991,
    "throughput" : 1.6859426105135382,
    "receivedKBytesPerSec" : 257.249487368075,
    "sentKBytesPerSec" : 1.0570069882321205
  },
  "Session Test-5" : {
    "transaction" : "Session Test-5",
    "sampleCount" : 10000,
    "errorCount" : 0,
    "errorPct" : 0.0,
    "meanResTime" : 15.865799999999965,
    "medianResTime" : 9.0,
    "minResTime" : 4.0,
    "maxResTime" : 364.0,
    "pct1ResTime" : 35.0,
    "pct2ResTime" : 48.0,
    "pct3ResTime" : 88.0,
    "throughput" : 168.16614815437651,
    "receivedKBytesPerSec" : 14313.79051096233,
    "sentKBytesPerSec" : 96.56415538552089
  },
  "Login-5" : {
    "transaction" : "Login-5",
    "sampleCount" : 100,
    "errorCount" : 0,
    "errorPct" : 0.0,
    "meanResTime" : 14.049999999999994,
    "medianResTime" : 8.0,
    "minResTime" : 3.0,
    "maxResTime" : 69.0,
    "pct1ResTime" : 32.70000000000002,
    "pct2ResTime" : 44.69999999999993,
    "pct3ResTime" : 69.0,
    "throughput" : 1.6857720836142953,
    "receivedKBytesPerSec" : 35.96258902983816,
    "sentKBytesPerSec" : 1.0618388612609575
  },
  "Session Test-6" : {
    "transaction" : "Session Test-6",
    "sampleCount" : 10000,
    "errorCount" : 0,
    "errorPct" : 0.0,
    "meanResTime" : 14.590999999999969,
    "medianResTime" : 8.0,
    "minResTime" : 3.0,
    "maxResTime" : 780.0,
    "pct1ResTime" : 33.0,
    "pct2ResTime" : 46.0,
    "pct3ResTime" : 84.0,
    "throughput" : 168.16897618727296,
    "receivedKBytesPerSec" : 1210.1616071015658,
    "sentKBytesPerSec" : 96.89423432665143
  },
  "Login-6" : {
    "transaction" : "Login-6",
    "sampleCount" : 100,
    "errorCount" : 0,
    "errorPct" : 0.0,
    "meanResTime" : 17.56999999999999,
    "medianResTime" : 9.0,
    "minResTime" : 5.0,
    "maxResTime" : 91.0,
    "pct1ResTime" : 45.900000000000006,
    "pct2ResTime" : 59.74999999999994,
    "pct3ResTime" : 90.92999999999996,
    "throughput" : 1.6858573427516563,
    "receivedKBytesPerSec" : 143.4954355412445,
    "sentKBytesPerSec" : 1.0487218040359425
  },
  "Session Test-7" : {
    "transaction" : "Session Test-7",
    "sampleCount" : 10000,
    "errorCount" : 0,
    "errorPct" : 0.0,
    "meanResTime" : 15.192100000000032,
    "medianResTime" : 9.0,
    "minResTime" : 3.0,
    "maxResTime" : 348.0,
    "pct1ResTime" : 33.0,
    "pct2ResTime" : 46.0,
    "pct3ResTime" : 79.98999999999978,
    "throughput" : 168.16897618727296,
    "receivedKBytesPerSec" : 9619.436792902008,
    "sentKBytesPerSec" : 97.05846184245931
  },
  "Login-7" : {
    "transaction" : "Login-7",
    "sampleCount" : 100,
    "errorCount" : 0,
    "errorPct" : 0.0,
    "meanResTime" : 14.83,
    "medianResTime" : 8.0,
    "minResTime" : 4.0,
    "maxResTime" : 92.0,
    "pct1ResTime" : 35.900000000000006,
    "pct2ResTime" : 43.94999999999999,
    "pct3ResTime" : 91.85999999999993,
    "throughput" : 1.6859141869678833,
    "receivedKBytesPerSec" : 12.13232582399056,
    "sentKBytesPerSec" : 1.0520499662817162
  },
  "Login-8" : {
    "transaction" : "Login-8",
    "sampleCount" : 100,
    "errorCount" : 0,
    "errorPct" : 0.0,
    "meanResTime" : 14.790000000000003,
    "medianResTime" : 8.0,
    "minResTime" : 4.0,
    "maxResTime" : 80.0,
    "pct1ResTime" : 34.0,
    "pct2ResTime" : 47.89999999999998,
    "pct3ResTime" : 79.8099999999999,
    "throughput" : 1.686226898691488,
    "receivedKBytesPerSec" : 96.4541546523,
    "sentKBytesPerSec" : 1.0538918116821798
  },
  "Session Test-1" : {
    "transaction" : "Session Test-1",
    "sampleCount" : 10000,
    "errorCount" : 0,
    "errorPct" : 0.0,
    "meanResTime" : 8.004500000000002,
    "medianResTime" : 4.0,
    "minResTime" : 2.0,
    "maxResTime" : 197.0,
    "pct1ResTime" : 18.0,
    "pct2ResTime" : 25.0,
    "pct3ResTime" : 43.0,
    "throughput" : 168.15200941651253,
    "receivedKBytesPerSec" : 931.5339371479317,
    "sentKBytesPerSec" : 94.74971624348412
  },
  "Session Test-2" : {
    "transaction" : "Session Test-2",
    "sampleCount" : 10000,
    "errorCount" : 0,
    "errorPct" : 0.0,
    "meanResTime" : 14.698400000000042,
    "medianResTime" : 9.0,
    "minResTime" : 3.0,
    "maxResTime" : 708.0,
    "pct1ResTime" : 33.0,
    "pct2ResTime" : 44.0,