{
  "Login Welcome-1" : {
    "transaction" : "Login Welcome-1",
    "sampleCount" : 3000,
    "errorCount" : 460,
    "errorPct" : 15.333333,
    "meanResTime" : 37878.7793333334,
    "medianResTime" : 49460.0,
    "minResTime" : 72.0,
    "maxResTime" : 77445.0,
    "pct1ResTime" : 60469.8,
    "pct2ResTime" : 61348.8,
    "pct3ResTime" : 63810.729999999996,
    "throughput" : 17.529098303183282,
    "receivedKBytesPerSec" : 1771.4299617573504,
    "sentKBytesPerSec" : 8.942464934499602
  },
  "Login Welcome-0" : {
    "transaction" : "Login Welcome-0",
    "sampleCount" : 3000,
    "errorCount" : 0,
    "errorPct" : 0.0,
    "meanResTime" : 31013.14900000005,
    "medianResTime" : 33216.5,
    "minResTime" : 102.0,
    "maxResTime" : 58252.0,
    "pct1ResTime" : 50558.5,
    "pct2ResTime" : 52254.6,
    "pct3ResTime" : 54148.759999999995,
    "throughput" : 25.426314540461743,
    "receivedKBytesPerSec" : 65.378404477574,
    "sentKBytesPerSec" : 12.688326884937451
  },
  "Login" : {
    "transaction" : "Login",
    "sampleCount" : 3000,
    "errorCount" : 2474,
    "errorPct" : 82.46667,
    "meanResTime" : 97256.0059999998,
    "medianResTime" : 106677.0,
    "minResTime" : 4070.0,
    "maxResTime" : 172083.0,
    "pct1ResTime" : 141911.5,
    "pct2ResTime" : 148069.19999999998,
    "pct3ResTime" : 156568.66999999998,
    "throughput" : 9.794894900777715,
    "receivedKBytesPerSec" : 1669.535837530854,
    "sentKBytesPerSec" : 27.592273139010782
  },
  "Login-0" : {
    "transaction" : "Login-0",
    "sampleCount" : 2729,
    "errorCount" : 0,
    "errorPct" : 0.0,
    "meanResTime" : 35031.90509344081,
    "medianResTime" : 43729.0,
    "minResTime" : 250.0,
    "maxResTime" : 71619.0,
    "pct1ResTime" : 59722.0,
    "pct2ResTime" : 61615.0,
    "pct3ResTime" : 64710.899999999994,
    "throughput" : 11.473473111543685,
    "receivedKBytesPerSec" : 4.272810438590222,
    "sentKBytesPerSec" : 8.403422689118909
  },
  "Logout-2" : {
    "transaction" : "Logout-2",
    "sampleCount" : 2149,
    "errorCount" : 251,
    "errorPct" : 11.679852,
    "meanResTime" : 22293.841321544904,
    "medianResTime" : 19896.0,
    "minResTime" : 2.0,
    "maxResTime" : 72427.0,
    "pct1ResTime" : 39314.0,
    "pct2ResTime" : 41831.0,
    "pct3ResTime" : 57947.0,
    "throughput" : 6.9205377988889785,
    "receivedKBytesPerSec" : 728.4992496326786,
    "sentKBytesPerSec" : 3.682856905643668
  },
  "Login-1" : {
    "transaction" : "Login-1",
    "sampleCount" : 2729,
    "errorCount" : 192,
    "errorPct" : 7.035544,
    "meanResTime" : 41126.443385855724,
    "medianResTime" : 43922.0,
    "minResTime" : 1217.0,
    "maxResTime" : 71852.0,
    "pct1ResTime" : 58491.0,
    "pct2ResTime" : 60310.5,
    "pct3ResTime" : 62886.399999999994,
    "throughput" : 9.887896113683631,
    "receivedKBytesPerSec" : 32.951636997769874,
    "sentKBytesPerSec" : 5.637754183514859
  },
  "Logout-1" : {
    "transaction" : "Logout-1",
    "sampleCount" : 2236,
    "errorCount" : 87,
    "errorPct" : 3.8908765,
    "meanResTime" : 32591.014758497306,
    "medianResTime" : 32014.5,
    "minResTime" : 2.0,
    "maxResTime" : 74574.0,
    "pct1ResTime" : 53735.5,
    "pct2ResTime" : 55817.8,
    "pct3ResTime" : 59785.86,
    "throughput" : 6.930690000402947,
    "receivedKBytesPerSec" : 18.523618923054155,
    "sentKBytesPerSec" : 3.36954214942828
  },
  "Login-2" : {
    "transaction" : "Login-2",
    "sampleCount" : 2537,
    "errorCount" : 626,
    "errorPct" : 24.674812,
    "meanResTime" : 15615.129680725264,
    "medianResTime" : 219.0,
    "minResTime" : 2.0,
    "maxResTime" : 63562.0,
    "pct1ResTime" : 40336.600000000006,
    "pct2ResTime" : 44483.39999999998,
    "pct3ResTime" : 57579.44,
    "throughput" : 8.433418542883452,
    "receivedKBytesPerSec" : 417.3626701091907,
    "sentKBytesPerSec" : 3.9031335909010827
  },
  "Logout-0" : {
    "transaction" : "Logout-0",
    "sampleCount" : 2236,
    "errorCount" : 0,
    "errorPct" : 0.0,
    "meanResTime" : 20598.217799642218,
    "medianResTime" : 5919.0,
    "minResTime" : 22.0,
    "maxResTime" : 73606.0,
    "pct1ResTime" : 52269.6,
    "pct2ResTime" : 56357.55,
    "pct3ResTime" : 60807.08,
    "throughput" : 7.2076718510758315,
    "receivedKBytesPerSec" : 3.1815114030139413,
    "sentKBytesPerSec" : 4.068392900314287
  },
  "Login-3" : {
    "transaction" : "Login-3",
    "sampleCount" : 2537,
    "errorCount" : 898,
    "errorPct" : 35.396137,
    "meanResTime" : 26716.552621206127,
    "medianResTime" : 34966.0,
    "minResTime" : 2.0,
    "maxResTime" : 100117.0,
    "pct1ResTime" : 53612.4,
    "pct2ResTime" : 57778.299999999996,
    "pct3ResTime" : 62299.13999999998,
    "throughput" : 8.438664183076105,
    "receivedKBytesPerSec" : 403.20289372255854,
    "sentKBytesPerSec" : 3.4488403905002665
  },
  "Login-4" : {
    "transaction" : "Login-4",
    "sampleCount" : 2537,
    "errorCount" : 903,
    "errorPct" : 35.59322,
    "meanResTime" : 26640.305873078487,
    "medianResTime" : 34786.0,
    "minResTime" : 2.0,
    "maxResTime" : 81246.0,
    "pct1ResTime" : 53783.80000000001,
    "pct2ResTime" : 57695.5,
    "pct3ResTime" : 61728.09999999999,
    "throughput" : 8.471124051714927,
    "receivedKBytesPerSec" : 465.73760624382277,
    "sentKBytesPerSec" : 3.4900122772030935
  },
  "Login-5" : {
    "transaction" : "Login-5",
    "sampleCount" : 914,
    "errorCount" : 247,
    "errorPct" : 27.02407,
    "meanResTime" : 32197.008752735223,
    "medianResTime" : 38791.0,
    "minResTime" : 3534.0,
    "maxResTime" : 76654.0,
    "pct1ResTime" : 58327.0,
    "pct2ResTime" : 60836.5,
    "pct3ResTime" : 70180.0500000001,
    "throughput" : 3.680734536082474,
    "receivedKBytesPerSec" : 60.16042257092663,
    "sentKBytesPerSec" : 1.6918968908565561
  },
  "Login-6" : {
    "transaction" : "Login-6",
    "sampleCount" : 914,
    "errorCount" : 242,
    "errorPct" : 26.477024,
    "meanResTime" : 32420.159737417966,
    "medianResTime" : 38783.5,
    "minResTime" : 1937.0,
    "maxResTime" : 96156.0,
    "pct1ResTime" : 58485.0,
    "pct2ResTime" : 60693.75,
    "pct3ResTime" : 70425.70000000008,
    "throughput" : 3.685469010205604,
    "receivedKBytesPerSec" : 233.44748200360078,
    "sentKBytesPerSec" : 1.685603082245636
  },
  "Logout-4" : {
    "transaction" : "Logout-4",
    "sampleCount" : 2149,
    "errorCount" : 270,
    "errorPct" : 12.563983,
    "meanResTime" : 21920.879013494618,
    "medianResTime" : 19845.0,
    "minResTime" : 2.0,
    "maxResTime" : 67686.0,
    "pct1ResTime" : 39132.0,
    "pct2ResTime" : 41656.0,
    "pct3ResTime" : 57318.5,
    "throughput" : 6.9207829598665445,
    "receivedKBytesPerSec" : 224.18878645065118,
    "sentKBytesPerSec" : 3.634299827262217
  },
  "Login-7" : {
    "transaction" : "Login-7",
    "sampleCount" : 914,
    "errorCount" : 242,
    "errorPct" : 26.477024,
    "meanResTime" : 32456.56892778995,
    "medianResTime" : 38809.5,
    "minResTime" : 2121.0,
    "maxResTime" : 108039.0,
    "pct1ResTime" : 58544.5,
    "pct2ResTime" : 60548.75,
    "pct3ResTime" : 70690.45000000001,
    "throughput" : 3.6901411862552336,
    "receivedKBytesPerSec" : 22.33539709391288,
    "sentKBytesPerSec" : 1.6930389967983785
  },
  "Logout-3" : {
    "transaction" : "Logout-3",
    "sampleCount" : 2149,
    "errorCount" : 254,
    "errorPct" : 11.819451,
    "meanResTime" : 22300.617961842734,
    "medianResTime" : 19869.0,
    "minResTime" : 2.0,
    "maxResTime" : 79726.0,
    "pct1ResTime" : 39677.0,
    "pct2ResTime" : 42411.0,
    "pct3ResTime" : 58287.0,
    "throughput" : 6.920849824965943,
    "receivedKBytesPerSec" : 521.8391455435556,
    "sentKBytesPerSec" : 3.617603447422152
  },
  "Login-8" : {
    "transaction" : "Login-8",
    "sampleCount" : 914,
    "errorCount" : 302,
    "errorPct" : 33.041576,
    "meanResTime" : 31178.921225382932,
    "medianResTime" : 37566.0,
    "minResTime" : 1733.0,
    "maxResTime" : 73735.0,
    "pct1ResTime" : 57214.0,