{
  "Show Contact Page-6" : {
    "transaction" : "Show Contact Page-6",
    "sampleCount" : 3878,
    "errorCount" : 2262,
    "errorPct" : 58.329037,
    "meanResTime" : 19789.364363073713,
    "medianResTime" : 15161.5,
    "minResTime" : 2.0,
    "maxResTime" : 78680.0,
    "pct1ResTime" : 49217.49999999998,
    "pct2ResTime" : 61883.149999999965,
    "pct3ResTime" : 71530.84,
    "throughput" : 19.56806943182965,
    "receivedKBytesPerSec" : 91.03046216665405,
    "sentKBytesPerSec" : 4.698222575436472
  },
  "Show Contact Page-5" : {
    "transaction" : "Show Contact Page-5",
    "sampleCount" : 3878,
    "errorCount" : 2226,
    "errorPct" : 57.400723,
    "meanResTime" : 20326.48323878289,
    "medianResTime" : 16410.5,
    "minResTime" : 3.0,
    "maxResTime" : 82000.0,
    "pct1ResTime" : 51542.5,
    "pct2ResTime" : 62854.15,
    "pct3ResTime" : 72471.56,
    "throughput" : 19.528555098423315,
    "receivedKBytesPerSec" : 739.848025451516,
    "sentKBytesPerSec" : 4.776939259042909
  },
  "Show Contact Page-4" : {
    "transaction" : "Show Contact Page-4",
    "sampleCount" : 3878,
    "errorCount" : 2149,
    "errorPct" : 55.41516,
    "meanResTime" : 20922.458741619434,
    "medianResTime" : 16731.0,
    "minResTime" : 2.0,
    "maxResTime" : 83907.0,
    "pct1ResTime" : 52104.9,
    "pct2ResTime" : 62976.74999999999,
    "pct3ResTime" : 72152.56,
    "throughput" : 19.66172504005354,
    "receivedKBytesPerSec" : 217.86629302903629,
    "sentKBytesPerSec" : 5.102172175718429
  },
  "Show Contact Page-3" : {
    "transaction" : "Show Contact Page-3",
    "sampleCount" : 3878,
    "errorCount" : 1985,
    "errorPct" : 51.18618,
    "meanResTime" : 22559.96673543059,
    "medianResTime" : 18184.0,
    "minResTime" : 2.0,
    "maxResTime" : 86375.0,
    "pct1ResTime" : 55537.4,
    "pct2ResTime" : 63187.25,
    "pct3ResTime" : 71528.19,
    "throughput" : 19.429344422455472,
    "receivedKBytesPerSec" : 1475.3060005104087,
    "sentKBytesPerSec" : 5.492318233485308
  },
  "Show Contact Page-7" : {
    "transaction" : "Show Contact Page-7",
    "sampleCount" : 3878,
    "errorCount" : 2395,
    "errorPct" : 61.75864,
    "meanResTime" : 17845.30221763806,
    "medianResTime" : 11192.5,
    "minResTime" : 0.0,
    "maxResTime" : 82500.0,
    "pct1ResTime" : 42211.899999999994,
    "pct2ResTime" : 60263.84999999994,
    "pct3ResTime" : 71534.07,
    "throughput" : 19.654749475434098,
    "receivedKBytesPerSec" : 463.7486721529629,
    "sentKBytesPerSec" : 4.337988367370987
  },
  "Show Contact Page-2" : {
    "transaction" : "Show Contact Page-2",
    "sampleCount" : 3878,
    "errorCount" : 1515,
    "errorPct" : 39.06653,
    "meanResTime" : 27711.825683341936,
    "medianResTime" : 23419.0,
    "minResTime" : 2.0,
    "maxResTime" : 82612.0,
    "pct1ResTime" : 61355.799999999996,
    "pct2ResTime" : 64398.1,
    "pct3ResTime" : 72948.36,
    "throughput" : 19.412129828003927,
    "receivedKBytesPerSec" : 663.7146327281852,
    "sentKBytesPerSec" : 6.780586313710129
  },
  "Show Contact Page-1" : {
    "transaction" : "Show Contact Page-1",
    "sampleCount" : 3878,
    "errorCount" : 508,
    "errorPct" : 13.099536,
    "meanResTime" : 3212.2194430118657,
    "medianResTime" : 175.0,
    "minResTime" : 18.0,
    "maxResTime" : 36912.0,
    "pct1ResTime" : 14612.599999999999,
    "pct2ResTime" : 20572.3,
    "pct3ResTime" : 25973.57,
    "throughput" : 22.821430252812956,
    "receivedKBytesPerSec" : 127.58757339505556,
    "sentKBytesPerSec" : 10.458243712042748
  },
  "Show Contact Page-0" : {
    "transaction" : "Show Contact Page-0",
    "sampleCount" : 3878,
    "errorCount" : 0,
    "errorPct" : 0.0,
    "meanResTime" : 35717.814595152144,
    "medianResTime" : 36619.5,
    "minResTime" : 38.0,
    "maxResTime" : 86434.0,
    "pct1ResTime" : 63333.0,
    "pct2ResTime" : 65112.15,
    "pct3ResTime" : 74685.42,
    "throughput" : 22.800096421243246,
    "receivedKBytesPerSec" : 135.7318240077137,
    "sentKBytesPerSec" : 11.422313929782995
  },
  "Send Email-2" : {
    "transaction" : "Send Email-2",
    "sampleCount" : 2852,
    "errorCount" : 1565,
    "errorPct" : 54.87377,
    "meanResTime" : 9420.902524544204,
    "medianResTime" : 101.0,
    "minResTime" : 2.0,
    "maxResTime" : 75218.0,
    "pct1ResTime" : 32508.400000000005,
    "pct2ResTime" : 38167.09999999999,
    "pct3ResTime" : 63771.7,
    "throughput" : 13.420039714283025,
    "receivedKBytesPerSec" : 280.42799701819376,
    "sentKBytesPerSec" : 3.689145228286545
  },
  "Send Email-1" : {
    "transaction" : "Send Email-1",
    "sampleCount" : 3227,
    "errorCount" : 375,
    "errorPct" : 11.6207,
    "meanResTime" : 29710.15959095135,
    "medianResTime" : 31048.0,
    "minResTime" : 2.0,
    "maxResTime" : 76894.0,
    "pct1ResTime" : 43932.0,
    "pct2ResTime" : 56878.799999999996,
    "pct3ResTime" : 67516.87999999999,
    "throughput" : 14.919714643697612,
    "receivedKBytesPerSec" : 80.2563652310429,
    "sentKBytesPerSec" : 8.180132610695775
  },
  "Show Contact Page" : {
    "transaction" : "Show Contact Page",
    "sampleCount" : 10000,
    "errorCount" : 8936,
    "errorPct" : 89.36,
    "meanResTime" : 34996.58450000004,
    "medianResTime" : 10549.5,
    "minResTime" : 2.0,
    "maxResTime" : 143001.0,
    "pct1ResTime" : 96608.0,
    "pct2ResTime" : 101072.84999999999,
    "pct3ResTime" : 123076.99999999996,
    "throughput" : 49.99250112483127,
    "receivedKBytesPerSec" : 3937.5557972944684,
    "sentKBytesPerSec" : 49.55602850978603
  },
  "Send Email-4" : {
    "transaction" : "Send Email-4",
    "sampleCount" : 2852,
    "errorCount" : 1972,
    "errorPct" : 69.14446,
    "meanResTime" : 8485.799438990187,
    "medianResTime" : 32.0,
    "minResTime" : 2.0,
    "maxResTime" : 80843.0,
    "pct1ResTime" : 28694.500000000015,
    "pct2ResTime" : 34766.799999999996,
    "pct3ResTime" : 63155.61999999997,
    "throughput" : 13.420102862359247,
    "receivedKBytesPerSec" : 167.7436025706179,
    "sentKBytesPerSec" : 2.6103931906035753
  },
  "Send Email-3" : {
    "transaction" : "Send Email-3",
    "sampleCount" : 2852,
    "errorCount" : 1906,
    "errorPct" : 66.83029,
    "meanResTime" : 9364.65252454418,
    "medianResTime" : 34.0,
    "minResTime" : 2.0,
    "maxResTime" : 83957.0,
    "pct1ResTime" : 29701.800000000025,
    "pct2ResTime" : 37995.9,
    "pct3ResTime" : 64065.00999999998,
    "throughput" : 13.432048528691459,
    "receivedKBytesPerSec" : 639.4253341233846,
    "sentKBytesPerSec" : 2.7927568137504237
  },
  "Send Email-6" : {
    "transaction" : "Send Email-6",
    "sampleCount" : 2640,
    "errorCount" : 1851,
    "errorPct" : 70.11364,
    "meanResTime" : 8368.033712121192,
    "medianResTime" : 32.0,
    "minResTime" : 2.0,
    "maxResTime" : 80974.0,
    "pct1ResTime" : 28598.4,
    "pct2ResTime" : 35278.2,
    "pct3ResTime" : 62876.290000000066,
    "throughput" : 12.424406428689084,
    "receivedKBytesPerSec" : 73.99977774166412,
    "sentKBytesPerSec" : 2.316510025707697
  },
  "Send Email-5" : {
    "transaction" : "Send Email-5",
    "sampleCount" : 2640,
    "errorCount" : 1840,
    "errorPct" : 69.69697,
    "meanResTime" : 8462.592045454541,
    "medianResTime" : 32.0,
    "minResTime" : 3.0,
    "maxResTime" : 82506.0,
    "pct1ResTime" : 28717.800000000003,
    "pct2ResTime" : 35176.45,
    "pct3ResTime" : 63158.870000000024,
    "throughput" : 12.422243344218481,
    "receivedKBytesPerSec" : 319.875137191679,
    "sentKBytesPerSec" : 2.344499922360979
  },
  "Send Email-8" : {
    "transaction" : "Send Email-8",
    "sampleCount" : 375,
    "errorCount" : 337,
    "errorPct" : 89.86667,
    "meanResTime" : 2633.0666666666675,
    "medianResTime" : 10.0,