{
  "Login" : {
    "transaction" : "Login",
    "sampleCount" : 5000,
    "errorCount" : 4848,
    "errorPct" : 96.96,
    "meanResTime" : 5047.927400000011,
    "medianResTime" : 4752.0,
    "minResTime" : 44.0,
    "maxResTime" : 16387.0,
    "pct1ResTime" : 6281.800000000001,
    "pct2ResTime" : 7660.9,
    "pct3ResTime" : 14251.629999999992,
    "throughput" : 69.96040241223469,
    "receivedKBytesPerSec" : 2069.747515093957,
    "sentKBytesPerSec" : 45.697656610733326
  },
  "Login-0" : {
    "transaction" : "Login-0",
    "sampleCount" : 855,
    "errorCount" : 0,
    "errorPct" : 0.0,
    "meanResTime" : 2904.9590643274846,
    "medianResTime" : 1596.0,
    "minResTime" : 531.0,
    "maxResTime" : 11006.0,
    "pct1ResTime" : 6486.0,
    "pct2ResTime" : 7142.5999999999985,
    "pct3ResTime" : 10406.919999999995,
    "throughput" : 12.463011821640453,
    "receivedKBytesPerSec" : 7.582476918830081,
    "sentKBytesPerSec" : 9.870607995459382
  },
  "Login-1" : {
    "transaction" : "Login-1",
    "sampleCount" : 855,
    "errorCount" : 0,
    "errorPct" : 0.0,
    "meanResTime" : 338.47602339181316,
    "medianResTime" : 94.0,
    "minResTime" : 8.0,
    "maxResTime" : 4738.0,
    "pct1ResTime" : 903.7999999999998,
    "pct2ResTime" : 1395.1999999999998,
    "pct3ResTime" : 3961.44,
    "throughput" : 13.320869362000467,
    "receivedKBytesPerSec" : 59.644712914816544,
    "sentKBytesPerSec" : 8.88491579516242
  },
  "Login-2" : {
    "transaction" : "Login-2",
    "sampleCount" : 855,
    "errorCount" : 1,
    "errorPct" : 0.116959065,
    "meanResTime" : 435.46081871345086,
    "medianResTime" : 183.0,
    "minResTime" : 0.0,
    "maxResTime" : 4795.0,
    "pct1ResTime" : 975.8,
    "pct2ResTime" : 1280.7999999999993,
    "pct3ResTime" : 4023.9599999999937,
    "throughput" : 13.575953889391702,
    "receivedKBytesPerSec" : 80.9895926370298,
    "sentKBytesPerSec" : 7.79969191119262
  },
  "Login-3" : {
    "transaction" : "Login-3",
    "sampleCount" : 855,
    "errorCount" : 356,
    "errorPct" : 41.63743,
    "meanResTime" : 2221.0807017543875,
    "medianResTime" : 1047.0,
    "minResTime" : 2.0,
    "maxResTime" : 6471.0,
    "pct1ResTime" : 4830.4,
    "pct2ResTime" : 4986.199999999999,
    "pct3ResTime" : 5539.959999999986,
    "throughput" : 13.128800442233278,
    "receivedKBytesPerSec" : 429.90824775140504,
    "sentKBytesPerSec" : 5.275317927146674
  },
  "Welcome-3" : {
    "transaction" : "Welcome-3",
    "sampleCount" : 855,
    "errorCount" : 323,
    "errorPct" : 37.77778,
    "meanResTime" : 2006.9555555555555,
    "medianResTime" : 199.0,
    "minResTime" : 2.0,
    "maxResTime" : 8034.0,
    "pct1ResTime" : 4811.2,
    "pct2ResTime" : 5037.999999999999,
    "pct3ResTime" : 6440.08,
    "throughput" : 12.636339451981911,
    "receivedKBytesPerSec" : 461.6089498629215,
    "sentKBytesPerSec" : 4.729852058762673
  },
  "Login-4" : {
    "transaction" : "Login-4",
    "sampleCount" : 855,
    "errorCount" : 379,
    "errorPct" : 44.327484,
    "meanResTime" : 2361.0058479532195,
    "medianResTime" : 1539.0,
    "minResTime" : 2.0,
    "maxResTime" : 6485.0,
    "pct1ResTime" : 4857.2,
    "pct2ResTime" : 5053.599999999999,
    "pct3ResTime" : 5724.76,
    "throughput" : 13.116916987558106,
    "receivedKBytesPerSec" : 1129.2575745880827,
    "sentKBytesPerSec" : 5.070400353619808
  },
  "Login-5" : {
    "transaction" : "Login-5",
    "sampleCount" : 855,
    "errorCount" : 491,
    "errorPct" : 57.4269,
    "meanResTime" : 2953.7052631578913,
    "medianResTime" : 4459.0,
    "minResTime" : 2.0,
    "maxResTime" : 6570.0,
    "pct1ResTime" : 4919.0,
    "pct2ResTime" : 5130.399999999998,
    "pct3ResTime" : 6045.6399999999985,
    "throughput" : 13.113496932515337,
    "receivedKBytesPerSec" : 139.4592809384586,
    "sentKBytesPerSec" : 3.892709930981595
  },
  "Login-6" : {
    "transaction" : "Login-6",
    "sampleCount" : 855,
    "errorCount" : 524,
    "errorPct" : 61.28655,
    "meanResTime" : 3137.5543859649115,
    "medianResTime" : 4494.0,
    "minResTime" : 1.0,
    "maxResTime" : 6447.0,
    "pct1ResTime" : 4951.2,
    "pct2ResTime" : 5150.0,
    "pct3ResTime" : 6050.759999999997,
    "throughput" : 13.104251601630752,
    "receivedKBytesPerSec" : 153.9300691086427,
    "sentKBytesPerSec" : 3.505183746896362
  },
  "Login-7" : {
    "transaction" : "Login-7",
    "sampleCount" : 528,
    "errorCount" : 367,
    "errorPct" : 69.507576,
    "meanResTime" : 3584.7045454545455,
    "medianResTime" : 4552.5,
    "minResTime" : 2.0,
    "maxResTime" : 6511.0,
    "pct1ResTime" : 4950.3,
    "pct2ResTime" : 5151.15,
    "pct3ResTime" : 6275.100000000008,
    "throughput" : 8.835045681202102,
    "receivedKBytesPerSec" : 103.35308246147217,
    "sentKBytesPerSec" : 1.8639692655868276
  },
  "Total" : {
    "transaction" : "Total",
    "sampleCount" : 19933,
    "errorCount" : 12167,
    "errorPct" : 61.039482,
    "meanResTime" : 3423.1497015000255,
    "medianResTime" : 4550.0,
    "minResTime" : 0.0,
    "maxResTime" : 16387.0,
    "pct1ResTime" : 5426.600000000002,
    "pct2ResTime" : 6334.5999999999985,
    "pct3ResTime" : 9809.119999999995,
    "throughput" : 268.31697828749884,
    "receivedKBytesPerSec" : 9661.873177514504,
    "sentKBytesPerSec" : 127.4434766587247
  },
  "Welcome" : {
    "transaction" : "Welcome",
    "sampleCount" : 5000,
    "errorCount" : 4673,
    "errorPct" : 93.46,
    "meanResTime" : 4825.539800000007,
    "medianResTime" : 4729.0,
    "minResTime" : 165.0,
    "maxResTime" : 12560.0,
    "pct1ResTime" : 5986.700000000002,
    "pct2ResTime" : 6591.0,
    "pct3ResTime" : 8488.99,
    "throughput" : 73.59651446907473,
    "receivedKBytesPerSec" : 3274.2732085458433,
    "sentKBytesPerSec" : 23.514690094277135
  },
  "Welcome-0" : {
    "transaction" : "Welcome-0",
    "sampleCount" : 855,
    "errorCount" : 0,
    "errorPct" : 0.0,
    "meanResTime" : 1344.7391812865483,
    "medianResTime" : 927.0,
    "minResTime" : 7.0,
    "maxResTime" : 5874.0,
    "pct1ResTime" : 3570.7999999999997,
    "pct2ResTime" : 3970.6,
    "pct3ResTime" : 4844.44,
    "throughput" : 13.48963428102616,
    "receivedKBytesPerSec" : 33.67139181865514,
    "sentKBytesPerSec" : 6.74481714051308
  },
  "Welcome-1" : {
    "transaction" : "Welcome-1",
    "sampleCount" : 855,
    "errorCount" : 0,
    "errorPct" : 0.0,
    "meanResTime" : 805.0830409356729,
    "medianResTime" : 233.0,
    "minResTime" : 75.0,
    "maxResTime" : 11635.0,
    "pct1ResTime" : 2224.7999999999993,
    "pct2ResTime" : 4251.399999999999,
    "pct3ResTime" : 6434.959999999992,
    "throughput" : 13.48155156102176,
    "receivedKBytesPerSec" : 1922.2031847455455,
    "sentKBytesPerSec" : 7.267398888363292
  },
  "Welcome-2" : {
    "transaction" : "Welcome-2",
    "sampleCount" : 855,
    "errorCount" : 205,
    "errorPct" : 23.976608,
    "meanResTime" : 1343.1239766081871,
    "medianResTime" : 90.0,
    "minResTime" : 2.0,
    "maxResTime" : 7199.0,
    "pct1ResTime" : 4753.0,
    "pct2ResTime" : 5024.999999999999,
    "pct3ResTime" : 6374.799999999986,
    "throughput" : 12.606900619286346,
    "receivedKBytesPerSec" : 822.1668024043424,
    "sentKBytesPerSec" : 5.737412682468299
  }
}