{
  "Login Welcome-1" : {
    "transaction" : "Login Welcome-1",
    "sampleCount" : 100,
    "errorCount" : 0,
    "errorPct" : 0.0,
    "meanResTime" : 3360.9,
    "medianResTime" : 3190.0,
    "minResTime" : 533.0,
    "maxResTime" : 7477.0,
    "pct1ResTime" : 5603.100000000001,
    "pct2ResTime" : 6317.499999999996,
    "pct3ResTime" : 7473.859999999999,
    "throughput" : 9.9601593625498,
    "receivedKBytesPerSec" : 1183.2552602091635,
    "sentKBytesPerSec" : 7.703560756972112
  },
  "Login Welcome-0" : {
    "transaction" : "Login Welcome-0",
    "sampleCount" : 100,
    "errorCount" : 0,
    "errorPct" : 0.0,
    "meanResTime" : 3624.349999999999,
    "medianResTime" : 3472.5,
    "minResTime" : 1239.0,
    "maxResTime" : 6779.0,
    "pct1ResTime" : 5151.500000000001,
    "pct2ResTime" : 5811.349999999996,
    "pct3ResTime" : 6778.12,
    "throughput" : 13.599891200870392,
    "receivedKBytesPerSec" : 40.30986502107983,
    "sentKBytesPerSec" : 6.932757037943697
  },
  "Login" : {
    "transaction" : "Login",
    "sampleCount" : 100,
    "errorCount" : 4,
    "errorPct" : 4.0,
    "meanResTime" : 29641.450000000004,
    "medianResTime" : 31660.0,
    "minResTime" : 7196.0,
    "maxResTime" : 42583.0,
    "pct1ResTime" : 38349.0,
    "pct2ResTime" : 40738.549999999996,
    "pct3ResTime" : 42573.06,
    "throughput" : 2.0451988955925966,
    "receivedKBytesPerSec" : 790.7803871817159,
    "sentKBytesPerSec" : 14.313196645873811
  },
  "Login-0" : {
    "transaction" : "Login-0",
    "sampleCount" : 100,
    "errorCount" : 0,
    "errorPct" : 0.0,
    "meanResTime" : 20864.300000000003,
    "medianResTime" : 21508.0,
    "minResTime" : 3151.0,
    "maxResTime" : 36854.0,
    "pct1ResTime" : 29867.400000000005,
    "pct2ResTime" : 31049.949999999993,
    "pct3ResTime" : 36824.419999999984,
    "throughput" : 2.3166380947968306,
    "receivedKBytesPerSec" : 1.2171399365241162,
    "sentKBytesPerSec" : 2.092666247741278
  },
  "Logout-2" : {
    "transaction" : "Logout-2",
    "sampleCount" : 100,
    "errorCount" : 0,
    "errorPct" : 0.0,
    "meanResTime" : 1810.67,
    "medianResTime" : 1620.0,
    "minResTime" : 228.0,
    "maxResTime" : 7406.0,
    "pct1ResTime" : 3246.2000000000016,
    "pct2ResTime" : 3831.899999999998,
    "pct3ResTime" : 7385.929999999989,
    "throughput" : 2.479543763947434,
    "receivedKBytesPerSec" : 294.56689344160674,
    "sentKBytesPerSec" : 1.9177721299280932
  },
  "Login-1" : {
    "transaction" : "Login-1",
    "sampleCount" : 100,
    "errorCount" : 0,
    "errorPct" : 0.0,
    "meanResTime" : 3010.2799999999993,
    "medianResTime" : 2791.0,
    "minResTime" : 322.0,
    "maxResTime" : 8746.0,
    "pct1ResTime" : 5491.9000000000015,
    "pct2ResTime" : 6687.199999999995,
    "pct3ResTime" : 8740.349999999997,
    "throughput" : 2.3671440407148774,
    "receivedKBytesPerSec" : 11.348144011125578,
    "sentKBytesPerSec" : 1.8400846253994556
  },
  "Logout-1" : {
    "transaction" : "Logout-1",
    "sampleCount" : 100,
    "errorCount" : 0,
    "errorPct" : 0.0,
    "meanResTime" : 1575.6700000000005,
    "medianResTime" : 1335.5,
    "minResTime" : 165.0,
    "maxResTime" : 6114.0,
    "pct1ResTime" : 2718.9,
    "pct2ResTime" : 3294.3499999999995,
    "pct3ResTime" : 6105.629999999996,
    "throughput" : 2.4499595756670014,
    "receivedKBytesPerSec" : 6.717219732280667,
    "sentKBytesPerSec" : 1.6771695923267267
  },
  "Login-2" : {
    "transaction" : "Login-2",
    "sampleCount" : 100,
    "errorCount" : 0,
    "errorPct" : 0.0,
    "meanResTime" : 117.21999999999998,
    "medianResTime" : 111.5,
    "minResTime" : 81.0,
    "maxResTime" : 185.0,
    "pct1ResTime" : 145.8,
    "pct2ResTime" : 165.84999999999997,
    "pct3ResTime" : 184.91999999999996,
    "throughput" : 2.5218136884047007,
    "receivedKBytesPerSec" : 15.057000870025721,
    "sentKBytesPerSec" : 1.4505354125687193
  },
  "Logout-0" : {
    "transaction" : "Logout-0",
    "sampleCount" : 100,
    "errorCount" : 0,
    "errorPct" : 0.0,
    "meanResTime" : 2150.48,
    "medianResTime" : 1969.0,
    "minResTime" : 259.0,
    "maxResTime" : 7505.0,
    "pct1ResTime" : 3796.2,
    "pct2ResTime" : 5641.699999999992,
    "pct3ResTime" : 7492.479999999994,
    "throughput" : 2.4318474745263976,
    "receivedKBytesPerSec" : 1.308542928187544,
    "sentKBytesPerSec" : 1.7882628401546654
  },
  "Login-3" : {
    "transaction" : "Login-3",
    "sampleCount" : 100,
    "errorCount" : 0,
    "errorPct" : 0.0,
    "meanResTime" : 3372.14,
    "medianResTime" : 2615.5,
    "minResTime" : 351.0,
    "maxResTime" : 11863.0,
    "pct1ResTime" : 6907.3,
    "pct2ResTime" : 7551.799999999999,
    "pct3ResTime" : 11841.979999999989,
    "throughput" : 2.419023198432473,
    "receivedKBytesPerSec" : 131.25090713369943,
    "sentKBytesPerSec" : 1.9158474745397809
  },
  "Login-4" : {
    "transaction" : "Login-4",
    "sampleCount" : 100,
    "errorCount" : 0,
    "errorPct" : 0.0,
    "meanResTime" : 3343.380000000002,
    "medianResTime" : 2838.0,
    "minResTime" : 342.0,
    "maxResTime" : 9966.0,
    "pct1ResTime" : 5978.800000000002,
    "pct2ResTime" : 7687.549999999998,
    "pct3ResTime" : 9953.199999999993,
    "throughput" : 2.4174442779093943,
    "receivedKBytesPerSec" : 368.77357008170964,
    "sentKBytesPerSec" : 1.9287616943866943
  },
  "Login-5" : {
    "transaction" : "Login-5",
    "sampleCount" : 100,
    "errorCount" : 0,
    "errorPct" : 0.0,
    "meanResTime" : 3369.39,
    "medianResTime" : 3134.5,
    "minResTime" : 594.0,
    "maxResTime" : 9868.0,
    "pct1ResTime" : 6191.8,
    "pct2ResTime" : 6495.849999999999,
    "pct3ResTime" : 9857.419999999995,
    "throughput" : 2.322286988226005,
    "receivedKBytesPerSec" : 49.452919985601824,
    "sentKBytesPerSec" : 1.8596438772903556
  },
  "Login-6" : {
    "transaction" : "Login-6",
    "sampleCount" : 100,
    "errorCount" : 0,
    "errorPct" : 0.0,
    "meanResTime" : 3290.67,
    "medianResTime" : 2707.5,
    "minResTime" : 381.0,
    "maxResTime" : 9461.0,
    "pct1ResTime" : 6432.300000000002,
    "pct2ResTime" : 7264.95,
    "pct3ResTime" : 9459.24,
    "throughput" : 2.397334164409177,
    "receivedKBytesPerSec" : 203.96303685301945,
    "sentKBytesPerSec" : 1.9010110756838394
  },
  "Logout-4" : {
    "transaction" : "Logout-4",
    "sampleCount" : 100,
    "errorCount" : 0,
    "errorPct" : 0.0,
    "meanResTime" : 1868.5300000000002,
    "medianResTime" : 1553.0,
    "minResTime" : 205.0,
    "maxResTime" : 6885.0,
    "pct1ResTime" : 3357.1000000000004,
    "pct2ResTime" : 4644.25,
    "pct3ResTime" : 6883.4,
    "throughput" : 2.484286885449532,
    "receivedKBytesPerSec" : 90.99671142523539,
    "sentKBytesPerSec" : 1.9165885151417286
  },
  "Login-7" : {
    "transaction" : "Login-7",
    "sampleCount" : 100,
    "errorCount" : 0,
    "errorPct" : 0.0,
    "meanResTime" : 3349.6500000000005,
    "medianResTime" : 2865.5,
    "minResTime" : 408.0,
    "maxResTime" : 11009.0,
    "pct1ResTime" : 6370.9000000000015,
    "pct2ResTime" : 8197.949999999986,
    "pct3ResTime" : 10998.979999999994,
    "throughput" : 2.3943493355680596,
    "receivedKBytesPerSec" : 17.139238896204954,
    "sentKBytesPerSec" : 1.903320663234766
  },
  "Logout-3" : {
    "transaction" : "Logout-3",
    "sampleCount" : 100,
    "errorCount" : 0,
    "errorPct" : 0.0,
    "meanResTime" : 1854.3600000000004,
    "medianResTime" : 1699.5,
    "minResTime" : 268.0,
    "maxResTime" : 5676.0,
    "pct1ResTime" : 3274.3000000000006,
    "pct2ResTime" : 3940.3999999999996,
    "pct3ResTime" : 5671.939999999998,
    "throughput" : 2.4905979925780177,
    "receivedKBytesPerSec" : 211.98539964758038,
    "sentKBytesPerSec" : 1.901999638863291
  },
  "Login-8" : {
    "transaction" : "Login-8",
    "sampleCount" : 100,
    "errorCount" : 4,
    "errorPct" : 4.0,
    "meanResTime" : 3122.4500000000003,
    "medianResTime" : 2597.0,
    "minResTime" : 792.0,
    "maxResTime" : 8895.0,