{
  "Show Contact Page-6" : {
    "transaction" : "Show Contact Page-6",
    "sampleCount" : 1000,
    "errorCount" : 0,
    "errorPct" : 0.0,
    "meanResTime" : 6002.622999999996,
    "medianResTime" : 6181.0,
    "minResTime" : 57.0,
    "maxResTime" : 15591.0,
    "pct1ResTime" : 10511.8,
    "pct2ResTime" : 11448.449999999997,
    "pct3ResTime" : 13130.0,
    "throughput" : 12.323314478662182,
    "receivedKBytesPerSec" : 88.68213319654454,
    "sentKBytesPerSec" : 7.100347209385435
  },
  "Show Contact Page-5" : {
    "transaction" : "Show Contact Page-5",
    "sampleCount" : 1000,
    "errorCount" : 0,
    "errorPct" : 0.0,
    "meanResTime" : 6039.674999999999,
    "medianResTime" : 6147.0,
    "minResTime" : 144.0,
    "maxResTime" : 18987.0,
    "pct1ResTime" : 10685.3,
    "pct2ResTime" : 11490.75,
    "pct3ResTime" : 12382.86,
    "throughput" : 12.096432761978493,
    "receivedKBytesPerSec" : 1028.5847211469838,
    "sentKBytesPerSec" : 6.945998500042338
  },
  "Show Contact Page-4" : {
    "transaction" : "Show Contact Page-4",
    "sampleCount" : 1000,
    "errorCount" : 0,
    "errorPct" : 0.0,
    "meanResTime" : 6027.918999999998,
    "medianResTime" : 6129.5,
    "minResTime" : 84.0,
    "maxResTime" : 15492.0,
    "pct1ResTime" : 10669.899999999998,
    "pct2ResTime" : 11670.649999999998,
    "pct3ResTime" : 12984.99,
    "throughput" : 12.314209366187644,
    "receivedKBytesPerSec" : 262.6991246136417,
    "sentKBytesPerSec" : 7.167254670163903
  },
  "Show Contact Page-3" : {
    "transaction" : "Show Contact Page-3",
    "sampleCount" : 1000,
    "errorCount" : 0,
    "errorPct" : 0.0,
    "meanResTime" : 5982.381,
    "medianResTime" : 6082.5,
    "minResTime" : 53.0,
    "maxResTime" : 16040.0,
    "pct1ResTime" : 10609.6,
    "pct2ResTime" : 11421.999999999998,
    "pct3ResTime" : 12948.94,
    "throughput" : 12.09979914333422,
    "receivedKBytesPerSec" : 1846.247379637248,
    "sentKBytesPerSec" : 7.0070125898410085
  },
  "Show Contact Page-7" : {
    "transaction" : "Show Contact Page-7",
    "sampleCount" : 1000,
    "errorCount" : 110,
    "errorPct" : 11.0,
    "meanResTime" : 5800.033000000001,
    "medianResTime" : 5840.0,
    "minResTime" : 48.0,
    "maxResTime" : 15426.0,
    "pct1ResTime" : 10732.0,
    "pct2ResTime" : 11547.8,
    "pct3ResTime" : 13328.620000000004,
    "throughput" : 12.226134585289515,
    "receivedKBytesPerSec" : 626.0522355869156,
    "sentKBytesPerSec" : 6.280102080582453
  },
  "Show Contact Page-2" : {
    "transaction" : "Show Contact Page-2",
    "sampleCount" : 1000,
    "errorCount" : 0,
    "errorPct" : 0.0,
    "meanResTime" : 5996.898000000006,
    "medianResTime" : 6194.0,
    "minResTime" : 55.0,
    "maxResTime" : 15098.0,
    "pct1ResTime" : 10659.699999999999,
    "pct2ResTime" : 11459.449999999997,
    "pct3ResTime" : 12824.970000000001,
    "throughput" : 12.131652695046647,
    "receivedKBytesPerSec" : 658.6989826092758,
    "sentKBytesPerSec" : 6.95437512889881
  },
  "Show Contact Page-1" : {
    "transaction" : "Show Contact Page-1",
    "sampleCount" : 1000,
    "errorCount" : 0,
    "errorPct" : 0.0,
    "meanResTime" : 247.41100000000012,
    "medianResTime" : 102.0,
    "minResTime" : 73.0,
    "maxResTime" : 3937.0,
    "pct1ResTime" : 151.79999999999995,
    "pct2ResTime" : 996.349999999995,
    "pct3ResTime" : 3791.98,
    "throughput" : 14.61261945816407,
    "receivedKBytesPerSec" : 87.24761266329602,
    "sentKBytesPerSec" : 7.70587354239121
  },
  "Show Contact Page-0" : {
    "transaction" : "Show Contact Page-0",
    "sampleCount" : 1000,
    "errorCount" : 0,
    "errorPct" : 0.0,
    "meanResTime" : 5034.026000000001,
    "medianResTime" : 5182.5,
    "minResTime" : 51.0,
    "maxResTime" : 12664.0,
    "pct1ResTime" : 8482.4,
    "pct2ResTime" : 9069.699999999999,
    "pct3ResTime" : 10465.86,
    "throughput" : 14.236902050113894,
    "receivedKBytesPerSec" : 84.75405751708429,
    "sentKBytesPerSec" : 7.132354249715262
  },
  "Send Email-2" : {
    "transaction" : "Send Email-2",
    "sampleCount" : 1000,
    "errorCount" : 0,
    "errorPct" : 0.0,
    "meanResTime" : 6366.975000000004,
    "medianResTime" : 6051.0,
    "minResTime" : 109.0,
    "maxResTime" : 15978.0,
    "pct1ResTime" : 10793.0,
    "pct2ResTime" : 11611.9,
    "pct3ResTime" : 13273.83,
    "throughput" : 11.099518280906608,
    "receivedKBytesPerSec" : 602.6583172852798,
    "sentKBytesPerSec" : 6.89384143228184
  },
  "Send Email-1" : {
    "transaction" : "Send Email-1",
    "sampleCount" : 1000,
    "errorCount" : 0,
    "errorPct" : 0.0,
    "meanResTime" : 6916.427000000011,
    "medianResTime" : 6852.5,
    "minResTime" : 67.0,
    "maxResTime" : 15594.0,
    "pct1ResTime" : 11201.3,
    "pct2ResTime" : 11858.0,
    "pct3ResTime" : 13442.62,
    "throughput" : 11.219944573473807,
    "receivedKBytesPerSec" : 66.72799067622606,
    "sentKBytesPerSec" : 6.9686374499309975
  },
  "Show Contact Page" : {
    "transaction" : "Show Contact Page",
    "sampleCount" : 1000,
    "errorCount" : 110,
    "errorPct" : 11.0,
    "meanResTime" : 12283.685000000016,
    "medianResTime" : 12424.0,
    "minResTime" : 1314.0,
    "maxResTime" : 26670.0,
    "pct1ResTime" : 20099.8,
    "pct2ResTime" : 21582.55,
    "pct3ResTime" : 24215.75,
    "throughput" : 11.824384245190432,
    "receivedKBytesPerSec" : 4535.504122460714,
    "sentKBytesPerSec" : 52.34356986289627
  },
  "Send Email-4" : {
    "transaction" : "Send Email-4",
    "sampleCount" : 1000,
    "errorCount" : 0,
    "errorPct" : 0.0,
    "meanResTime" : 6380.6489999999985,
    "medianResTime" : 6038.0,
    "minResTime" : 64.0,
    "maxResTime" : 19874.0,
    "pct1ResTime" : 10863.3,
    "pct2ResTime" : 11895.949999999999,
    "pct3ResTime" : 13090.050000000001,
    "throughput" : 11.099395082967977,
    "receivedKBytesPerSec" : 236.78348201897998,
    "sentKBytesPerSec" : 6.991318191908541
  },
  "Send Email-3" : {
    "transaction" : "Send Email-3",
    "sampleCount" : 1000,
    "errorCount" : 0,
    "errorPct" : 0.0,
    "meanResTime" : 6355.807000000007,
    "medianResTime" : 6127.0,
    "minResTime" : 141.0,
    "maxResTime" : 14256.0,
    "pct1ResTime" : 10806.4,
    "pct2ResTime" : 11745.8,
    "pct3ResTime" : 13196.5,
    "throughput" : 11.093238671030008,
    "receivedKBytesPerSec" : 1692.6613892894782,
    "sentKBytesPerSec" : 6.954940651173111
  },
  "Send Email-6" : {
    "transaction" : "Send Email-6",
    "sampleCount" : 1000,
    "errorCount" : 0,
    "errorPct" : 0.0,
    "meanResTime" : 6455.900000000006,
    "medianResTime" : 6070.0,
    "minResTime" : 444.0,
    "maxResTime" : 20076.0,
    "pct1ResTime" : 10976.8,
    "pct2ResTime" : 11898.8,
    "pct3ResTime" : 14291.340000000002,
    "throughput" : 11.102229327648992,
    "receivedKBytesPerSec" : 79.89485147992717,
    "sentKBytesPerSec" : 6.9280513089528375
  },
  "Send Email-5" : {
    "transaction" : "Send Email-5",
    "sampleCount" : 1000,
    "errorCount" : 0,
    "errorPct" : 0.0,
    "meanResTime" : 6370.498000000003,
    "medianResTime" : 6025.0,
    "minResTime" : 66.0,
    "maxResTime" : 15676.0,
    "pct1ResTime" : 10832.1,
    "pct2ResTime" : 11629.099999999999,
    "pct3ResTime" : 13102.640000000001,
    "throughput" : 11.097547442015314,
    "receivedKBytesPerSec" : 944.5920264121629,
    "sentKBytesPerSec" : 6.9034548052380424
  },
  "Total" : {
    "transaction" : "Total",
    "sampleCount" : 18000,
    "errorCount" : 220,
    "errorPct" : 1.2222222,
    "meanResTime" : 6734.568222222235,
    "medianResTime" : 6095.0,
    "minResTime" : 30.0,
    "maxResTime" : 36315.0,
    "pct1ResTime" : 12042.699999999999,
    "pct2ResTime" : 16417.600000000006,
    "pct3ResTime" : 25290.950000000008,