{
  "Welcome-3" : {
    "transaction" : "Welcome-3",
    "sampleCount" : 4732,
    "errorCount" : 396,
    "errorPct" : 8.368554,
    "meanResTime" : 11.645815722738813,
    "medianResTime" : 4.0,
    "minResTime" : 2.0,
    "maxResTime" : 1242.0,
    "pct1ResTime" : 19.0,
    "pct2ResTime" : 37.0,
    "pct3ResTime" : 158.67000000000007,
    "throughput" : 79.4372912085145,
    "receivedKBytesPerSec" : 2686.131641982407,
    "sentKBytesPerSec" : 43.71637302959593
  },
  "Registration-4" : {
    "transaction" : "Registration-4",
    "sampleCount" : 5308,
    "errorCount" : 602,
    "errorPct" : 11.341372,
    "meanResTime" : 11.323285606631465,
    "medianResTime" : 4.0,
    "minResTime" : 2.0,
    "maxResTime" : 957.0,
    "pct1ResTime" : 18.0,
    "pct2ResTime" : 36.0,
    "pct3ResTime" : 130.8199999999997,
    "throughput" : 91.02445381898,
    "receivedKBytesPerSec" : 2985.711480894382,
    "sentKBytesPerSec" : 52.32957565936139
  },
  "Registration" : {
    "transaction" : "Registration",
    "sampleCount" : 7000,
    "errorCount" : 2853,
    "errorPct" : 40.75714,
    "meanResTime" : 38.639142857143185,
    "medianResTime" : 12.0,
    "minResTime" : 2.0,
    "maxResTime" : 1590.0,
    "pct1ResTime" : 65.0,
    "pct2ResTime" : 184.0,
    "pct3ResTime" : 591.9299999999985,
    "throughput" : 119.83633780151679,
    "receivedKBytesPerSec" : 20124.98471952947,
    "sentKBytesPerSec" : 283.4548348077483
  },
  "Total" : {
    "transaction" : "Total",
    "sampleCount" : 59468,
    "errorCount" : 8533,
    "errorPct" : 14.348893,
    "meanResTime" : 16.20320172193441,
    "medianResTime" : 5.0,
    "minResTime" : 2.0,
    "maxResTime" : 1590.0,
    "pct1ResTime" : 15.0,
    "pct2ResTime" : 20.0,
    "pct3ResTime" : 33.0,
    "throughput" : 994.8141456723209,
    "receivedKBytesPerSec" : 75419.62066285883,
    "sentKBytesPerSec" : 897.0673261902373
  },
  "Welcome" : {
    "transaction" : "Welcome",
    "sampleCount" : 7000,
    "errorCount" : 2931,
    "errorPct" : 41.87143,
    "meanResTime" : 19.9164285714286,
    "medianResTime" : 7.0,
    "minResTime" : 2.0,
    "maxResTime" : 1256.0,
    "pct1ResTime" : 30.0,
    "pct2ResTime" : 62.0,
    "pct3ResTime" : 294.9899999999998,
    "throughput" : 117.1391278155226,
    "receivedKBytesPerSec" : 18131.980645504576,
    "sentKBytesPerSec" : 171.60878956583218
  },
  "Registration-3" : {
    "transaction" : "Registration-3",
    "sampleCount" : 5308,
    "errorCount" : 546,
    "errorPct" : 10.28636,
    "meanResTime" : 11.568198944988708,
    "medianResTime" : 4.0,
    "minResTime" : 2.0,
    "maxResTime" : 918.0,
    "pct1ResTime" : 18.0,
    "pct2ResTime" : 38.0,
    "pct3ResTime" : 121.90999999999985,
    "throughput" : 91.02445381898,
    "receivedKBytesPerSec" : 6977.8220804073635,
    "sentKBytesPerSec" : 52.3143027403368
  },
  "Welcome-0" : {
    "transaction" : "Welcome-0",
    "sampleCount" : 4732,
    "errorCount" : 0,
    "errorPct" : 0.0,
    "meanResTime" : 8.288672865595933,
    "medianResTime" : 3.0,
    "minResTime" : 2.0,
    "maxResTime" : 906.0,
    "pct1ResTime" : 15.0,
    "pct2ResTime" : 29.0,
    "pct3ResTime" : 90.67000000000007,
    "throughput" : 79.19532727485733,
    "receivedKBytesPerSec" : 310.6715133428729,
    "sentKBytesPerSec" : 40.06169875817978
  },
  "Registration-2" : {
    "transaction" : "Registration-2",
    "sampleCount" : 5308,
    "errorCount" : 537,
    "errorPct" : 10.116805,
    "meanResTime" : 12.19235116804825,
    "medianResTime" : 4.0,
    "minResTime" : 2.0,
    "maxResTime" : 961.0,
    "pct1ResTime" : 19.0,
    "pct2ResTime" : 38.0,
    "pct3ResTime" : 142.0,
    "throughput" : 91.02445381898,
    "receivedKBytesPerSec" : 9746.492152131135,
    "sentKBytesPerSec" : 53.2121561181706
  },
  "Welcome-1" : {
    "transaction" : "Welcome-1",
    "sampleCount" : 4732,
    "errorCount" : 319,
    "errorPct" : 6.7413354,
    "meanResTime" : 11.278106508875778,
    "medianResTime" : 4.0,
    "minResTime" : 3.0,
    "maxResTime" : 1056.0,
    "pct1ResTime" : 18.0,
    "pct2ResTime" : 39.0,
    "pct3ResTime" : 135.67000000000007,
    "throughput" : 79.43595769682726,
    "receivedKBytesPerSec" : 8817.368779639499,
    "sentKBytesPerSec" : 44.63664399550949
  },
  "Registration-1" : {
    "transaction" : "Registration-1",
    "sampleCount" : 5308,
    "errorCount" : 0,
    "errorPct" : 0.0,
    "meanResTime" : 12.816691785983421,
    "medianResTime" : 3.0,
    "minResTime" : 2.0,
    "maxResTime" : 941.0,
    "pct1ResTime" : 22.0,
    "pct2ResTime" : 54.0,
    "pct3ResTime" : 177.63999999999942,
    "throughput" : 90.97920915962497,
    "receivedKBytesPerSec" : 342.9670493889584,
    "sentKBytesPerSec" : 56.80623371698404
  },
  "Welcome-2" : {
    "transaction" : "Welcome-2",
    "sampleCount" : 4732,
    "errorCount" : 349,
    "errorPct" : 7.375317,
    "meanResTime" : 11.629966187658498,
    "medianResTime" : 5.0,
    "minResTime" : 3.0,
    "maxResTime" : 945.0,
    "pct1ResTime" : 18.0,
    "pct2ResTime" : 37.0,
    "pct3ResTime" : 149.67000000000007,
    "throughput" : 79.42395810604408,
    "receivedKBytesPerSec" : 6279.452671951317,
    "sentKBytesPerSec" : 43.608082991700094
  },
  "Registration-0" : {
    "transaction" : "Registration-0",
    "sampleCount" : 5308,
    "errorCount" : 0,
    "errorPct" : 0.0,
    "meanResTime" : 18.217030896759596,
    "medianResTime" : 5.0,
    "minResTime" : 3.0,
    "maxResTime" : 878.0,
    "pct1ResTime" : 41.0,
    "pct2ResTime" : 91.55000000000018,
    "pct3ResTime" : 225.45999999999913,
    "throughput" : 90.89196732820767,
    "receivedKBytesPerSec" : 34.50414925769277,
    "sentKBytesPerSec" : 69.1447520505488
  }
}