{
  "Login" : {
    "transaction" : "Login",
    "sampleCount" : 3000,
    "errorCount" : 2777,
    "errorPct" : 92.566666,
    "meanResTime" : 4585.565000000006,
    "medianResTime" : 4676.0,
    "minResTime" : 58.0,
    "maxResTime" : 10495.0,
    "pct1ResTime" : 5965.9,
    "pct2ResTime" : 6612.95,
    "pct3ResTime" : 9119.919999999998,
    "throughput" : 44.003754987092236,
    "receivedKBytesPerSec" : 2138.1005567162565,
    "sentKBytesPerSec" : 48.230722459149845
  },
  "Login-0" : {
    "transaction" : "Login-0",
    "sampleCount" : 831,
    "errorCount" : 0,
    "errorPct" : 0.0,
    "meanResTime" : 1507.808664259928,
    "medianResTime" : 1143.0,
    "minResTime" : 485.0,
    "maxResTime" : 5829.0,
    "pct1ResTime" : 2780.800000000001,
    "pct2ResTime" : 4307.0,
    "pct3ResTime" : 4656.0,
    "throughput" : 12.618248629606573,
    "receivedKBytesPerSec" : 7.676922750239155,
    "sentKBytesPerSec" : 9.993554334580987
  },
  "Login-1" : {
    "transaction" : "Login-1",
    "sampleCount" : 831,
    "errorCount" : 0,
    "errorPct" : 0.0,
    "meanResTime" : 78.06859205776169,
    "medianResTime" : 44.0,
    "minResTime" : 8.0,
    "maxResTime" : 1044.0,
    "pct1ResTime" : 206.80000000000007,
    "pct2ResTime" : 275.79999999999995,
    "pct3ResTime" : 510.0,
    "throughput" : 13.43899086277998,
    "receivedKBytesPerSec" : 60.17360654867793,
    "sentKBytesPerSec" : 8.96370191335813
  },
  "Login-2" : {
    "transaction" : "Login-2",
    "sampleCount" : 831,
    "errorCount" : 0,
    "errorPct" : 0.0,
    "meanResTime" : 230.4320096269555,
    "medianResTime" : 186.0,
    "minResTime" : 80.0,
    "maxResTime" : 1179.0,
    "pct1ResTime" : 399.6000000000005,
    "pct2ResTime" : 511.79999999999995,
    "pct3ResTime" : 936.279999999999,
    "throughput" : 13.46643115266817,
    "receivedKBytesPerSec" : 80.40406256583319,
    "sentKBytesPerSec" : 7.745828075118702
  },
  "Login-3" : {
    "transaction" : "Login-3",
    "sampleCount" : 831,
    "errorCount" : 298,
    "errorPct" : 35.86041,
    "meanResTime" : 1910.9049338146822,
    "medianResTime" : 561.0,
    "minResTime" : 2.0,
    "maxResTime" : 5677.0,
    "pct1ResTime" : 4733.0,
    "pct2ResTime" : 4838.0,
    "pct3ResTime" : 5231.119999999998,
    "throughput" : 13.040203370680727,
    "receivedKBytesPerSec" : 465.55402045966326,
    "sentKBytesPerSec" : 5.758371901774786
  },
  "Welcome-3" : {
    "transaction" : "Welcome-3",
    "sampleCount" : 831,
    "errorCount" : 251,
    "errorPct" : 30.204573,
    "meanResTime" : 1630.3766546329755,
    "medianResTime" : 123.0,
    "minResTime" : 2.0,
    "maxResTime" : 6107.0,
    "pct1ResTime" : 4718.0,
    "pct2ResTime" : 4869.599999999999,
    "pct3ResTime" : 5261.159999999998,
    "throughput" : 12.278550214985446,
    "receivedKBytesPerSec" : 498.8365632711033,
    "sentKBytesPerSec" : 5.155310362150741
  },
  "Login-4" : {
    "transaction" : "Login-4",
    "sampleCount" : 831,
    "errorCount" : 350,
    "errorPct" : 42.11793,
    "meanResTime" : 2190.903730445248,
    "medianResTime" : 1144.0,
    "minResTime" : 2.0,
    "maxResTime" : 5915.0,
    "pct1ResTime" : 4753.0,
    "pct2ResTime" : 4822.2,
    "pct3ResTime" : 5370.2799999999925,
    "throughput" : 13.062546174764607,
    "receivedKBytesPerSec" : 1167.7067911043825,
    "sentKBytesPerSec" : 5.249785213661443
  },
  "Login-5" : {
    "transaction" : "Login-5",
    "sampleCount" : 831,
    "errorCount" : 383,
    "errorPct" : 46.08905,
    "meanResTime" : 2454.7184115523464,
    "medianResTime" : 2466.0,
    "minResTime" : 2.0,
    "maxResTime" : 5912.0,
    "pct1ResTime" : 4779.8,
    "pct2ResTime" : 4900.8,
    "pct3ResTime" : 5486.36,
    "throughput" : 13.027324460330151,
    "receivedKBytesPerSec" : 165.44521721515466,
    "sentKBytesPerSec" : 4.897004185674646
  },
  "Login-6" : {
    "transaction" : "Login-6",
    "sampleCount" : 831,
    "errorCount" : 459,
    "errorPct" : 55.234657,
    "meanResTime" : 2853.6077015643805,
    "medianResTime" : 4399.0,
    "minResTime" : 1.0,
    "maxResTime" : 5915.0,
    "pct1ResTime" : 4804.200000000001,
    "pct2ResTime" : 4948.0,
    "pct3ResTime" : 5475.0,
    "throughput" : 13.001846230872735,
    "receivedKBytesPerSec" : 151.34613259614483,
    "sentKBytesPerSec" : 4.021945015958945
  },
  "Login-7" : {
    "transaction" : "Login-7",
    "sampleCount" : 461,
    "errorCount" : 305,
    "errorPct" : 66.16052,
    "meanResTime" : 3472.0151843817757,
    "medianResTime" : 4517.0,
    "minResTime" : 2.0,
    "maxResTime" : 5895.0,
    "pct1ResTime" : 4852.0,
    "pct2ResTime" : 4954.0,
    "pct3ResTime" : 5575.04,
    "throughput" : 7.749983188756641,
    "receivedKBytesPerSec" : 106.1296584218025,
    "sentKBytesPerSec" : 1.8146785007312891
  },
  "Total" : {
    "transaction" : "Total",
    "sampleCount" : 15602,
    "errorCount" : 7663,
    "errorPct" : 49.115498,
    "meanResTime" : 2680.5528137418232,
    "medianResTime" : 2759.0,
    "minResTime" : 1.0,
    "maxResTime" : 10495.0,
    "pct1ResTime" : 5000.0,
    "pct2ResTime" : 5612.0,
    "pct3ResTime" : 7085.849999999997,
    "throughput" : 220.66019856872117,
    "receivedKBytesPerSec" : 9994.855098709799,
    "sentKBytesPerSec" : 134.71457735199274
  },
  "Welcome" : {
    "transaction" : "Welcome",
    "sampleCount" : 3000,
    "errorCount" : 2630,
    "errorPct" : 87.666664,
    "meanResTime" : 4513.987,
    "medianResTime" : 4638.0,
    "minResTime" : 151.0,
    "maxResTime" : 9464.0,
    "pct1ResTime" : 5475.8,
    "pct2ResTime" : 6432.999999999996,
    "pct3ResTime" : 7629.859999999997,
    "throughput" : 44.25105096246036,
    "receivedKBytesPerSec" : 3150.899612918541,
    "sentKBytesPerSec" : 23.366297869496275
  },
  "Welcome-0" : {
    "transaction" : "Welcome-0",
    "sampleCount" : 831,
    "errorCount" : 0,
    "errorPct" : 0.0,
    "meanResTime" : 1106.4705174488577,
    "medianResTime" : 800.0,
    "minResTime" : 5.0,
    "maxResTime" : 4852.0,
    "pct1ResTime" : 2610.0,
    "pct2ResTime" : 2885.3999999999996,
    "pct3ResTime" : 4239.5199999999995,
    "throughput" : 13.209136716949342,
    "receivedKBytesPerSec" : 32.97124360207277,
    "sentKBytesPerSec" : 6.604568358474671
  },
  "Welcome-1" : {
    "transaction" : "Welcome-1",
    "sampleCount" : 831,
    "errorCount" : 0,
    "errorPct" : 0.0,
    "meanResTime" : 276.9121540312873,
    "medianResTime" : 174.0,
    "minResTime" : 71.0,
    "maxResTime" : 2329.0,
    "pct1ResTime" : 402.20000000000095,
    "pct2ResTime" : 1012.599999999998,
    "pct3ResTime" : 1984.04,
    "throughput" : 13.198017914999046,
    "receivedKBytesPerSec" : 1881.776410677133,
    "sentKBytesPerSec" : 7.114556532304174
  },
  "Welcome-2" : {
    "transaction" : "Welcome-2",
    "sampleCount" : 831,
    "errorCount" : 210,
    "errorPct" : 25.270758,
    "meanResTime" : 1310.6149217809875,
    "medianResTime" : 61.0,
    "minResTime" : 2.0,
    "maxResTime" : 5575.0,
    "pct1ResTime" : 4658.200000000001,
    "pct2ResTime" : 4806.4,
    "pct3ResTime" : 5216.039999999999,
    "throughput" : 12.410579608417091,
    "receivedKBytesPerSec" : 796.2029469526127,
    "sentKBytesPerSec" : 5.5519194815110735
  }
}