{
  "Session Test" : {
    "transaction" : "Session Test",
    "sampleCount" : 3000,
    "errorCount" : 0,
    "errorPct" : 0.0,
    "meanResTime" : 726.7620000000004,
    "medianResTime" : 689.0,
    "minResTime" : 57.0,
    "maxResTime" : 2405.0,
    "pct1ResTime" : 1243.8000000000002,
    "pct2ResTime" : 1431.8999999999996,
    "pct3ResTime" : 1726.9599999999991,
    "throughput" : 23.085091647813844,
    "receivedKBytesPerSec" : 8856.049642145008,
    "sentKBytesPerSec" : 106.09222782676946
  },
  "Login Welcome-1" : {
    "transaction" : "Login Welcome-1",
    "sampleCount" : 30,
    "errorCount" : 0,
    "errorPct" : 0.0,
    "meanResTime" : 139.5666666666667,
    "medianResTime" : 116.0,
    "minResTime" : 18.0,
    "maxResTime" : 430.0,
    "pct1ResTime" : 279.00000000000006,
    "pct2ResTime" : 388.19999999999993,
    "pct3ResTime" : 430.0,
    "throughput" : 0.5027062352330043,
    "receivedKBytesPerSec" : 59.74005767506745,
    "sentKBytesPerSec" : 0.3029001436901989
  },
  "Login Welcome-0" : {
    "transaction" : "Login Welcome-0",
    "sampleCount" : 30,
    "errorCount" : 0,
    "errorPct" : 0.0,
    "meanResTime" : 123.6666666666667,
    "medianResTime" : 90.0,
    "minResTime" : 13.0,
    "maxResTime" : 340.0,
    "pct1ResTime" : 271.70000000000005,
    "pct2ResTime" : 309.74999999999994,
    "pct3ResTime" : 340.0,
    "throughput" : 0.5023863350916855,
    "receivedKBytesPerSec" : 1.2917804885707107,
    "sentKBytesPerSec" : 0.25070255589047974
  },
  "Login-0" : {
    "transaction" : "Login-0",
    "sampleCount" : 30,
    "errorCount" : 0,
    "errorPct" : 0.0,
    "meanResTime" : 673.3666666666667,
    "medianResTime" : 693.5,
    "minResTime" : 244.0,
    "maxResTime" : 1306.0,
    "pct1ResTime" : 1137.0000000000002,
    "pct2ResTime" : 1245.5,
    "pct3ResTime" : 1306.0,
    "throughput" : 0.49857076381041016,
    "receivedKBytesPerSec" : 0.21374273956325202,
    "sentKBytesPerSec" : 0.3651641336502028
  },
  "Login-1" : {
    "transaction" : "Login-1",
    "sampleCount" : 30,
    "errorCount" : 0,
    "errorPct" : 0.0,
    "meanResTime" : 182.13333333333333,
    "medianResTime" : 123.0,
    "minResTime" : 14.0,
    "maxResTime" : 1165.0,
    "pct1ResTime" : 387.70000000000016,
    "pct2ResTime" : 743.1499999999994,
    "pct3ResTime" : 1165.0,
    "throughput" : 0.4974216975344465,
    "receivedKBytesPerSec" : 2.342836764852183,
    "sentKBytesPerSec" : 0.3016590568055579
  },
  "Login-2" : {
    "transaction" : "Login-2",
    "sampleCount" : 30,
    "errorCount" : 0,
    "errorPct" : 0.0,
    "meanResTime" : 269.4999999999999,
    "medianResTime" : 113.5,
    "minResTime" : 90.0,
    "maxResTime" : 1654.0,
    "pct1ResTime" : 1132.6000000000015,
    "pct2ResTime" : 1589.1,
    "pct3ResTime" : 1654.0,
    "throughput" : 0.4966805185344613,
    "receivedKBytesPerSec" : 2.9655319241403286,
    "sentKBytesPerSec" : 0.2856883060710915
  },
  "Login-3" : {
    "transaction" : "Login-3",
    "sampleCount" : 30,
    "errorCount" : 0,
    "errorPct" : 0.0,
    "meanResTime" : 158.66666666666669,
    "medianResTime" : 108.0,
    "minResTime" : 16.0,
    "maxResTime" : 557.0,
    "pct1ResTime" : 333.80000000000007,
    "pct2ResTime" : 492.6499999999999,
    "pct3ResTime" : 557.0,
    "throughput" : 0.49642573471008733,
    "receivedKBytesPerSec" : 26.953881273580222,
    "sentKBytesPerSec" : 0.3083269211675933
  },
  "Login-4" : {
    "transaction" : "Login-4",
    "sampleCount" : 30,
    "errorCount" : 0,
    "errorPct" : 0.0,
    "meanResTime" : 169.86666666666667,
    "medianResTime" : 143.0,
    "minResTime" : 16.0,
    "maxResTime" : 843.0,
    "pct1ResTime" : 349.9000000000002,
    "pct2ResTime" : 588.8999999999996,
    "pct3ResTime" : 843.0,
    "throughput" : 0.49629433562731606,
    "receivedKBytesPerSec" : 75.72705181519653,
    "sentKBytesPerSec" : 0.3111532846413446
  },
  "Session Test-5" : {
    "transaction" : "Session Test-5",
    "sampleCount" : 3000,
    "errorCount" : 0,
    "errorPct" : 0.0,
    "meanResTime" : 195.4656666666674,
    "medianResTime" : 158.5,
    "minResTime" : 16.0,
    "maxResTime" : 1236.0,
    "pct1ResTime" : 388.0,
    "pct2ResTime" : 474.89999999999964,
    "pct3ResTime" : 737.9499999999989,
    "throughput" : 23.093799314883952,
    "receivedKBytesPerSec" : 1965.6781563329932,
    "sentKBytesPerSec" : 13.26089257534352
  },
  "Login-5" : {
    "transaction" : "Login-5",
    "sampleCount" : 30,
    "errorCount" : 0,
    "errorPct" : 0.0,
    "meanResTime" : 149.39999999999998,
    "medianResTime" : 136.5,
    "minResTime" : 21.0,
    "maxResTime" : 404.0,
    "pct1ResTime" : 331.90000000000015,
    "pct2ResTime" : 379.79999999999995,
    "pct3ResTime" : 404.0,
    "throughput" : 0.4965489845573266,
    "receivedKBytesPerSec" : 10.592883366850389,
    "sentKBytesPerSec" : 0.31276767093698793
  },
  "Session Test-6" : {
    "transaction" : "Session Test-6",
    "sampleCount" : 3000,
    "errorCount" : 0,
    "errorPct" : 0.0,
    "meanResTime" : 196.49033333333307,
    "medianResTime" : 157.0,
    "minResTime" : 14.0,
    "maxResTime" : 1233.0,
    "pct1ResTime" : 380.0,
    "pct2ResTime" : 469.89999999999964,
    "pct3ResTime" : 740.9499999999989,
    "throughput" : 23.0943326507675,
    "receivedKBytesPerSec" : 166.19174935720775,
    "sentKBytesPerSec" : 13.306304945266433
  },
  "Login-6" : {
    "transaction" : "Login-6",
    "sampleCount" : 30,
    "errorCount" : 0,
    "errorPct" : 0.0,
    "meanResTime" : 153.3,
    "medianResTime" : 108.0,
    "minResTime" : 16.0,
    "maxResTime" : 693.0,
    "pct1ResTime" : 287.9000000000001,
    "pct2ResTime" : 513.1499999999997,
    "pct3ResTime" : 693.0,
    "throughput" : 0.4971084856418499,
    "receivedKBytesPerSec" : 42.3124761802184,
    "sentKBytesPerSec" : 0.30923643100962733
  },
  "Session Test-7" : {
    "transaction" : "Session Test-7",
    "sampleCount" : 3000,
    "errorCount" : 0,
    "errorPct" : 0.0,
    "meanResTime" : 190.98999999999975,
    "medianResTime" : 153.0,
    "minResTime" : 16.0,
    "maxResTime" : 1161.0,
    "pct1ResTime" : 369.9000000000001,
    "pct2ResTime" : 463.84999999999945,
    "pct3ResTime" : 710.9799999999996,
    "throughput" : 23.096999699739,
    "receivedKBytesPerSec" : 1321.1732692407631,
    "sentKBytesPerSec" : 13.330397287642334
  },
  "Login-7" : {
    "transaction" : "Login-7",
    "sampleCount" : 30,
    "errorCount" : 0,
    "errorPct" : 0.0,
    "meanResTime" : 171.9,
    "medianResTime" : 143.5,
    "minResTime" : 24.0,
    "maxResTime" : 554.0,
    "pct1ResTime" : 322.8,
    "pct2ResTime" : 495.1499999999999,
    "pct3ResTime" : 554.0,
    "throughput" : 0.4968779502128294,
    "receivedKBytesPerSec" : 3.5756773585140036,
    "sentKBytesPerSec" : 0.3100634865097636
  },
  "Login-8" : {
    "transaction" : "Login-8",
    "sampleCount" : 30,
    "errorCount" : 0,
    "errorPct" : 0.0,
    "meanResTime" : 182.53333333333336,
    "medianResTime" : 163.0,
    "minResTime" : 21.0,
    "maxResTime" : 447.0,
    "pct1ResTime" : 399.6,
    "pct2ResTime" : 429.95,
    "pct3ResTime" : 447.0,
    "throughput" : 0.4973474801061008,
    "receivedKBytesPerSec" : 28.448858691147215,
    "sentKBytesPerSec" : 0.310842175066313
  },
  "Session Test-1" : {
    "transaction" : "Session Test-1",
    "sampleCount" : 3000,
    "errorCount" : 0,
    "errorPct" : 0.0,
    "meanResTime" : 196.10499999999985,
    "medianResTime" : 152.0,
    "minResTime" : 14.0,
    "maxResTime" : 1345.0,
    "pct1ResTime" : 405.9000000000001,
    "pct2ResTime" : 510.0,
    "pct3ResTime" : 768.9199999999983,
    "throughput" : 23.095043803599747,
    "receivedKBytesPerSec" : 127.94570066513727,
    "sentKBytesPerSec" : 13.013515893239312
  },
  "Session Test-2" : {
    "transaction" : "Session Test-2",
    "sampleCount" : 3000,
    "errorCount" : 0,
    "errorPct" : 0.0,
    "meanResTime" : 182.5000000000005,
    "medianResTime" : 143.0,
    "minResTime" : 15.0,
    "maxResTime" : 1085.0,
    "pct1ResTime" : 366.0,