{
  "Login Welcome-1" : {
    "transaction" : "Login Welcome-1",
    "sampleCount" : 1000,
    "errorCount" : 0,
    "errorPct" : 0.0,
    "meanResTime" : 21.18700000000003,
    "medianResTime" : 6.0,
    "minResTime" : 4.0,
    "maxResTime" : 1582.0,
    "pct1ResTime" : 19.0,
    "pct2ResTime" : 91.89999999999986,
    "pct3ResTime" : 247.99,
    "throughput" : 16.2348204428859,
    "receivedKBytesPerSec" : 1929.2959617913502,
    "sentKBytesPerSec" : 9.782113489512307
  },
  "Login Welcome-0" : {
    "transaction" : "Login Welcome-0",
    "sampleCount" : 1000,
    "errorCount" : 0,
    "errorPct" : 0.0,
    "meanResTime" : 10.313999999999998,
    "medianResTime" : 3.0,
    "minResTime" : 2.0,
    "maxResTime" : 672.0,
    "pct1ResTime" : 12.0,
    "pct2ResTime" : 31.949999999999932,
    "pct3ResTime" : 128.99,
    "throughput" : 16.692540103827596,
    "receivedKBytesPerSec" : 42.921345794314526,
    "sentKBytesPerSec" : 8.329968743218656
  },
  "Login" : {
    "transaction" : "Login",
    "sampleCount" : 1000,
    "errorCount" : 1,
    "errorPct" : 0.1,
    "meanResTime" : 712.3539999999994,
    "medianResTime" : 486.0,
    "minResTime" : 354.0,
    "maxResTime" : 4753.0,
    "pct1ResTime" : 1054.1999999999996,
    "pct2ResTime" : 2266.85,
    "pct3ResTime" : 4608.99,
    "throughput" : 16.214025131738953,
    "receivedKBytesPerSec" : 6300.528143367451,
    "sentKBytesPerSec" : 91.78162684941225
  },
  "Login-0" : {
    "transaction" : "Login-0",
    "sampleCount" : 1000,
    "errorCount" : 0,
    "errorPct" : 0.0,
    "meanResTime" : 420.0050000000003,
    "medianResTime" : 342.5,
    "minResTime" : 243.0,
    "maxResTime" : 2276.0,
    "pct1ResTime" : 590.0,
    "pct2ResTime" : 956.7999999999984,
    "pct3ResTime" : 1651.99,
    "throughput" : 16.23824756832243,
    "receivedKBytesPerSec" : 6.961514338372603,
    "sentKBytesPerSec" : 11.893247730704903
  },
  "Logout-2" : {
    "transaction" : "Logout-2",
    "sampleCount" : 1000,
    "errorCount" : 0,
    "errorPct" : 0.0,
    "meanResTime" : 16.85400000000002,
    "medianResTime" : 6.0,
    "minResTime" : 4.0,
    "maxResTime" : 684.0,
    "pct1ResTime" : 20.0,
    "pct2ResTime" : 39.94999999999993,
    "pct3ResTime" : 324.18000000000075,
    "throughput" : 17.509761692143368,
    "receivedKBytesPerSec" : 2080.8060454640963,
    "sentKBytesPerSec" : 10.55031539458248
  },
  "Login-1" : {
    "transaction" : "Login-1",
    "sampleCount" : 1000,
    "errorCount" : 0,
    "errorPct" : 0.0,
    "meanResTime" : 12.787999999999993,
    "medianResTime" : 3.0,
    "minResTime" : 2.0,
    "maxResTime" : 666.0,
    "pct1ResTime" : 9.0,
    "pct2ResTime" : 19.949999999999932,
    "pct3ResTime" : 337.9000000000001,
    "throughput" : 16.327596904287628,
    "receivedKBytesPerSec" : 76.90234362244064,
    "sentKBytesPerSec" : 9.901794606994741
  },
  "Logout-1" : {
    "transaction" : "Logout-1",
    "sampleCount" : 1000,
    "errorCount" : 0,
    "errorPct" : 0.0,
    "meanResTime" : 7.620000000000004,
    "medianResTime" : 2.0,
    "minResTime" : 1.0,
    "maxResTime" : 648.0,
    "pct1ResTime" : 8.899999999999977,
    "pct2ResTime" : 21.949999999999932,
    "pct3ResTime" : 116.93000000000006,
    "throughput" : 17.48618591312863,
    "receivedKBytesPerSec" : 46.41352862488634,
    "sentKBytesPerSec" : 8.845551077149052
  },
  "Login-2" : {
    "transaction" : "Login-2",
    "sampleCount" : 1000,
    "errorCount" : 1,
    "errorPct" : 0.1,
    "meanResTime" : 274.1399999999997,
    "medianResTime" : 132.0,
    "minResTime" : 77.0,
    "maxResTime" : 4257.0,
    "pct1ResTime" : 306.9,
    "pct2ResTime" : 841.4499999999979,
    "pct3ResTime" : 3476.3400000000006,
    "throughput" : 16.306297492091446,
    "receivedKBytesPerSec" : 97.32935969246323,
    "sentKBytesPerSec" : 9.369926575799823
  },
  "Logout-0" : {
    "transaction" : "Logout-0",
    "sampleCount" : 1000,
    "errorCount" : 0,
    "errorPct" : 0.0,
    "meanResTime" : 11.540000000000003,
    "medianResTime" : 3.0,
    "minResTime" : 2.0,
    "maxResTime" : 688.0,
    "pct1ResTime" : 12.0,
    "pct2ResTime" : 29.0,
    "pct3ResTime" : 180.94000000000005,
    "throughput" : 17.478239591708324,
    "receivedKBytesPerSec" : 7.715004194777502,
    "sentKBytesPerSec" : 9.865646957038487
  },
  "Login-3" : {
    "transaction" : "Login-3",
    "sampleCount" : 1000,
    "errorCount" : 0,
    "errorPct" : 0.0,
    "meanResTime" : 18.21300000000002,
    "medianResTime" : 6.0,
    "minResTime" : 3.0,
    "maxResTime" : 418.0,
    "pct1ResTime" : 20.0,
    "pct2ResTime" : 70.54999999999939,
    "pct3ResTime" : 301.98,
    "throughput" : 16.328396714726583,
    "receivedKBytesPerSec" : 886.564969670003,
    "sentKBytesPerSec" : 10.141465147037213
  },
  "Login-4" : {
    "transaction" : "Login-4",
    "sampleCount" : 1000,
    "errorCount" : 1,
    "errorPct" : 0.1,
    "meanResTime" : 21.529999999999983,
    "medianResTime" : 7.0,
    "minResTime" : 4.0,
    "maxResTime" : 522.0,
    "pct1ResTime" : 22.899999999999977,
    "pct2ResTime" : 77.69999999999959,
    "pct3ResTime" : 413.8800000000001,
    "throughput" : 16.327330318219666,
    "receivedKBytesPerSec" : 2488.857840741179,
    "sentKBytesPerSec" : 10.22623429514915
  },
  "Login-5" : {
    "transaction" : "Login-5",
    "sampleCount" : 1000,
    "errorCount" : 1,
    "errorPct" : 0.1,
    "meanResTime" : 17.784,
    "medianResTime" : 6.0,
    "minResTime" : 3.0,
    "maxResTime" : 563.0,
    "pct1ResTime" : 19.0,
    "pct2ResTime" : 52.899999999999864,
    "pct3ResTime" : 303.99,
    "throughput" : 16.328396714726583,
    "receivedKBytesPerSec" : 348.02957072645034,
    "sentKBytesPerSec" : 10.274691469841452
  },
  "Login-6" : {
    "transaction" : "Login-6",
    "sampleCount" : 1000,
    "errorCount" : 1,
    "errorPct" : 0.1,
    "meanResTime" : 18.90400000000001,
    "medianResTime" : 7.0,
    "minResTime" : 4.0,
    "maxResTime" : 565.0,
    "pct1ResTime" : 22.0,
    "pct2ResTime" : 56.74999999999966,
    "pct3ResTime" : 317.8700000000001,
    "throughput" : 16.327063740856843,
    "receivedKBytesPerSec" : 1388.3681182701885,
    "sentKBytesPerSec" : 10.146425061838753
  },
  "Logout-4" : {
    "transaction" : "Logout-4",
    "sampleCount" : 1000,
    "errorCount" : 0,
    "errorPct" : 0.0,
    "meanResTime" : 14.414,
    "medianResTime" : 5.0,
    "minResTime" : 3.0,
    "maxResTime" : 572.0,
    "pct1ResTime" : 18.0,
    "pct2ResTime" : 37.0,
    "pct3ResTime" : 285.7500000000002,
    "throughput" : 17.509761692143368,
    "receivedKBytesPerSec" : 642.0302951708078,
    "sentKBytesPerSec" : 10.516116641277513
  },
  "Login-7" : {
    "transaction" : "Login-7",
    "sampleCount" : 1000,
    "errorCount" : 0,
    "errorPct" : 0.0,
    "meanResTime" : 20.238,
    "medianResTime" : 6.0,
    "minResTime" : 3.0,
    "maxResTime" : 639.0,
    "pct1ResTime" : 21.0,
    "pct2ResTime" : 73.89999999999986,
    "pct3ResTime" : 413.7800000000002,
    "throughput" : 16.328663335619346,
    "receivedKBytesPerSec" : 117.50578136736227,
    "sentKBytesPerSec" : 10.1894686244734
  },
  "Logout-3" : {
    "transaction" : "Logout-3",
    "sampleCount" : 1000,
    "errorCount" : 0,
    "errorPct" : 0.0,
    "meanResTime" : 15.103999999999992,
    "medianResTime" : 6.0,
    "minResTime" : 4.0,
    "maxResTime" : 646.0,
    "pct1ResTime" : 20.0,
    "pct2ResTime" : 37.94999999999993,
    "pct3ResTime" : 300.7700000000011,
    "throughput" : 17.51006828926633,
    "receivedKBytesPerSec" : 1491.0233540535808,
    "sentKBytesPerSec" : 10.379503370688147
  },
  "Login-8" : {
    "transaction" : "Login-8",
    "sampleCount" : 1000,
    "errorCount" : 0,
    "errorPct" : 0.0,
    "meanResTime" : 15.167999999999992,
    "medianResTime" : 5.0,