{
  "Show Contact Page-6" : {
    "transaction" : "Show Contact Page-6",
    "sampleCount" : 1000,
    "errorCount" : 0,
    "errorPct" : 0.0,
    "meanResTime" : 6725.460999999996,
    "medianResTime" : 6547.5,
    "minResTime" : 17.0,
    "maxResTime" : 16143.0,
    "pct1ResTime" : 12537.5,
    "pct2ResTime" : 13057.3,
    "pct3ResTime" : 13884.68,
    "throughput" : 11.453835316755814,
    "receivedKBytesPerSec" : 82.4251098136461,
    "sentKBytesPerSec" : 6.599377770396417
  },
  "Show Contact Page-5" : {
    "transaction" : "Show Contact Page-5",
    "sampleCount" : 1000,
    "errorCount" : 0,
    "errorPct" : 0.0,
    "meanResTime" : 6757.439000000002,
    "medianResTime" : 6510.5,
    "minResTime" : 14.0,
    "maxResTime" : 15517.0,
    "pct1ResTime" : 12701.0,
    "pct2ResTime" : 13217.8,
    "pct3ResTime" : 14228.36,
    "throughput" : 11.697821865568631,
    "receivedKBytesPerSec" : 995.6856970732049,
    "sentKBytesPerSec" : 6.717108649369487
  },
  "Show Contact Page-4" : {
    "transaction" : "Show Contact Page-4",
    "sampleCount" : 1000,
    "errorCount" : 0,
    "errorPct" : 0.0,
    "meanResTime" : 6735.676000000004,
    "medianResTime" : 6501.5,
    "minResTime" : 20.0,
    "maxResTime" : 15661.0,
    "pct1ResTime" : 12626.9,
    "pct2ResTime" : 13134.55,
    "pct3ResTime" : 14140.92,
    "throughput" : 11.695906432748536,
    "receivedKBytesPerSec" : 249.50886330409358,
    "sentKBytesPerSec" : 6.807383040935672
  },
  "Show Contact Page-3" : {
    "transaction" : "Show Contact Page-3",
    "sampleCount" : 1000,
    "errorCount" : 0,
    "errorPct" : 0.0,
    "meanResTime" : 6681.188999999994,
    "medianResTime" : 6438.5,
    "minResTime" : 19.0,
    "maxResTime" : 15017.0,
    "pct1ResTime" : 12629.3,
    "pct2ResTime" : 13135.699999999999,
    "pct3ResTime" : 13992.300000000001,
    "throughput" : 11.786892975011787,
    "receivedKBytesPerSec" : 1798.5026041666665,
    "sentKBytesPerSec" : 6.825808138849599
  },
  "Show Contact Page-7" : {
    "transaction" : "Show Contact Page-7",
    "sampleCount" : 1000,
    "errorCount" : 118,
    "errorPct" : 11.8,
    "meanResTime" : 6465.935,
    "medianResTime" : 6244.5,
    "minResTime" : 4.0,
    "maxResTime" : 19654.0,
    "pct1ResTime" : 12699.6,
    "pct2ResTime" : 13135.9,
    "pct3ResTime" : 14074.380000000001,
    "throughput" : 11.729792499970674,
    "receivedKBytesPerSec" : 595.5222296062896,
    "sentKBytesPerSec" : 5.970991306757534
  },
  "Show Contact Page-2" : {
    "transaction" : "Show Contact Page-2",
    "sampleCount" : 1000,
    "errorCount" : 0,
    "errorPct" : 0.0,
    "meanResTime" : 6727.027000000003,
    "medianResTime" : 6501.5,
    "minResTime" : 14.0,
    "maxResTime" : 15902.0,
    "pct1ResTime" : 12687.9,
    "pct2ResTime" : 13191.949999999999,
    "pct3ResTime" : 14279.91,
    "throughput" : 11.682925404521292,
    "receivedKBytesPerSec" : 634.3349312167767,
    "sentKBytesPerSec" : 6.697145715287108
  },
  "Show Contact Page-1" : {
    "transaction" : "Show Contact Page-1",
    "sampleCount" : 1000,
    "errorCount" : 0,
    "errorPct" : 0.0,
    "meanResTime" : 127.49800000000027,
    "medianResTime" : 100.0,
    "minResTime" : 75.0,
    "maxResTime" : 1815.0,
    "pct1ResTime" : 129.0,
    "pct2ResTime" : 161.0,
    "pct3ResTime" : 1182.3900000000006,
    "throughput" : 13.675213675213675,
    "receivedKBytesPerSec" : 81.65064102564102,
    "sentKBytesPerSec" : 7.211538461538462
  },
  "Show Contact Page-0" : {
    "transaction" : "Show Contact Page-0",
    "sampleCount" : 1000,
    "errorCount" : 0,
    "errorPct" : 0.0,
    "meanResTime" : 5458.668000000011,
    "medianResTime" : 5390.5,
    "minResTime" : 12.0,
    "maxResTime" : 14193.0,
    "pct1ResTime" : 10260.699999999999,
    "pct2ResTime" : 10993.849999999999,
    "pct3ResTime" : 11723.460000000001,
    "throughput" : 13.671661380290931,
    "receivedKBytesPerSec" : 81.38910915454446,
    "sentKBytesPerSec" : 6.849181921962156
  },
  "Send Email-2" : {
    "transaction" : "Send Email-2",
    "sampleCount" : 1000,
    "errorCount" : 0,
    "errorPct" : 0.0,
    "meanResTime" : 6849.902999999992,
    "medianResTime" : 6418.0,
    "minResTime" : 30.0,
    "maxResTime" : 15571.0,
    "pct1ResTime" : 12254.199999999999,
    "pct2ResTime" : 12851.3,
    "pct3ResTime" : 14041.6,
    "throughput" : 10.097032482153494,
    "receivedKBytesPerSec" : 548.2274501711447,
    "sentKBytesPerSec" : 6.271203768212522
  },
  "Send Email-1" : {
    "transaction" : "Send Email-1",
    "sampleCount" : 1000,
    "errorCount" : 0,
    "errorPct" : 0.0,
    "meanResTime" : 7497.223000000002,
    "medianResTime" : 7266.5,
    "minResTime" : 25.0,
    "maxResTime" : 16114.0,
    "pct1ResTime" : 12857.699999999999,
    "pct2ResTime" : 13488.85,
    "pct3ResTime" : 14925.740000000002,
    "throughput" : 10.21293979471991,
    "receivedKBytesPerSec" : 60.73906577133227,
    "sentKBytesPerSec" : 6.343193075626819
  },
  "Show Contact Page" : {
    "transaction" : "Show Contact Page",
    "sampleCount" : 1000,
    "errorCount" : 118,
    "errorPct" : 11.8,
    "meanResTime" : 13239.240999999985,
    "medianResTime" : 13098.5,
    "minResTime" : 551.0,
    "maxResTime" : 30240.0,
    "pct1ResTime" : 23784.3,
    "pct2ResTime" : 24809.899999999998,
    "pct3ResTime" : 26249.59,
    "throughput" : 11.437329154895748,
    "receivedKBytesPerSec" : 4383.027329676724,
    "sentKBytesPerSec" : 50.577366204693874
  },
  "Send Email-4" : {
    "transaction" : "Send Email-4",
    "sampleCount" : 1000,
    "errorCount" : 0,
    "errorPct" : 0.0,
    "meanResTime" : 6872.2810000000045,
    "medianResTime" : 6516.0,
    "minResTime" : 33.0,
    "maxResTime" : 15981.0,
    "pct1ResTime" : 12370.8,
    "pct2ResTime" : 13058.649999999996,
    "pct3ResTime" : 14511.300000000001,
    "throughput" : 10.097644219603568,
    "receivedKBytesPerSec" : 215.41312302464834,
    "sentKBytesPerSec" : 6.360332540668262
  },
  "Send Email-3" : {
    "transaction" : "Send Email-3",
    "sampleCount" : 1000,
    "errorCount" : 0,
    "errorPct" : 0.0,
    "meanResTime" : 6879.870000000002,
    "medianResTime" : 6474.5,
    "minResTime" : 85.0,
    "maxResTime" : 21406.0,
    "pct1ResTime" : 12174.2,
    "pct2ResTime" : 12922.0,
    "pct3ResTime" : 14141.45,
    "throughput" : 10.098358006988063,
    "receivedKBytesPerSec" : 1540.8575620291642,
    "sentKBytesPerSec" : 6.331197109849938
  },
  "Send Email-6" : {
    "transaction" : "Send Email-6",
    "sampleCount" : 1000,
    "errorCount" : 0,
    "errorPct" : 0.0,
    "meanResTime" : 6989.568999999992,
    "medianResTime" : 6454.5,
    "minResTime" : 64.0,
    "maxResTime" : 23670.0,
    "pct1ResTime" : 12530.0,
    "pct2ResTime" : 13226.149999999998,
    "pct3ResTime" : 16318.900000000005,
    "throughput" : 10.095911155981828,
    "receivedKBytesPerSec" : 72.65309502776375,
    "sentKBytesPerSec" : 6.300085184250379
  },
  "Send Email-5" : {
    "transaction" : "Send Email-5",
    "sampleCount" : 1000,
    "errorCount" : 0,
    "errorPct" : 0.0,
    "meanResTime" : 6904.1280000000015,
    "medianResTime" : 6503.0,
    "minResTime" : 43.0,
    "maxResTime" : 22364.0,
    "pct1ResTime" : 12330.199999999999,
    "pct2ResTime" : 12921.449999999999,
    "pct3ResTime" : 14067.95,
    "throughput" : 10.098358006988063,
    "receivedKBytesPerSec" : 859.5438319229294,
    "sentKBytesPerSec" : 6.281888721143942
  },
  "Total" : {
    "transaction" : "Total",
    "sampleCount" : 18000,
    "errorCount" : 236,
    "errorPct" : 1.3111111,
    "meanResTime" : 7282.006555555581,
    "medianResTime" : 6371.0,
    "minResTime" : 4.0,
    "maxResTime" : 38593.0,
    "pct1ResTime" : 13267.9,
    "pct2ResTime" : 18584.700000000004,
    "pct3ResTime" : 27583.69000000005,