{
  "Login Welcome-1" : {
    "transaction" : "Login Welcome-1",
    "sampleCount" : 5274,
    "errorCount" : 2582,
    "errorPct" : 48.95715,
    "meanResTime" : 29752.61111111111,
    "medianResTime" : 7677.0,
    "minResTime" : 65.0,
    "maxResTime" : 108051.0,
    "pct1ResTime" : 72613.0,
    "pct2ResTime" : 74950.75,
    "pct3ResTime" : 79042.5,
    "throughput" : 22.532587658772712,
    "receivedKBytesPerSec" : 1398.5234067588149,
    "sentKBytesPerSec" : 6.929967641982218
  },
  "Login Welcome-0" : {
    "transaction" : "Login Welcome-0",
    "sampleCount" : 5274,
    "errorCount" : 0,
    "errorPct" : 0.0,
    "meanResTime" : 45102.78441410696,
    "medianResTime" : 50147.0,
    "minResTime" : 32.0,
    "maxResTime" : 111335.0,
    "pct1ResTime" : 73516.0,
    "pct2ResTime" : 75445.5,
    "pct3ResTime" : 97302.75,
    "throughput" : 34.71701094040049,
    "receivedKBytesPerSec" : 89.26747051374463,
    "sentKBytesPerSec" : 17.324602139203762
  },
  "Login" : {
    "transaction" : "Login",
    "sampleCount" : 10000,
    "errorCount" : 9273,
    "errorPct" : 92.73,
    "meanResTime" : 37507.17010000004,
    "medianResTime" : 4953.0,
    "minResTime" : 4024.0,
    "maxResTime" : 231847.0,
    "pct1ResTime" : 171943.9,
    "pct2ResTime" : 182050.04999999996,
    "pct3ResTime" : 193976.93,
    "throughput" : 27.294140766801593,
    "receivedKBytesPerSec" : 1440.7199249701127,
    "sentKBytesPerSec" : 24.05664252812661
  },
  "Login-0" : {
    "transaction" : "Login-0",
    "sampleCount" : 2378,
    "errorCount" : 0,
    "errorPct" : 0.0,
    "meanResTime" : 44239.15306980656,
    "medianResTime" : 50510.0,
    "minResTime" : 743.0,
    "maxResTime" : 97000.0,
    "pct1ResTime" : 78282.5,
    "pct2ResTime" : 81047.69999999997,
    "pct3ResTime" : 85607.05,
    "throughput" : 8.308903944458226,
    "receivedKBytesPerSec" : 3.5628516183232644,
    "sentKBytesPerSec" : 6.0732982120832
  },
  "Logout-2" : {
    "transaction" : "Logout-2",
    "sampleCount" : 2374,
    "errorCount" : 257,
    "errorPct" : 10.825611,
    "meanResTime" : 29853.962510530706,
    "medianResTime" : 27974.0,
    "minResTime" : 2.0,
    "maxResTime" : 73705.0,
    "pct1ResTime" : 54806.5,
    "pct2ResTime" : 56084.5,
    "pct3ResTime" : 58590.75,
    "throughput" : 8.155385165031467,
    "receivedKBytesPerSec" : 866.5556208261193,
    "sentKBytesPerSec" : 4.3819743153890816
  },
  "Login-1" : {
    "transaction" : "Login-1",
    "sampleCount" : 2378,
    "errorCount" : 214,
    "errorPct" : 8.999159,
    "meanResTime" : 55396.37636669471,
    "medianResTime" : 59393.5,
    "minResTime" : 2.0,
    "maxResTime" : 89663.0,
    "pct1ResTime" : 76269.2,
    "pct2ResTime" : 79091.2,
    "pct3ResTime" : 83179.94,
    "throughput" : 7.076706980287592,
    "receivedKBytesPerSec" : 32.10693917357573,
    "sentKBytesPerSec" : 3.9060494750127965
  },
  "Logout-1" : {
    "transaction" : "Logout-1",
    "sampleCount" : 2419,
    "errorCount" : 45,
    "errorPct" : 1.8602729,
    "meanResTime" : 46081.03307151719,
    "medianResTime" : 45192.0,
    "minResTime" : 2.0,
    "maxResTime" : 85736.0,
    "pct1ResTime" : 73335.0,
    "pct2ResTime" : 76149.0,
    "pct3ResTime" : 80820.20000000004,
    "throughput" : 6.616339815650556,
    "receivedKBytesPerSec" : 17.61472105265857,
    "sentKBytesPerSec" : 3.2846753542025655
  },
  "Login-2" : {
    "transaction" : "Login-2",
    "sampleCount" : 2164,
    "errorCount" : 11,
    "errorPct" : 0.50831795,
    "meanResTime" : 1118.8119223659903,
    "medianResTime" : 114.0,
    "minResTime" : 3.0,
    "maxResTime" : 57574.0,
    "pct1ResTime" : 239.5,
    "pct2ResTime" : 500.0,
    "pct3ResTime" : 47196.09999999999,
    "throughput" : 6.525639672511798,
    "receivedKBytesPerSec" : 53.48977789096543,
    "sentKBytesPerSec" : 3.744188007930884
  },
  "Logout-0" : {
    "transaction" : "Logout-0",
    "sampleCount" : 2419,
    "errorCount" : 0,
    "errorPct" : 0.0,
    "meanResTime" : 30202.22199255891,
    "medianResTime" : 31920.0,
    "minResTime" : 19.0,
    "maxResTime" : 88185.0,
    "pct1ResTime" : 65235.0,
    "pct2ResTime" : 73374.0,
    "pct3ResTime" : 77679.20000000006,
    "throughput" : 6.748236921978218,
    "receivedKBytesPerSec" : 2.962719604513982,
    "sentKBytesPerSec" : 3.7988146124854936
  },
  "Login-3" : {
    "transaction" : "Login-3",
    "sampleCount" : 2164,
    "errorCount" : 769,
    "errorPct" : 35.536045,
    "meanResTime" : 35299.981515711675,
    "medianResTime" : 48504.5,
    "minResTime" : 2.0,
    "maxResTime" : 85501.0,
    "pct1ResTime" : 60148.0,
    "pct2ResTime" : 70578.5,
    "pct3ResTime" : 76232.8,
    "throughput" : 6.0387214876909425,
    "receivedKBytesPerSec" : 220.99304105542285,
    "sentKBytesPerSec" : 2.42013658282034
  },
  "Login-4" : {
    "transaction" : "Login-4",
    "sampleCount" : 2164,
    "errorCount" : 866,
    "errorPct" : 40.018486,
    "meanResTime" : 32873.16035120149,
    "medianResTime" : 46000.5,
    "minResTime" : 2.0,
    "maxResTime" : 80253.0,
    "pct1ResTime" : 59507.0,
    "pct2ResTime" : 69957.75,
    "pct3ResTime" : 74994.09999999999,
    "throughput" : 6.0085407908839,
    "receivedKBytesPerSec" : 542.7240413128828,
    "sentKBytesPerSec" : 2.262112830553041
  },
  "Login-5" : {
    "transaction" : "Login-5",
    "sampleCount" : 2121,
    "errorCount" : 899,
    "errorPct" : 42.385666,
    "meanResTime" : 31888.92126355498,
    "medianResTime" : 42753.0,
    "minResTime" : 2.0,
    "maxResTime" : 80287.0,
    "pct1ResTime" : 59607.2,
    "pct2ResTime" : 69407.49999999999,
    "pct3ResTime" : 75877.66000000003,
    "throughput" : 5.909905291050993,
    "receivedKBytesPerSec" : 79.5585936085043,
    "sentKBytesPerSec" : 2.1447210610383713
  },
  "Login-6" : {
    "transaction" : "Login-6",
    "sampleCount" : 2121,
    "errorCount" : 940,
    "errorPct" : 44.318718,
    "meanResTime" : 30704.0504479019,
    "medianResTime" : 33307.0,
    "minResTime" : 2.0,
    "maxResTime" : 107057.0,
    "pct1ResTime" : 58546.0,
    "pct2ResTime" : 67433.2,
    "pct3ResTime" : 75611.52000000003,
    "throughput" : 5.919306539703449,
    "receivedKBytesPerSec" : 287.80514774370045,
    "sentKBytesPerSec" : 2.0503100283895077
  },
  "Logout-4" : {
    "transaction" : "Logout-4",
    "sampleCount" : 2374,
    "errorCount" : 328,
    "errorPct" : 13.816343,
    "meanResTime" : 28363.665543386673,
    "medianResTime" : 27326.0,
    "minResTime" : 2.0,
    "maxResTime" : 75855.0,
    "pct1ResTime" : 54810.5,
    "pct2ResTime" : 56549.5,
    "pct3ResTime" : 59617.0,
    "throughput" : 8.155133027601725,
    "receivedKBytesPerSec" : 260.6869058200649,
    "sentKBytesPerSec" : 4.221153288761787
  },
  "Login-7" : {
    "transaction" : "Login-7",
    "sampleCount" : 2121,
    "errorCount" : 978,
    "errorPct" : 46.110325,
    "meanResTime" : 29874.9509665252,
    "medianResTime" : 27943.0,
    "minResTime" : 2.0,
    "maxResTime" : 106072.0,
    "pct1ResTime" : 58875.799999999996,
    "pct2ResTime" : 66471.99999999997,
    "pct3ResTime" : 75360.26000000007,
    "throughput" : 5.909049119493176,
    "receivedKBytesPerSec" : 30.461994015033113,
    "sentKBytesPerSec" : 1.987119858312369
  },
  "Logout-3" : {
    "transaction" : "Logout-3",
    "sampleCount" : 2374,
    "errorCount" : 291,
    "errorPct" : 12.257792,
    "meanResTime" : 29191.549705139016,
    "medianResTime" : 27658.0,
    "minResTime" : 2.0,
    "maxResTime" : 75539.0,
    "pct1ResTime" : 55007.0,
    "pct2ResTime" : 56550.25,
    "pct3ResTime" : 59534.0,
    "throughput" : 8.15572137252477,
    "receivedKBytesPerSec" : 611.9843634322481,
    "sentKBytesPerSec" : 4.24189261626369
  },
  "Login-8" : {
    "transaction" : "Login-8",
    "sampleCount" : 2121,