{
  "Login" : {
    "transaction" : "Login",
    "sampleCount" : 1000,
    "errorCount" : 354,
    "errorPct" : 35.4,
    "meanResTime" : 2615.9539999999997,
    "medianResTime" : 1988.0,
    "minResTime" : 3.0,
    "maxResTime" : 9650.0,
    "pct1ResTime" : 5440.8,
    "pct2ResTime" : 6489.199999999995,
    "pct3ResTime" : 9192.350000000002,
    "throughput" : 15.351079180866416,
    "receivedKBytesPerSec" : 2889.6468784060207,
    "sentKBytesPerSec" : 58.32629042610758
  },
  "Login-0" : {
    "transaction" : "Login-0",
    "sampleCount" : 794,
    "errorCount" : 0,
    "errorPct" : 0.0,
    "meanResTime" : 1180.05919395466,
    "medianResTime" : 720.0,
    "minResTime" : 283.0,
    "maxResTime" : 4384.0,
    "pct1ResTime" : 3310.5,
    "pct2ResTime" : 4077.25,
    "pct3ResTime" : 4322.349999999999,
    "throughput" : 12.234772023360094,
    "receivedKBytesPerSec" : 7.443616182180994,
    "sentKBytesPerSec" : 9.68984385834476
  },
  "Login-1" : {
    "transaction" : "Login-1",
    "sampleCount" : 794,
    "errorCount" : 0,
    "errorPct" : 0.0,
    "meanResTime" : 80.41687657430724,
    "medianResTime" : 23.5,
    "minResTime" : 8.0,
    "maxResTime" : 2803.0,
    "pct1ResTime" : 146.0,
    "pct2ResTime" : 311.75,
    "pct3ResTime" : 950.0999999999999,
    "throughput" : 12.543047613029604,
    "receivedKBytesPerSec" : 56.16198565013744,
    "sentKBytesPerSec" : 8.36611476533127
  },
  "Login-2" : {
    "transaction" : "Login-2",
    "sampleCount" : 794,
    "errorCount" : 0,
    "errorPct" : 0.0,
    "meanResTime" : 215.30478589420676,
    "medianResTime" : 150.0,
    "minResTime" : 78.0,
    "maxResTime" : 2360.0,
    "pct1ResTime" : 343.0,
    "pct2ResTime" : 574.75,
    "pct3ResTime" : 1234.2999999999643,
    "throughput" : 12.53908594169483,
    "receivedKBytesPerSec" : 74.86715961672088,
    "sentKBytesPerSec" : 7.212423456697514
  },
  "Login-3" : {
    "transaction" : "Login-3",
    "sampleCount" : 794,
    "errorCount" : 47,
    "errorPct" : 5.9193954,
    "meanResTime" : 604.2972292191433,
    "medianResTime" : 41.5,
    "minResTime" : 2.0,
    "maxResTime" : 4991.0,
    "pct1ResTime" : 2015.0,
    "pct2ResTime" : 4479.25,
    "pct3ResTime" : 4805.599999999999,
    "throughput" : 12.553359683794465,
    "receivedKBytesPerSec" : 640.5278223814229,
    "sentKBytesPerSec" : 8.131098690711463
  },
  "Welcome-3" : {
    "transaction" : "Welcome-3",
    "sampleCount" : 794,
    "errorCount" : 47,
    "errorPct" : 5.9193954,
    "meanResTime" : 578.625944584383,
    "medianResTime" : 72.5,
    "minResTime" : 2.0,
    "maxResTime" : 5162.0,
    "pct1ResTime" : 1908.0,
    "pct2ResTime" : 4353.5,
    "pct3ResTime" : 4800.1,
    "throughput" : 12.052216150576806,
    "receivedKBytesPerSec" : 647.9549405642836,
    "sentKBytesPerSec" : 6.82099556010929
  },
  "Login-4" : {
    "transaction" : "Login-4",
    "sampleCount" : 794,
    "errorCount" : 57,
    "errorPct" : 7.178841,
    "meanResTime" : 706.4622166246845,
    "medianResTime" : 84.5,
    "minResTime" : 3.0,
    "maxResTime" : 5058.0,
    "pct1ResTime" : 2316.5,
    "pct2ResTime" : 4490.0,
    "pct3ResTime" : 4745.05,
    "throughput" : 12.55296275216594,
    "receivedKBytesPerSec" : 1777.7301014197178,
    "sentKBytesPerSec" : 8.090267279097894
  },
  "Login-5" : {
    "transaction" : "Login-5",
    "sampleCount" : 794,
    "errorCount" : 76,
    "errorPct" : 9.571789,
    "meanResTime" : 867.6120906801012,
    "medianResTime" : 120.5,
    "minResTime" : 2.0,
    "maxResTime" : 5246.0,
    "pct1ResTime" : 3006.5,
    "pct2ResTime" : 4531.5,
    "pct3ResTime" : 4782.599999999999,
    "throughput" : 12.542849470009319,
    "receivedKBytesPerSec" : 242.76992327575314,
    "sentKBytesPerSec" : 7.908578088716175
  },
  "Login-6" : {
    "transaction" : "Login-6",
    "sampleCount" : 794,
    "errorCount" : 86,
    "errorPct" : 10.831234,
    "meanResTime" : 1024.513853904282,
    "medianResTime" : 289.0,
    "minResTime" : 2.0,
    "maxResTime" : 4995.0,
    "pct1ResTime" : 4313.0,
    "pct2ResTime" : 4581.25,
    "pct3ResTime" : 4792.949999999997,
    "throughput" : 12.508664692167118,
    "receivedKBytesPerSec" : 124.46213369521551,
    "sentKBytesPerSec" : 7.710745252142543
  },
  "Login-7" : {
    "transaction" : "Login-7",
    "sampleCount" : 89,
    "errorCount" : 15,
    "errorPct" : 16.853933,
    "meanResTime" : 1473.011235955056,
    "medianResTime" : 796.0,
    "minResTime" : 1.0,
    "maxResTime" : 5247.0,
    "pct1ResTime" : 4573.0,
    "pct2ResTime" : 4658.5,
    "pct3ResTime" : 5247.0,
    "throughput" : 1.6568311707653072,
    "receivedKBytesPerSec" : 48.55635567534486,
    "sentKBytesPerSec" : 0.953219680222276
  },
  "Total" : {
    "transaction" : "Total",
    "sampleCount" : 10823,
    "errorCount" : 1019,
    "errorPct" : 9.415134,
    "meanResTime" : 994.0874064492257,
    "medianResTime" : 221.0,
    "minResTime" : 1.0,
    "maxResTime" : 9650.0,
    "pct1ResTime" : 3387.4000000000015,
    "pct2ResTime" : 4610.0,
    "pct3ResTime" : 5670.120000000008,
    "throughput" : 162.36123612361237,
    "receivedKBytesPerSec" : 12302.3166769802,
    "sentKBytesPerSec" : 163.98207203532854
  },
  "Welcome" : {
    "transaction" : "Welcome",
    "sampleCount" : 1000,
    "errorCount" : 295,
    "errorPct" : 29.5,
    "meanResTime" : 2548.503000000001,
    "medianResTime" : 2148.5,
    "minResTime" : 114.0,
    "maxResTime" : 8976.0,
    "pct1ResTime" : 4835.8,
    "pct2ResTime" : 5436.149999999999,
    "pct3ResTime" : 6627.59,
    "throughput" : 15.157716035347795,
    "receivedKBytesPerSec" : 3370.9949287966288,
    "sentKBytesPerSec" : 26.140310240552953
  },
  "Welcome-0" : {
    "transaction" : "Welcome-0",
    "sampleCount" : 794,
    "errorCount" : 0,
    "errorPct" : 0.0,
    "meanResTime" : 876.8073047858944,
    "medianResTime" : 684.0,
    "minResTime" : 4.0,
    "maxResTime" : 4027.0,
    "pct1ResTime" : 2151.5,
    "pct2ResTime" : 2515.25,
    "pct3ResTime" : 3193.0499999999975,
    "throughput" : 12.81761534239499,
    "receivedKBytesPerSec" : 31.993969546056242,
    "sentKBytesPerSec" : 6.408807671197494
  },
  "Welcome-1" : {
    "transaction" : "Welcome-1",
    "sampleCount" : 794,
    "errorCount" : 0,
    "errorPct" : 0.0,
    "meanResTime" : 251.02896725440812,
    "medianResTime" : 150.0,
    "minResTime" : 79.0,
    "maxResTime" : 3062.0,
    "pct1ResTime" : 571.0,
    "pct2ResTime" : 884.25,
    "pct3ResTime" : 2041.299999999997,
    "throughput" : 12.789330412512284,
    "receivedKBytesPerSec" : 1823.5076618699966,
    "sentKBytesPerSec" : 6.894248425494903
  },
  "Welcome-2" : {
    "transaction" : "Welcome-2",
    "sampleCount" : 794,
    "errorCount" : 42,
    "errorPct" : 5.2896724,
    "meanResTime" : 495.79471032745676,
    "medianResTime" : 51.0,
    "minResTime" : 2.0,
    "maxResTime" : 5018.0,
    "pct1ResTime" : 1639.0,
    "pct2ResTime" : 4310.75,
    "pct3ResTime" : 4728.449999999999,
    "throughput" : 12.074760101586143,
    "receivedKBytesPerSec" : 972.4948187550374,
    "sentKBytesPerSec" : 6.8459916814939845
  }
}