{
  "Login Welcome-1" : {
    "transaction" : "Login Welcome-1",
    "sampleCount" : 100,
    "errorCount" : 0,
    "errorPct" : 0.0,
    "meanResTime" : 4833.110000000001,
    "medianResTime" : 4388.5,
    "minResTime" : 691.0,
    "maxResTime" : 15043.0,
    "pct1ResTime" : 8415.800000000001,
    "pct2ResTime" : 9890.699999999999,
    "pct3ResTime" : 15004.08999999998,
    "throughput" : 6.067224851352991,
    "receivedKBytesPerSec" : 720.7792023116127,
    "sentKBytesPerSec" : 4.6926192209683295
  },
  "Login Welcome-0" : {
    "transaction" : "Login Welcome-0",
    "sampleCount" : 100,
    "errorCount" : 0,
    "errorPct" : 0.0,
    "meanResTime" : 3595.5299999999997,
    "medianResTime" : 3110.5,
    "minResTime" : 1742.0,
    "maxResTime" : 12396.0,
    "pct1ResTime" : 5694.6,
    "pct2ResTime" : 6709.449999999997,
    "pct3ResTime" : 12360.179999999982,
    "throughput" : 8.067118425298483,
    "receivedKBytesPerSec" : 23.91207345111326,
    "sentKBytesPerSec" : 4.112339666021297
  },
  "Login" : {
    "transaction" : "Login",
    "sampleCount" : 100,
    "errorCount" : 4,
    "errorPct" : 4.0,
    "meanResTime" : 34801.340000000004,
    "medianResTime" : 40987.0,
    "minResTime" : 6027.0,
    "maxResTime" : 55878.0,
    "pct1ResTime" : 50687.700000000004,
    "pct2ResTime" : 52355.24999999999,
    "pct3ResTime" : 55877.1,
    "throughput" : 1.530596626565035,
    "receivedKBytesPerSec" : 591.8083245802338,
    "sentKBytesPerSec" : 10.711784828726238
  },
  "Login-0" : {
    "transaction" : "Login-0",
    "sampleCount" : 100,
    "errorCount" : 0,
    "errorPct" : 0.0,
    "meanResTime" : 24332.75999999999,
    "medianResTime" : 28638.5,
    "minResTime" : 3472.0,
    "maxResTime" : 42438.0,
    "pct1ResTime" : 36034.700000000004,
    "pct2ResTime" : 36559.95,
    "pct3ResTime" : 42385.81999999997,
    "throughput" : 1.9228180821812448,
    "receivedKBytesPerSec" : 1.0102305939585057,
    "sentKBytesPerSec" : 1.7369206308766127
  },
  "Logout-2" : {
    "transaction" : "Logout-2",
    "sampleCount" : 100,
    "errorCount" : 0,
    "errorPct" : 0.0,
    "meanResTime" : 2231.3199999999997,
    "medianResTime" : 1890.5,
    "minResTime" : 320.0,
    "maxResTime" : 5272.0,
    "pct1ResTime" : 4208.8,
    "pct2ResTime" : 4594.749999999996,
    "pct3ResTime" : 5270.919999999999,
    "throughput" : 1.6858857643806056,
    "receivedKBytesPerSec" : 200.2812531610358,
    "sentKBytesPerSec" : 1.3039272708881247
  },
  "Login-1" : {
    "transaction" : "Login-1",
    "sampleCount" : 100,
    "errorCount" : 0,
    "errorPct" : 0.0,
    "meanResTime" : 3988.8699999999985,
    "medianResTime" : 2959.0,
    "minResTime" : 547.0,
    "maxResTime" : 18960.0,
    "pct1ResTime" : 8551.000000000002,
    "pct2ResTime" : 9852.399999999996,
    "pct3ResTime" : 18913.719999999976,
    "throughput" : 1.7122114923635368,
    "receivedKBytesPerSec" : 8.208348582716937,
    "sentKBytesPerSec" : 1.330976902266968
  },
  "Logout-1" : {
    "transaction" : "Logout-1",
    "sampleCount" : 100,
    "errorCount" : 0,
    "errorPct" : 0.0,
    "meanResTime" : 1767.1299999999999,
    "medianResTime" : 1165.5,
    "minResTime" : 284.0,
    "maxResTime" : 8333.0,
    "pct1ResTime" : 3236.1000000000004,
    "pct2ResTime" : 5572.149999999995,
    "pct3ResTime" : 8327.789999999997,
    "throughput" : 1.6748174448985063,
    "receivedKBytesPerSec" : 4.5922545712048635,
    "sentKBytesPerSec" : 1.1465303016346218
  },
  "Login-2" : {
    "transaction" : "Login-2",
    "sampleCount" : 100,
    "errorCount" : 0,
    "errorPct" : 0.0,
    "meanResTime" : 107.34,
    "medianResTime" : 107.0,
    "minResTime" : 80.0,
    "maxResTime" : 162.0,
    "pct1ResTime" : 121.0,
    "pct2ResTime" : 129.69999999999993,
    "pct3ResTime" : 161.88999999999993,
    "throughput" : 1.7252385142245916,
    "receivedKBytesPerSec" : 10.300886988251126,
    "sentKBytesPerSec" : 0.9923491063264496
  },
  "Logout-0" : {
    "transaction" : "Logout-0",
    "sampleCount" : 100,
    "errorCount" : 0,
    "errorPct" : 0.0,
    "meanResTime" : 2570.4100000000003,
    "medianResTime" : 1895.0,
    "minResTime" : 274.0,
    "maxResTime" : 13065.0,
    "pct1ResTime" : 5007.7,
    "pct2ResTime" : 7426.949999999981,
    "pct3ResTime" : 13027.479999999981,
    "throughput" : 1.6734721199544815,
    "receivedKBytesPerSec" : 0.9004718145458197,
    "sentKBytesPerSec" : 1.2305903382087153
  },
  "Login-3" : {
    "transaction" : "Login-3",
    "sampleCount" : 100,
    "errorCount" : 0,
    "errorPct" : 0.0,
    "meanResTime" : 3550.7000000000003,
    "medianResTime" : 2889.5,
    "minResTime" : 291.0,
    "maxResTime" : 14100.0,
    "pct1ResTime" : 7677.000000000001,
    "pct2ResTime" : 9419.6,
    "pct3ResTime" : 14092.469999999996,
    "throughput" : 1.6780775943079607,
    "receivedKBytesPerSec" : 91.0488194724124,
    "sentKBytesPerSec" : 1.3290243447106995
  },
  "Login-4" : {
    "transaction" : "Login-4",
    "sampleCount" : 100,
    "errorCount" : 0,
    "errorPct" : 0.0,
    "meanResTime" : 3987.0799999999995,
    "medianResTime" : 2916.5,
    "minResTime" : 373.0,
    "maxResTime" : 12322.0,
    "pct1ResTime" : 8784.700000000004,
    "pct2ResTime" : 10595.65,
    "pct3ResTime" : 12320.429999999998,
    "throughput" : 1.6678619677435493,
    "receivedKBytesPerSec" : 254.4271311106293,
    "sentKBytesPerSec" : 1.3307062769985156
  },
  "Login-5" : {
    "transaction" : "Login-5",
    "sampleCount" : 100,
    "errorCount" : 0,
    "errorPct" : 0.0,
    "meanResTime" : 4152.93,
    "medianResTime" : 3277.5,
    "minResTime" : 485.0,
    "maxResTime" : 14371.0,
    "pct1ResTime" : 8559.1,
    "pct2ResTime" : 9257.949999999997,
    "pct3ResTime" : 14365.369999999997,
    "throughput" : 1.6625933130496948,
    "receivedKBytesPerSec" : 35.40479471129067,
    "sentKBytesPerSec" : 1.331373551465576
  },
  "Login-6" : {
    "transaction" : "Login-6",
    "sampleCount" : 100,
    "errorCount" : 0,
    "errorPct" : 0.0,
    "meanResTime" : 3433.470000000001,
    "medianResTime" : 2834.0,
    "minResTime" : 278.0,
    "maxResTime" : 10867.0,
    "pct1ResTime" : 7376.600000000006,
    "pct2ResTime" : 8463.749999999996,
    "pct3ResTime" : 10854.859999999993,
    "throughput" : 1.6848915772270054,
    "receivedKBytesPerSec" : 143.3490616206972,
    "sentKBytesPerSec" : 1.336066367879227
  },
  "Logout-4" : {
    "transaction" : "Logout-4",
    "sampleCount" : 100,
    "errorCount" : 0,
    "errorPct" : 0.0,
    "meanResTime" : 2196.459999999999,
    "medianResTime" : 1709.0,
    "minResTime" : 235.0,
    "maxResTime" : 11634.0,
    "pct1ResTime" : 4117.500000000001,
    "pct2ResTime" : 4599.349999999999,
    "pct3ResTime" : 11589.889999999978,
    "throughput" : 1.6825669240994061,
    "receivedKBytesPerSec" : 61.630586122188014,
    "sentKBytesPerSec" : 1.2980740918345026
  },
  "Login-7" : {
    "transaction" : "Login-7",
    "sampleCount" : 100,
    "errorCount" : 0,
    "errorPct" : 0.0,
    "meanResTime" : 3513.6999999999994,
    "medianResTime" : 2853.0,
    "minResTime" : 453.0,
    "maxResTime" : 11336.0,
    "pct1ResTime" : 7030.4,
    "pct2ResTime" : 8210.8,
    "pct3ResTime" : 11316.71999999999,
    "throughput" : 1.639881928501148,
    "receivedKBytesPerSec" : 11.738607945227944,
    "sentKBytesPerSec" : 1.3035780173827485
  },
  "Logout-3" : {
    "transaction" : "Logout-3",
    "sampleCount" : 100,
    "errorCount" : 0,
    "errorPct" : 0.0,
    "meanResTime" : 2151.4499999999994,
    "medianResTime" : 1684.5,
    "minResTime" : 290.0,
    "maxResTime" : 11079.0,
    "pct1ResTime" : 4662.000000000002,
    "pct2ResTime" : 5175.899999999999,
    "pct3ResTime" : 11038.89999999998,
    "throughput" : 1.685260709831811,
    "receivedKBytesPerSec" : 143.43971453790152,
    "sentKBytesPerSec" : 1.28698620614109
  },
  "Login-8" : {
    "transaction" : "Login-8",
    "sampleCount" : 100,
    "errorCount" : 4,
    "errorPct" : 4.0,
    "meanResTime" : 3681.0399999999995,
    "medianResTime" : 3017.5,