{
  "Login Welcome-1" : {
    "transaction" : "Login Welcome-1",
    "sampleCount" : 3000,
    "errorCount" : 555,
    "errorPct" : 18.5,
    "meanResTime" : 31591.720999999932,
    "medianResTime" : 37213.5,
    "minResTime" : 0.0,
    "maxResTime" : 67577.0,
    "pct1ResTime" : 58280.5,
    "pct2ResTime" : 59393.399999999994,
    "pct3ResTime" : 61310.73999999999,
    "throughput" : 18.235419262681212,
    "receivedKBytesPerSec" : 1773.4720653796767,
    "sentKBytesPerSec" : 8.95485522786676
  },
  "Login Welcome-0" : {
    "transaction" : "Login Welcome-0",
    "sampleCount" : 3000,
    "errorCount" : 0,
    "errorPct" : 0.0,
    "meanResTime" : 29728.883666666643,
    "medianResTime" : 30259.5,
    "minResTime" : 169.0,
    "maxResTime" : 56386.0,
    "pct1ResTime" : 50946.7,
    "pct2ResTime" : 53000.75,
    "pct3ResTime" : 54313.78999999999,
    "throughput" : 25.840906154442482,
    "receivedKBytesPerSec" : 66.36873358025755,
    "sentKBytesPerSec" : 12.895217817304793
  },
  "Login" : {
    "transaction" : "Login",
    "sampleCount" : 3000,
    "errorCount" : 2502,
    "errorPct" : 83.4,
    "meanResTime" : 80049.3493333334,
    "medianResTime" : 85378.5,
    "minResTime" : 0.0,
    "maxResTime" : 146526.0,
    "pct1ResTime" : 115668.90000000001,
    "pct2ResTime" : 121276.95,
    "pct3ResTime" : 137770.74,
    "throughput" : 11.127390070658928,
    "receivedKBytesPerSec" : 1961.3216593778398,
    "sentKBytesPerSec" : 32.53981012152037
  },
  "Login-0" : {
    "transaction" : "Login-0",
    "sampleCount" : 2836,
    "errorCount" : 0,
    "errorPct" : 0.0,
    "meanResTime" : 18057.019040902698,
    "medianResTime" : 5980.0,
    "minResTime" : 226.0,
    "maxResTime" : 64843.0,
    "pct1ResTime" : 45694.50000000001,
    "pct2ResTime" : 49482.45,
    "pct3ResTime" : 57917.18000000001,
    "throughput" : 13.400683264739097,
    "receivedKBytesPerSec" : 4.974054191021164,
    "sentKBytesPerSec" : 9.814953563041332
  },
  "Logout-2" : {
    "transaction" : "Logout-2",
    "sampleCount" : 2055,
    "errorCount" : 397,
    "errorPct" : 19.318735,
    "meanResTime" : 19594.32068126522,
    "medianResTime" : 15106.0,
    "minResTime" : 1.0,
    "maxResTime" : 65562.0,
    "pct1ResTime" : 40906.40000000001,
    "pct2ResTime" : 49619.19999999998,
    "pct3ResTime" : 55106.68000000001,
    "throughput" : 8.061384204394338,
    "receivedKBytesPerSec" : 776.8105843179598,
    "sentKBytesPerSec" : 3.9189301920413935
  },
  "Login-1" : {
    "transaction" : "Login-1",
    "sampleCount" : 2836,
    "errorCount" : 112,
    "errorPct" : 3.9492242,
    "meanResTime" : 37906.54724964744,
    "medianResTime" : 41839.5,
    "minResTime" : 0.0,
    "maxResTime" : 62756.0,
    "pct1ResTime" : 55594.5,
    "pct2ResTime" : 58430.8,
    "pct3ResTime" : 60801.63,
    "throughput" : 11.77980569135746,
    "receivedKBytesPerSec" : 39.076814744538964,
    "sentKBytesPerSec" : 6.938696191812287
  },
  "Logout-1" : {
    "transaction" : "Logout-1",
    "sampleCount" : 2106,
    "errorCount" : 51,
    "errorPct" : 2.4216523,
    "meanResTime" : 30848.527540360807,
    "medianResTime" : 32154.5,
    "minResTime" : 0.0,
    "maxResTime" : 63599.0,
    "pct1ResTime" : 50377.6,
    "pct2ResTime" : 51524.649999999994,
    "pct3ResTime" : 58442.03999999999,
    "throughput" : 7.902201810076996,
    "receivedKBytesPerSec" : 20.93402068371306,
    "sentKBytesPerSec" : 3.90059966539466
  },
  "Login-2" : {
    "transaction" : "Login-2",
    "sampleCount" : 2724,
    "errorCount" : 588,
    "errorPct" : 21.585903,
    "meanResTime" : 16870.926578560964,
    "medianResTime" : 114.0,
    "minResTime" : 0.0,
    "maxResTime" : 53894.0,
    "pct1ResTime" : 49388.0,
    "pct2ResTime" : 50299.75,
    "pct3ResTime" : 51197.25,
    "throughput" : 10.370505733473433,
    "receivedKBytesPerSec" : 543.2704542307209,
    "sentKBytesPerSec" : 5.003233942181765
  },
  "Logout-0" : {
    "transaction" : "Logout-0",
    "sampleCount" : 2106,
    "errorCount" : 0,
    "errorPct" : 0.0,
    "meanResTime" : 10036.79487179489,
    "medianResTime" : 2269.0,
    "minResTime" : 25.0,
    "maxResTime" : 67711.0,
    "pct1ResTime" : 38817.09999999999,
    "pct2ResTime" : 50437.349999999984,
    "pct3ResTime" : 59149.589999999975,
    "throughput" : 8.168964915342992,
    "receivedKBytesPerSec" : 3.6058321696631173,
    "sentKBytesPerSec" : 4.610997774480712
  },
  "Login-3" : {
    "transaction" : "Login-3",
    "sampleCount" : 2724,
    "errorCount" : 941,
    "errorPct" : 34.54479,
    "meanResTime" : 26127.252569750337,
    "medianResTime" : 32288.5,
    "minResTime" : 0.0,
    "maxResTime" : 66709.0,
    "pct1ResTime" : 50449.0,
    "pct2ResTime" : 54354.75,
    "pct3ResTime" : 59527.75,
    "throughput" : 10.352258000767678,
    "receivedKBytesPerSec" : 511.4923708093593,
    "sentKBytesPerSec" : 4.294023224173511
  },
  "Login-4" : {
    "transaction" : "Login-4",
    "sampleCount" : 2724,
    "errorCount" : 957,
    "errorPct" : 35.13216,
    "meanResTime" : 25935.864170337736,
    "medianResTime" : 32226.0,
    "minResTime" : 0.0,
    "maxResTime" : 67627.0,
    "pct1ResTime" : 50493.0,
    "pct2ResTime" : 54372.0,
    "pct3ResTime" : 59791.25,
    "throughput" : 10.3509598577313,
    "receivedKBytesPerSec" : 529.3501294285597,
    "sentKBytesPerSec" : 4.303036497678254
  },
  "Login-5" : {
    "transaction" : "Login-5",
    "sampleCount" : 998,
    "errorCount" : 387,
    "errorPct" : 38.777554,
    "meanResTime" : 24175.08016032066,
    "medianResTime" : 26422.0,
    "minResTime" : 1.0,
    "maxResTime" : 67862.0,
    "pct1ResTime" : 55610.1,
    "pct2ResTime" : 58584.7,
    "pct3ResTime" : 60739.93,
    "throughput" : 4.485554536792334,
    "receivedKBytesPerSec" : 62.37147536484458,
    "sentKBytesPerSec" : 1.7297628608556712
  },
  "Login-6" : {
    "transaction" : "Login-6",
    "sampleCount" : 998,
    "errorCount" : 396,
    "errorPct" : 39.67936,
    "meanResTime" : 23753.51603206411,
    "medianResTime" : 25128.5,
    "minResTime" : 0.0,
    "maxResTime" : 67633.0,
    "pct1ResTime" : 55443.3,
    "pct2ResTime" : 58447.49999999999,
    "pct3ResTime" : 61512.229999999996,
    "throughput" : 4.4847079547395,
    "receivedKBytesPerSec" : 234.15747705968528,
    "sentKBytesPerSec" : 1.6828274696226195
  },
  "Logout-4" : {
    "transaction" : "Logout-4",
    "sampleCount" : 2055,
    "errorCount" : 430,
    "errorPct" : 20.924574,
    "meanResTime" : 19216.82579075421,
    "medianResTime" : 14280.0,
    "minResTime" : 1.0,
    "maxResTime" : 66579.0,
    "pct1ResTime" : 40580.00000000001,
    "pct2ResTime" : 49504.39999999998,
    "pct3ResTime" : 56229.72000000003,
    "throughput" : 8.061415827834832,
    "receivedKBytesPerSec" : 237.95633317012724,
    "sentKBytesPerSec" : 3.8284944509116654
  },
  "Login-7" : {
    "transaction" : "Login-7",
    "sampleCount" : 998,
    "errorCount" : 404,
    "errorPct" : 40.48096,
    "meanResTime" : 23570.461923847717,
    "medianResTime" : 24765.0,
    "minResTime" : 0.0,
    "maxResTime" : 76668.0,
    "pct1ResTime" : 55597.5,
    "pct2ResTime" : 58579.94999999999,
    "pct3ResTime" : 62006.709999999985,
    "throughput" : 4.4856553416604115,
    "receivedKBytesPerSec" : 23.185049330129402,
    "sentKBytesPerSec" : 1.666029574199841
  },
  "Logout-3" : {
    "transaction" : "Logout-3",
    "sampleCount" : 2055,
    "errorCount" : 409,
    "errorPct" : 19.902676,
    "meanResTime" : 19561.527980535262,
    "medianResTime" : 14816.0,
    "minResTime" : 1.0,
    "maxResTime" : 67566.0,
    "pct1ResTime" : 40289.00000000001,
    "pct2ResTime" : 49568.79999999999,
    "pct3ResTime" : 55718.48,
    "throughput" : 8.06094150227707,
    "receivedKBytesPerSec" : 553.8130131863078,
    "sentKBytesPerSec" : 3.8273000283407796
  },
  "Login-8" : {
    "transaction" : "Login-8",
    "sampleCount" : 998,
    "errorCount" : 488,
    "errorPct" : 48.897797,
    "meanResTime" : 21807.310621242486,
    "medianResTime" : 17394.0,
    "minResTime" : 0.0,