{
  "Registration" : {
    "transaction" : "Registration",
    "sampleCount" : 7000,
    "errorCount" : 2098,
    "errorPct" : 29.971428,
    "meanResTime" : 19171.91914285714,
    "medianResTime" : 14553.0,
    "minResTime" : 259.0,
    "maxResTime" : 52010.0,
    "pct1ResTime" : 43629.8,
    "pct2ResTime" : 47158.95,
    "pct3ResTime" : 50673.869999999995,
    "throughput" : 51.776296811319774,
    "receivedKBytesPerSec" : 136.84089525377783,
    "sentKBytesPerSec" : 33.42200409402575
  },
  "Total" : {
    "transaction" : "Total",
    "sampleCount" : 39902,
    "errorCount" : 2098,
    "errorPct" : 5.2578816,
    "meanResTime" : 8533.673600320784,
    "medianResTime" : 10924.0,
    "minResTime" : 1.0,
    "maxResTime" : 52010.0,
    "pct1ResTime" : 37213.0,
    "pct2ResTime" : 44854.95,
    "pct3ResTime" : 50515.98,
    "throughput" : 293.6583283656783,
    "receivedKBytesPerSec" : 16441.767439918975,
    "sentKBytesPerSec" : 219.34167703894644
  },
  "Welcome" : {
    "transaction" : "Welcome",
    "sampleCount" : 7000,
    "errorCount" : 0,
    "errorPct" : 0.0,
    "meanResTime" : 8067.601571428555,
    "medianResTime" : 8792.5,
    "minResTime" : 3.0,
    "maxResTime" : 21161.0,
    "pct1ResTime" : 15768.900000000005,
    "pct2ResTime" : 17122.75,
    "pct3ResTime" : 18479.98,
    "throughput" : 81.17165485812355,
    "receivedKBytesPerSec" : 12775.023336850772,
    "sentKBytesPerSec" : 128.257556211371
  },
  "Welcome-0" : {
    "transaction" : "Welcome-0",
    "sampleCount" : 7000,
    "errorCount" : 0,
    "errorPct" : 0.0,
    "meanResTime" : 6517.5960000000205,
    "medianResTime" : 7457.5,
    "minResTime" : 1.0,
    "maxResTime" : 20464.0,
    "pct1ResTime" : 13254.7,
    "pct2ResTime" : 16444.0,
    "pct3ResTime" : 18263.94,
    "throughput" : 81.29892453136978,
    "receivedKBytesPerSec" : 193.64070012891685,
    "sentKBytesPerSec" : 41.12582315161088
  },
  "Welcome-1" : {
    "transaction" : "Welcome-1",
    "sampleCount" : 7000,
    "errorCount" : 0,
    "errorPct" : 0.0,
    "meanResTime" : 980.9660000000007,
    "medianResTime" : 346.0,
    "minResTime" : 1.0,
    "maxResTime" : 6081.0,
    "pct1ResTime" : 2971.9000000000005,
    "pct2ResTime" : 3684.95,
    "pct3ResTime" : 4567.849999999997,
    "throughput" : 81.26777732629012,
    "receivedKBytesPerSec" : 9637.453651970744,
    "sentKBytesPerSec" : 43.72904815115806
  },
  "Welcome-2" : {
    "transaction" : "Welcome-2",
    "sampleCount" : 7000,
    "errorCount" : 0,
    "errorPct" : 0.0,
    "meanResTime" : 1025.5431428571449,
    "medianResTime" : 330.5,
    "minResTime" : 1.0,
    "maxResTime" : 6201.0,
    "pct1ResTime" : 3147.7000000000016,
    "pct2ResTime" : 3789.749999999999,
    "pct3ResTime" : 4683.99,
    "throughput" : 81.26683384415344,
    "receivedKBytesPerSec" : 2959.0968424932666,
    "sentKBytesPerSec" : 43.56981619183617
  },
  "Registration-0" : {
    "transaction" : "Registration-0",
    "sampleCount" : 4902,
    "errorCount" : 0,
    "errorPct" : 0.0,
    "meanResTime" : 18393.566503468,
    "medianResTime" : 13624.0,
    "minResTime" : 259.0,
    "maxResTime" : 52010.0,
    "pct1ResTime" : 43520.6,
    "pct2ResTime" : 47187.049999999996,
    "pct3ResTime" : 50797.79,
    "throughput" : 36.258200995584225,
    "receivedKBytesPerSec" : 90.4684604919118,
    "sentKBytesPerSec" : 23.40495200984489
  }
}