{
  "Login Welcome-1" : {
    "transaction" : "Login Welcome-1",
    "sampleCount" : 981,
    "errorCount" : 19,
    "errorPct" : 1.9367992,
    "meanResTime" : 40112.97247706413,
    "medianResTime" : 43868.0,
    "minResTime" : 520.0,
    "maxResTime" : 232143.0,
    "pct1ResTime" : 66100.8,
    "pct2ResTime" : 69001.29999999999,
    "pct3ResTime" : 93397.21999999971,
    "throughput" : 4.013024945388499,
    "receivedKBytesPerSec" : 469.75416706721916,
    "sentKBytesPerSec" : 2.464576509026238
  },
  "Login Welcome-0" : {
    "transaction" : "Login Welcome-0",
    "sampleCount" : 981,
    "errorCount" : 0,
    "errorPct" : 0.0,
    "meanResTime" : 15514.809378185526,
    "medianResTime" : 13489.0,
    "minResTime" : 172.0,
    "maxResTime" : 57373.0,
    "pct1ResTime" : 31836.8,
    "pct2ResTime" : 33448.7,
    "pct3ResTime" : 43094.05999999998,
    "throughput" : 12.689994178901753,
    "receivedKBytesPerSec" : 32.629643235398746,
    "sentKBytesPerSec" : 6.35738966189121
  },
  "Login" : {
    "transaction" : "Login",
    "sampleCount" : 1002,
    "errorCount" : 197,
    "errorPct" : 19.660679,
    "meanResTime" : 182134.91317365287,
    "medianResTime" : 188982.5,
    "minResTime" : 29920.0,
    "maxResTime" : 268373.0,
    "pct1ResTime" : 215966.2,
    "pct2ResTime" : 224124.94999999998,
    "pct3ResTime" : 240789.06,
    "throughput" : 2.8167747086240533,
    "receivedKBytesPerSec" : 956.5248527395383,
    "sentKBytesPerSec" : 14.185495055358619
  },
  "Login-0" : {
    "transaction" : "Login-0",
    "sampleCount" : 933,
    "errorCount" : 0,
    "errorPct" : 0.0,
    "meanResTime" : 76214.98285101818,
    "medianResTime" : 79755.0,
    "minResTime" : 6571.0,
    "maxResTime" : 133443.0,
    "pct1ResTime" : 104133.6,
    "pct2ResTime" : 110355.4,
    "pct3ResTime" : 119632.75999999997,
    "throughput" : 3.1128638347279494,
    "receivedKBytesPerSec" : 1.3177194633646288,
    "sentKBytesPerSec" : 2.286742474951956
  },
  "Logout-2" : {
    "transaction" : "Logout-2",
    "sampleCount" : 992,
    "errorCount" : 1,
    "errorPct" : 0.10080645,
    "meanResTime" : 16259.90725806451,
    "medianResTime" : 14090.5,
    "minResTime" : 138.0,
    "maxResTime" : 87851.0,
    "pct1ResTime" : 28575.100000000017,
    "pct2ResTime" : 32486.849999999995,
    "pct3ResTime" : 43282.5999999999,
    "throughput" : 6.154724309299714,
    "receivedKBytesPerSec" : 731.4577696899216,
    "sentKBytesPerSec" : 3.7314191560365315
  },
  "Login-1" : {
    "transaction" : "Login-1",
    "sampleCount" : 933,
    "errorCount" : 26,
    "errorPct" : 2.7867095,
    "meanResTime" : 60151.207931404155,
    "medianResTime" : 62469.0,
    "minResTime" : 13035.0,
    "maxResTime" : 129535.0,
    "pct1ResTime" : 79114.8,
    "pct2ResTime" : 86488.09999999999,
    "pct3ResTime" : 104673.43999999997,
    "throughput" : 2.7127218805879014,
    "receivedKBytesPerSec" : 11.994266494759184,
    "sentKBytesPerSec" : 1.6438085139633942
  },
  "Logout-1" : {
    "transaction" : "Logout-1",
    "sampleCount" : 996,
    "errorCount" : 4,
    "errorPct" : 0.40160644,
    "meanResTime" : 22120.76104417669,
    "medianResTime" : 17611.0,
    "minResTime" : 49.0,
    "maxResTime" : 88039.0,
    "pct1ResTime" : 33736.0,
    "pct2ResTime" : 41204.65,
    "pct3ResTime" : 78364.88999999997,
    "throughput" : 4.152491494896938,
    "receivedKBytesPerSec" : 11.018321604942132,
    "sentKBytesPerSec" : 2.10069889590004
  },
  "Login-2" : {
    "transaction" : "Login-2",
    "sampleCount" : 907,
    "errorCount" : 2,
    "errorPct" : 0.22050716,
    "meanResTime" : 4632.877618522603,
    "medianResTime" : 113.0,
    "minResTime" : 84.0,
    "maxResTime" : 92886.0,
    "pct1ResTime" : 265.2000000000071,
    "pct2ResTime" : 41056.59999999988,
    "pct3ResTime" : 84418.75999999997,
    "throughput" : 2.8132579822705814,
    "receivedKBytesPerSec" : 43.72735624895317,
    "sentKBytesPerSec" : 1.6330301533489247
  },
  "Logout-0" : {
    "transaction" : "Logout-0",
    "sampleCount" : 996,
    "errorCount" : 0,
    "errorPct" : 0.0,
    "meanResTime" : 29678.292168674747,
    "medianResTime" : 29337.5,
    "minResTime" : 76.0,
    "maxResTime" : 132439.0,
    "pct1ResTime" : 47426.70000000002,
    "pct2ResTime" : 65156.7,
    "pct3ResTime" : 79039.59999999998,
    "throughput" : 3.25730768476064,
    "receivedKBytesPerSec" : 1.442874016021637,
    "sentKBytesPerSec" : 1.8449594308214563
  },
  "Login-3" : {
    "transaction" : "Login-3",
    "sampleCount" : 907,
    "errorCount" : 4,
    "errorPct" : 0.44101432,
    "meanResTime" : 46110.151047409076,
    "medianResTime" : 34021.0,
    "minResTime" : 17667.0,
    "maxResTime" : 123575.0,
    "pct1ResTime" : 77691.2,
    "pct2ResTime" : 81031.8,
    "pct3ResTime" : 96326.76,
    "throughput" : 2.7980873052599105,
    "receivedKBytesPerSec" : 159.09451883772945,
    "sentKBytesPerSec" : 1.7540104889711554
  },
  "Login-4" : {
    "transaction" : "Login-4",
    "sampleCount" : 907,
    "errorCount" : 6,
    "errorPct" : 0.6615215,
    "meanResTime" : 46295.104740904106,
    "medianResTime" : 34462.0,
    "minResTime" : 17534.0,
    "maxResTime" : 199554.0,
    "pct1ResTime" : 77630.6,
    "pct2ResTime" : 80348.39999999998,
    "pct3ResTime" : 94815.67999999986,
    "throughput" : 2.788032669472118,
    "receivedKBytesPerSec" : 395.11410638961297,
    "sentKBytesPerSec" : 1.75869444683526
  },
  "Login-5" : {
    "transaction" : "Login-5",
    "sampleCount" : 829,
    "errorCount" : 2,
    "errorPct" : 0.24125452,
    "meanResTime" : 45232.975874547614,
    "medianResTime" : 34025.0,
    "minResTime" : 18993.0,
    "maxResTime" : 116183.0,
    "pct1ResTime" : 76205.0,
    "pct2ResTime" : 79050.0,
    "pct3ResTime" : 93214.50000000004,
    "throughput" : 2.8986723451273284,
    "receivedKBytesPerSec" : 61.69356841229506,
    "sentKBytesPerSec" : 1.831485358688849
  },
  "Login-6" : {
    "transaction" : "Login-6",
    "sampleCount" : 829,
    "errorCount" : 2,
    "errorPct" : 0.24125452,
    "meanResTime" : 45626.88057901089,
    "medianResTime" : 34102.0,
    "minResTime" : 18380.0,
    "maxResTime" : 121649.0,
    "pct1ResTime" : 76583.0,
    "pct2ResTime" : 79504.5,
    "pct3ResTime" : 94992.60000000003,
    "throughput" : 2.557465856751062,
    "receivedKBytesPerSec" : 217.65816270064076,
    "sentKBytesPerSec" : 1.599961673682473
  },
  "Logout-4" : {
    "transaction" : "Logout-4",
    "sampleCount" : 992,
    "errorCount" : 1,
    "errorPct" : 0.10080645,
    "meanResTime" : 16255.038306451623,
    "medianResTime" : 14027.5,
    "minResTime" : 92.0,
    "maxResTime" : 92318.0,
    "pct1ResTime" : 28957.500000000007,
    "pct2ResTime" : 33378.24999999999,
    "pct3ResTime" : 44159.32999999996,
    "throughput" : 6.158659994785006,
    "receivedKBytesPerSec" : 225.60641163960352,
    "sentKBytesPerSec" : 3.707092460220147
  },
  "Login-7" : {
    "transaction" : "Login-7",
    "sampleCount" : 829,
    "errorCount" : 0,
    "errorPct" : 0.0,
    "meanResTime" : 45386.99758745475,
    "medianResTime" : 33899.0,
    "minResTime" : 18287.0,
    "maxResTime" : 126715.0,
    "pct1ResTime" : 75941.0,
    "pct2ResTime" : 78918.0,
    "pct3ResTime" : 91632.90000000001,
    "throughput" : 2.675660846270535,
    "receivedKBytesPerSec" : 20.016826893982184,
    "sentKBytesPerSec" : 1.6831590358018915
  },
  "Logout-3" : {
    "transaction" : "Logout-3",
    "sampleCount" : 992,
    "errorCount" : 1,
    "errorPct" : 0.10080645,
    "meanResTime" : 16359.461693548386,
    "medianResTime" : 14070.5,
    "minResTime" : 128.0,
    "maxResTime" : 88545.0,
    "pct1ResTime" : 28706.500000000004,
    "pct2ResTime" : 33653.49999999999,
    "pct3ResTime" : 45522.34999999998,
    "throughput" : 6.156213928434013,
    "receivedKBytesPerSec" : 523.6964734808053,
    "sentKBytesPerSec" : 3.6575731574023504
  },
  "Login-8" : {
    "transaction" : "Login-8",
    "sampleCount" : 829,
    "errorCount" : 13,
    "errorPct" : 1.5681545,
    "meanResTime" : 46634.42581423403,