{
  "Login Welcome-1" : {
    "transaction" : "Login Welcome-1",
    "sampleCount" : 4132,
    "errorCount" : 1419,
    "errorPct" : 34.341724,
    "meanResTime" : 31472.40730880929,
    "medianResTime" : 29228.0,
    "minResTime" : 22.0,
    "maxResTime" : 92599.0,
    "pct1ResTime" : 65557.80000000002,
    "pct2ResTime" : 68574.85,
    "pct3ResTime" : 71701.11,
    "throughput" : 18.455573967457088,
    "receivedKBytesPerSec" : 1458.2598076641773,
    "sentKBytesPerSec" : 7.301334485224821
  },
  "Login Welcome-0" : {
    "transaction" : "Login Welcome-0",
    "sampleCount" : 4132,
    "errorCount" : 0,
    "errorPct" : 0.0,
    "meanResTime" : 38780.31558567278,
    "medianResTime" : 38665.0,
    "minResTime" : 23.0,
    "maxResTime" : 98293.0,
    "pct1ResTime" : 67380.20000000001,
    "pct2ResTime" : 69612.3,
    "pct3ResTime" : 83358.23000000003,
    "throughput" : 26.774837355174828,
    "receivedKBytesPerSec" : 68.84584644157745,
    "sentKBytesPerSec" : 13.36127137548275
  },
  "Login" : {
    "transaction" : "Login",
    "sampleCount" : 5000,
    "errorCount" : 4147,
    "errorPct" : 82.94,
    "meanResTime" : 63549.713799999896,
    "medianResTime" : 19254.0,
    "minResTime" : 4022.0,
    "maxResTime" : 196062.0,
    "pct1ResTime" : 156759.9,
    "pct2ResTime" : 162980.34999999998,
    "pct3ResTime" : 176888.21,
    "throughput" : 14.93089979574529,
    "receivedKBytesPerSec" : 1622.0034354833954,
    "sentKBytesPerSec" : 28.206111529902117
  },
  "Login-0" : {
    "transaction" : "Login-0",
    "sampleCount" : 2566,
    "errorCount" : 0,
    "errorPct" : 0.0,
    "meanResTime" : 36549.17225253308,
    "medianResTime" : 49189.5,
    "minResTime" : 904.0,
    "maxResTime" : 89131.0,
    "pct1ResTime" : 73079.3,
    "pct2ResTime" : 75902.45,
    "pct3ResTime" : 81160.95999999999,
    "throughput" : 9.67484088921063,
    "receivedKBytesPerSec" : 4.147710107776823,
    "sentKBytesPerSec" : 7.086065104402317
  },
  "Logout-2" : {
    "transaction" : "Logout-2",
    "sampleCount" : 2300,
    "errorCount" : 399,
    "errorPct" : 17.347826,
    "meanResTime" : 21239.742173913026,
    "medianResTime" : 19394.0,
    "minResTime" : 2.0,
    "maxResTime" : 75957.0,
    "pct1ResTime" : 42533.4,
    "pct2ResTime" : 43893.95,
    "pct3ResTime" : 61352.499999999985,
    "throughput" : 7.1787284911249065,
    "receivedKBytesPerSec" : 708.3627956251112,
    "sentKBytesPerSec" : 3.5750903046980094
  },
  "Login-1" : {
    "transaction" : "Login-1",
    "sampleCount" : 2566,
    "errorCount" : 270,
    "errorPct" : 10.522214,
    "meanResTime" : 46558.437256430174,
    "medianResTime" : 51438.5,
    "minResTime" : 2.0,
    "maxResTime" : 80561.0,
    "pct1ResTime" : 69075.40000000001,
    "pct2ResTime" : 71838.15000000001,
    "pct3ResTime" : 75874.79999999999,
    "throughput" : 8.361574556830032,
    "receivedKBytesPerSec" : 38.07475514655566,
    "sentKBytesPerSec" : 4.537273323448905
  },
  "Logout-1" : {
    "transaction" : "Logout-1",
    "sampleCount" : 2377,
    "errorCount" : 77,
    "errorPct" : 3.2393773,
    "meanResTime" : 38428.292806057936,
    "medianResTime" : 39077.0,
    "minResTime" : 3.0,
    "maxResTime" : 80539.0,
    "pct1ResTime" : 62038.20000000003,
    "pct2ResTime" : 66342.2,
    "pct3ResTime" : 73134.27999999998,
    "throughput" : 6.880780420025763,
    "receivedKBytesPerSec" : 18.36309235736203,
    "sentKBytesPerSec" : 3.367954038876265
  },
  "Login-2" : {
    "transaction" : "Login-2",
    "sampleCount" : 2296,
    "errorCount" : 5,
    "errorPct" : 0.21777004,
    "meanResTime" : 175.2739547038324,
    "medianResTime" : 120.0,
    "minResTime" : 4.0,
    "maxResTime" : 3210.0,
    "pct1ResTime" : 255.60000000000036,
    "pct2ResTime" : 365.3000000000002,
    "pct3ResTime" : 1189.1200000000208,
    "throughput" : 7.564226742308934,
    "receivedKBytesPerSec" : 45.11008754373481,
    "sentKBytesPerSec" : 4.341432791507706
  },
  "Logout-0" : {
    "transaction" : "Logout-0",
    "sampleCount" : 2377,
    "errorCount" : 0,
    "errorPct" : 0.0,
    "meanResTime" : 28895.35969709722,
    "medianResTime" : 26359.0,
    "minResTime" : 17.0,
    "maxResTime" : 80953.0,
    "pct1ResTime" : 61266.00000000001,
    "pct2ResTime" : 67798.0,
    "pct3ResTime" : 74920.31999999999,
    "throughput" : 7.043881276373808,
    "receivedKBytesPerSec" : 3.1092132196493765,
    "sentKBytesPerSec" : 3.975940798578185
  },
  "Login-3" : {
    "transaction" : "Login-3",
    "sampleCount" : 2296,
    "errorCount" : 859,
    "errorPct" : 37.41289,
    "meanResTime" : 29553.79355400695,
    "medianResTime" : 38788.0,
    "minResTime" : 2.0,
    "maxResTime" : 87841.0,
    "pct1ResTime" : 57593.90000000002,
    "pct2ResTime" : 65502.45000000001,
    "pct3ResTime" : 72731.38000000009,
    "throughput" : 7.037720465176158,
    "receivedKBytesPerSec" : 246.3477971777852,
    "sentKBytesPerSec" : 2.7357351866099395
  },
  "Login-4" : {
    "transaction" : "Login-4",
    "sampleCount" : 2296,
    "errorCount" : 939,
    "errorPct" : 40.897213,
    "meanResTime" : 28026.77482578398,
    "medianResTime" : 36977.5,
    "minResTime" : 3.0,
    "maxResTime" : 88671.0,
    "pct1ResTime" : 56994.200000000004,
    "pct2ResTime" : 65477.15000000002,
    "pct3ResTime" : 73332.87000000001,
    "throughput" : 6.966505551054837,
    "receivedKBytesPerSec" : 636.009329762089,
    "sentKBytesPerSec" : 2.5814161504746993
  },
  "Login-5" : {
    "transaction" : "Login-5",
    "sampleCount" : 2296,
    "errorCount" : 970,
    "errorPct" : 42.247387,
    "meanResTime" : 27505.19468641115,
    "medianResTime" : 36177.0,
    "minResTime" : 3.0,
    "maxResTime" : 105106.0,
    "pct1ResTime" : 57069.3,
    "pct2ResTime" : 65736.3,
    "pct3ResTime" : 72509.19000000012,
    "throughput" : 6.983393150434941,
    "receivedKBytesPerSec" : 94.05487355716589,
    "sentKBytesPerSec" : 2.540375355480869
  },
  "Login-6" : {
    "transaction" : "Login-6",
    "sampleCount" : 2296,
    "errorCount" : 1010,
    "errorPct" : 43.989548,
    "meanResTime" : 26561.530487804856,
    "medianResTime" : 35145.5,
    "minResTime" : 2.0,
    "maxResTime" : 108910.0,
    "pct1ResTime" : 56627.3,
    "pct2ResTime" : 64113.0,
    "pct3ResTime" : 72209.12000000004,
    "throughput" : 7.036253869020257,
    "receivedKBytesPerSec" : 343.85965416321903,
    "sentKBytesPerSec" : 2.451602530952162
  },
  "Logout-4" : {
    "transaction" : "Logout-4",
    "sampleCount" : 2300,
    "errorCount" : 462,
    "errorPct" : 20.086956,
    "meanResTime" : 20115.669130434773,
    "medianResTime" : 19266.5,
    "minResTime" : 2.0,
    "maxResTime" : 82123.0,
    "pct1ResTime" : 42173.9,
    "pct2ResTime" : 43799.49999999999,
    "pct3ResTime" : 63026.45999999979,
    "throughput" : 7.180521430734505,
    "receivedKBytesPerSec" : 214.16511267564962,
    "sentKBytesPerSec" : 3.4462661386121614
  },
  "Login-7" : {
    "transaction" : "Login-7",
    "sampleCount" : 2296,
    "errorCount" : 1006,
    "errorPct" : 43.81533,
    "meanResTime" : 26618.430749128907,
    "medianResTime" : 35185.0,
    "minResTime" : 2.0,
    "maxResTime" : 88301.0,
    "pct1ResTime" : 55758.3,
    "pct2ResTime" : 63123.65000000002,
    "pct3ResTime" : 73485.79000000002,
    "throughput" : 7.031297850186807,
    "receivedKBytesPerSec" : 36.80546051976787,
    "sentKBytesPerSec" : 2.4652117179365467
  },
  "Logout-3" : {
    "transaction" : "Logout-3",
    "sampleCount" : 2300,
    "errorCount" : 451,
    "errorPct" : 19.608696,
    "meanResTime" : 20290.619130434752,
    "medianResTime" : 19237.5,
    "minResTime" : 2.0,
    "maxResTime" : 79283.0,
    "pct1ResTime" : 42246.9,
    "pct2ResTime" : 43954.399999999994,
    "pct3ResTime" : 62551.35999999977,
    "throughput" : 7.179243869550017,