{
  "Session Test" : {
    "transaction" : "Session Test",
    "sampleCount" : 20000,
    "errorCount" : 0,
    "errorPct" : 0.0,
    "meanResTime" : 163.46989999999988,
    "medianResTime" : 153.0,
    "minResTime" : 11.0,
    "maxResTime" : 854.0,
    "pct1ResTime" : 270.0,
    "pct2ResTime" : 304.0,
    "pct3ResTime" : 384.0,
    "throughput" : 230.76035537094728,
    "receivedKBytesPerSec" : 88521.00462331978,
    "sentKBytesPerSec" : 1060.506086304373
  },
  "Login Welcome-1" : {
    "transaction" : "Login Welcome-1",
    "sampleCount" : 100,
    "errorCount" : 0,
    "errorPct" : 0.0,
    "meanResTime" : 15.449999999999996,
    "medianResTime" : 14.0,
    "minResTime" : 6.0,
    "maxResTime" : 38.0,
    "pct1ResTime" : 25.900000000000006,
    "pct2ResTime" : 28.94999999999999,
    "pct3ResTime" : 37.97999999999999,
    "throughput" : 1.673388108904098,
    "receivedKBytesPerSec" : 198.8602788910457,
    "sentKBytesPerSec" : 1.008281702337723
  },
  "Login Welcome-0" : {
    "transaction" : "Login Welcome-0",
    "sampleCount" : 100,
    "errorCount" : 0,
    "errorPct" : 0.0,
    "meanResTime" : 11.249999999999998,
    "medianResTime" : 9.5,
    "minResTime" : 3.0,
    "maxResTime" : 60.0,
    "pct1ResTime" : 17.0,
    "pct2ResTime" : 24.94999999999999,
    "pct3ResTime" : 59.74999999999987,
    "throughput" : 1.671402306535183,
    "receivedKBytesPerSec" : 4.297658469831188,
    "sentKBytesPerSec" : 0.8340689244526158
  },
  "Login-0" : {
    "transaction" : "Login-0",
    "sampleCount" : 100,
    "errorCount" : 0,
    "errorPct" : 0.0,
    "meanResTime" : 456.68000000000006,
    "medianResTime" : 451.5,
    "minResTime" : 183.0,
    "maxResTime" : 783.0,
    "pct1ResTime" : 606.8,
    "pct2ResTime" : 647.1999999999998,
    "pct3ResTime" : 782.3599999999997,
    "throughput" : 1.6740604335816525,
    "receivedKBytesPerSec" : 0.7176880179124466,
    "sentKBytesPerSec" : 1.2261184816271868
  },
  "Login-1" : {
    "transaction" : "Login-1",
    "sampleCount" : 100,
    "errorCount" : 0,
    "errorPct" : 0.0,
    "meanResTime" : 13.949999999999998,
    "medianResTime" : 12.5,
    "minResTime" : 3.0,
    "maxResTime" : 42.0,
    "pct1ResTime" : 24.80000000000001,
    "pct2ResTime" : 27.0,
    "pct3ResTime" : 41.93999999999997,
    "throughput" : 1.6787536932581253,
    "receivedKBytesPerSec" : 7.906864318929627,
    "sentKBytesPerSec" : 1.0180723081184528
  },
  "Login-2" : {
    "transaction" : "Login-2",
    "sampleCount" : 100,
    "errorCount" : 0,
    "errorPct" : 0.0,
    "meanResTime" : 282.8300000000001,
    "medianResTime" : 233.0,
    "minResTime" : 110.0,
    "maxResTime" : 838.0,
    "pct1ResTime" : 523.6000000000003,
    "pct2ResTime" : 670.2499999999998,
    "pct3ResTime" : 837.93,
    "throughput" : 1.6732481092296367,
    "receivedKBytesPerSec" : 9.990467714677733,
    "sentKBytesPerSec" : 0.9624444690783749
  },
  "Login-3" : {
    "transaction" : "Login-3",
    "sampleCount" : 100,
    "errorCount" : 0,
    "errorPct" : 0.0,
    "meanResTime" : 68.84000000000002,
    "medianResTime" : 43.5,
    "minResTime" : 5.0,
    "maxResTime" : 417.0,
    "pct1ResTime" : 141.70000000000002,
    "pct2ResTime" : 216.69999999999948,
    "pct3ResTime" : 415.85999999999945,
    "throughput" : 1.6751541141785045,
    "receivedKBytesPerSec" : 90.95399765059636,
    "sentKBytesPerSec" : 1.0404277506030555
  },
  "Login-4" : {
    "transaction" : "Login-4",
    "sampleCount" : 100,
    "errorCount" : 0,
    "errorPct" : 0.0,
    "meanResTime" : 62.720000000000006,
    "medianResTime" : 41.5,
    "minResTime" : 6.0,
    "maxResTime" : 266.0,
    "pct1ResTime" : 147.40000000000003,
    "pct2ResTime" : 213.6999999999997,
    "pct3ResTime" : 265.8299999999999,
    "throughput" : 1.6782747335738861,
    "receivedKBytesPerSec" : 256.0794846647646,
    "sentKBytesPerSec" : 1.0521995888226903
  },
  "Session Test-5" : {
    "transaction" : "Session Test-5",
    "sampleCount" : 20000,
    "errorCount" : 0,
    "errorPct" : 0.0,
    "meanResTime" : 69.32014999999974,
    "medianResTime" : 49.0,
    "minResTime" : 4.0,
    "maxResTime" : 544.0,
    "pct1ResTime" : 157.0,
    "pct2ResTime" : 199.0,
    "pct3ResTime" : 273.0,
    "throughput" : 230.79763663220086,
    "receivedKBytesPerSec" : 19643.81477434843,
    "sentKBytesPerSec" : 132.5283304098966
  },
  "Login-5" : {
    "transaction" : "Login-5",
    "sampleCount" : 100,
    "errorCount" : 0,
    "errorPct" : 0.0,
    "meanResTime" : 56.98,
    "medianResTime" : 36.0,
    "minResTime" : 5.0,
    "maxResTime" : 257.0,
    "pct1ResTime" : 136.4000000000001,
    "pct2ResTime" : 190.39999999999986,
    "pct3ResTime" : 256.6199999999998,
    "throughput" : 1.6782747335738861,
    "receivedKBytesPerSec" : 35.80264800285307,
    "sentKBytesPerSec" : 1.0571164093312075
  },
  "Session Test-6" : {
    "transaction" : "Session Test-6",
    "sampleCount" : 20000,
    "errorCount" : 0,
    "errorPct" : 0.0,
    "meanResTime" : 67.0619000000003,
    "medianResTime" : 46.0,
    "minResTime" : 3.0,
    "maxResTime" : 463.0,
    "pct1ResTime" : 153.0,
    "pct2ResTime" : 196.0,
    "pct3ResTime" : 268.0,
    "throughput" : 230.80296351005148,
    "receivedKBytesPerSec" : 1660.8813747598208,
    "sentKBytesPerSec" : 132.98217624114295
  },
  "Login-6" : {
    "transaction" : "Login-6",
    "sampleCount" : 100,
    "errorCount" : 0,
    "errorPct" : 0.0,
    "meanResTime" : 54.17999999999998,
    "medianResTime" : 35.0,
    "minResTime" : 5.0,
    "maxResTime" : 265.0,
    "pct1ResTime" : 136.00000000000006,
    "pct2ResTime" : 158.79999999999995,
    "pct3ResTime" : 264.5499999999998,
    "throughput" : 1.6783029001074115,
    "receivedKBytesPerSec" : 142.8524226302363,
    "sentKBytesPerSec" : 1.0440224095394737
  },
  "Session Test-7" : {
    "transaction" : "Session Test-7",
    "sampleCount" : 20000,
    "errorCount" : 0,
    "errorPct" : 0.0,
    "meanResTime" : 69.75240000000021,
    "medianResTime" : 50.0,
    "minResTime" : 4.0,
    "maxResTime" : 466.0,
    "pct1ResTime" : 156.90000000000146,
    "pct2ResTime" : 200.0,
    "pct3ResTime" : 274.0,
    "throughput" : 230.80030004039006,
    "receivedKBytesPerSec" : 13202.004491590214,
    "sentKBytesPerSec" : 133.2060325428423
  },
  "Login-7" : {
    "transaction" : "Login-7",
    "sampleCount" : 100,
    "errorCount" : 0,
    "errorPct" : 0.0,
    "meanResTime" : 66.31,
    "medianResTime" : 34.0,
    "minResTime" : 5.0,
    "maxResTime" : 429.0,
    "pct1ResTime" : 153.70000000000002,
    "pct2ResTime" : 197.5499999999999,
    "pct3ResTime" : 427.35999999999916,
    "throughput" : 1.6752383026485518,
    "receivedKBytesPerSec" : 12.055499074430838,
    "sentKBytesPerSec" : 1.0453879642504147
  },
  "Login-8" : {
    "transaction" : "Login-8",
    "sampleCount" : 100,
    "errorCount" : 0,
    "errorPct" : 0.0,
    "meanResTime" : 58.46,
    "medianResTime" : 38.5,
    "minResTime" : 5.0,
    "maxResTime" : 337.0,
    "pct1ResTime" : 132.60000000000002,
    "pct2ResTime" : 157.4999999999999,
    "pct3ResTime" : 336.2499999999996,
    "throughput" : 1.6791201410460919,
    "receivedKBytesPerSec" : 96.04763978675174,
    "sentKBytesPerSec" : 1.0494500881538074
  },
  "Session Test-1" : {
    "transaction" : "Session Test-1",
    "sampleCount" : 20000,
    "errorCount" : 0,
    "errorPct" : 0.0,
    "meanResTime" : 14.361349999999993,
    "medianResTime" : 12.0,
    "minResTime" : 2.0,
    "maxResTime" : 181.0,
    "pct1ResTime" : 26.0,
    "pct2ResTime" : 30.0,
    "pct3ResTime" : 41.0,
    "throughput" : 230.7923100002308,
    "receivedKBytesPerSec" : 1278.5526599534953,
    "sentKBytesPerSec" : 130.04605749036443
  },
  "Session Test-2" : {
    "transaction" : "Session Test-2",
    "sampleCount" : 20000,
    "errorCount" : 0,
    "errorPct" : 0.0,
    "meanResTime" : 68.09574999999953,
    "medianResTime" : 48.0,
    "minResTime" : 4.0,
    "maxResTime" : 517.0,
    "pct1ResTime" : 157.0,
    "pct2ResTime" : 198.0,
    "pct3ResTime" : 269.0,