{
  "Login Welcome-1" : {
    "transaction" : "Login Welcome-1",
    "sampleCount" : 1000,
    "errorCount" : 0,
    "errorPct" : 0.0,
    "meanResTime" : 3657.433000000001,
    "medianResTime" : 3186.0,
    "minResTime" : 6.0,
    "maxResTime" : 12861.0,
    "pct1ResTime" : 8358.599999999991,
    "pct2ResTime" : 10473.39999999999,
    "pct3ResTime" : 12816.9,
    "throughput" : 20.993408069866064,
    "receivedKBytesPerSec" : 2494.7918306776673,
    "sentKBytesPerSec" : 12.710852542301717
  },
  "Login Welcome-0" : {
    "transaction" : "Login Welcome-0",
    "sampleCount" : 1000,
    "errorCount" : 0,
    "errorPct" : 0.0,
    "meanResTime" : 2895.9000000000015,
    "medianResTime" : 2813.0,
    "minResTime" : 4.0,
    "maxResTime" : 8070.0,
    "pct1ResTime" : 6011.3,
    "pct2ResTime" : 6787.999999999998,
    "pct3ResTime" : 7886.8,
    "throughput" : 28.503021320259947,
    "receivedKBytesPerSec" : 73.2895069689887,
    "sentKBytesPerSec" : 14.307180623646104
  },
  "Login" : {
    "transaction" : "Login",
    "sampleCount" : 1000,
    "errorCount" : 57,
    "errorPct" : 5.7,
    "meanResTime" : 14577.018999999995,
    "medianResTime" : 15076.5,
    "minResTime" : 4460.0,
    "maxResTime" : 25055.0,
    "pct1ResTime" : 21482.2,
    "pct2ResTime" : 22306.549999999996,
    "pct3ResTime" : 23103.7,
    "throughput" : 17.307026652821047,
    "receivedKBytesPerSec" : 6677.34332746517,
    "sentKBytesPerSec" : 98.32130292164244
  },
  "Login-0" : {
    "transaction" : "Login-0",
    "sampleCount" : 1000,
    "errorCount" : 0,
    "errorPct" : 0.0,
    "meanResTime" : 5262.201999999987,
    "medianResTime" : 4962.0,
    "minResTime" : 1249.0,
    "maxResTime" : 13867.0,
    "pct1ResTime" : 6924.9,
    "pct2ResTime" : 9131.699999999997,
    "pct3ResTime" : 12154.34,
    "throughput" : 18.766655406673426,
    "receivedKBytesPerSec" : 8.045470433134406,
    "sentKBytesPerSec" : 14.3132401099726
  },
  "Logout-2" : {
    "transaction" : "Logout-2",
    "sampleCount" : 1000,
    "errorCount" : 0,
    "errorPct" : 0.0,
    "meanResTime" : 2671.3750000000014,
    "medianResTime" : 1637.5,
    "minResTime" : 6.0,
    "maxResTime" : 12559.0,
    "pct1ResTime" : 5861.099999999997,
    "pct2ResTime" : 7842.499999999999,
    "pct3ResTime" : 11995.75,
    "throughput" : 19.48785906380325,
    "receivedKBytesPerSec" : 2315.8770328272985,
    "sentKBytesPerSec" : 11.799289667537124
  },
  "Login-1" : {
    "transaction" : "Login-1",
    "sampleCount" : 1000,
    "errorCount" : 0,
    "errorPct" : 0.0,
    "meanResTime" : 4442.065000000001,
    "medianResTime" : 3785.5,
    "minResTime" : 7.0,
    "maxResTime" : 12811.0,
    "pct1ResTime" : 8982.2,
    "pct2ResTime" : 10340.0,
    "pct3ResTime" : 12337.69,
    "throughput" : 18.17620008361052,
    "receivedKBytesPerSec" : 85.60919238598979,
    "sentKBytesPerSec" : 11.07612192595016
  },
  "Logout-1" : {
    "transaction" : "Logout-1",
    "sampleCount" : 1000,
    "errorCount" : 0,
    "errorPct" : 0.0,
    "meanResTime" : 3196.2489999999975,
    "medianResTime" : 2868.5,
    "minResTime" : 55.0,
    "maxResTime" : 12857.0,
    "pct1ResTime" : 6759.699999999999,
    "pct2ResTime" : 10052.249999999995,
    "pct3ResTime" : 12309.82,
    "throughput" : 19.408807716941947,
    "receivedKBytesPerSec" : 51.516737670554896,
    "sentKBytesPerSec" : 9.874989082545659
  },
  "Login-2" : {
    "transaction" : "Login-2",
    "sampleCount" : 1000,
    "errorCount" : 0,
    "errorPct" : 0.0,
    "meanResTime" : 405.1059999999994,
    "medianResTime" : 104.0,
    "minResTime" : 78.0,
    "maxResTime" : 5598.0,
    "pct1ResTime" : 628.8999999999993,
    "pct2ResTime" : 2006.6999999999996,
    "pct3ResTime" : 5213.9,
    "throughput" : 18.20598248584485,
    "receivedKBytesPerSec" : 110.37376882043439,
    "sentKBytesPerSec" : 10.525333624629052
  },
  "Logout-0" : {
    "transaction" : "Logout-0",
    "sampleCount" : 1000,
    "errorCount" : 0,
    "errorPct" : 0.0,
    "meanResTime" : 1586.2190000000003,
    "medianResTime" : 595.0,
    "minResTime" : 24.0,
    "maxResTime" : 12680.0,
    "pct1ResTime" : 4135.099999999999,
    "pct2ResTime" : 6167.849999999999,
    "pct3ResTime" : 7957.040000000001,
    "throughput" : 19.320684725066656,
    "receivedKBytesPerSec" : 8.528270991923954,
    "sentKBytesPerSec" : 10.962224438734108
  },
  "Login-3" : {
    "transaction" : "Login-3",
    "sampleCount" : 1000,
    "errorCount" : 0,
    "errorPct" : 0.0,
    "meanResTime" : 4299.576999999994,
    "medianResTime" : 3632.5,
    "minResTime" : 12.0,
    "maxResTime" : 12856.0,
    "pct1ResTime" : 9690.1,
    "pct2ResTime" : 11702.5,
    "pct3ResTime" : 12368.98,
    "throughput" : 17.883968810358397,
    "receivedKBytesPerSec" : 971.0261541866372,
    "sentKBytesPerSec" : 11.16001569318263
  },
  "Login-4" : {
    "transaction" : "Login-4",
    "sampleCount" : 1000,
    "errorCount" : 0,
    "errorPct" : 0.0,
    "meanResTime" : 4309.397000000006,
    "medianResTime" : 3638.5,
    "minResTime" : 12.0,
    "maxResTime" : 12852.0,
    "pct1ResTime" : 9695.0,
    "pct2ResTime" : 11701.599999999999,
    "pct3ResTime" : 12369.99,
    "throughput" : 17.767354263276655,
    "receivedKBytesPerSec" : 2711.0310562247923,
    "sentKBytesPerSec" : 11.191351074036564
  },
  "Login-5" : {
    "transaction" : "Login-5",
    "sampleCount" : 1000,
    "errorCount" : 0,
    "errorPct" : 0.0,
    "meanResTime" : 4314.410999999997,
    "medianResTime" : 3633.0,
    "minResTime" : 6.0,
    "maxResTime" : 13098.0,
    "pct1ResTime" : 9681.8,
    "pct2ResTime" : 11747.349999999999,
    "pct3ResTime" : 12381.87,
    "throughput" : 17.820864668353707,
    "receivedKBytesPerSec" : 380.1726451954949,
    "sentKBytesPerSec" : 11.277265922942581
  },
  "Login-6" : {
    "transaction" : "Login-6",
    "sampleCount" : 1000,
    "errorCount" : 0,
    "errorPct" : 0.0,
    "meanResTime" : 4325.371000000006,
    "medianResTime" : 3643.0,
    "minResTime" : 18.0,
    "maxResTime" : 12854.0,
    "pct1ResTime" : 9692.4,
    "pct2ResTime" : 11783.749999999995,
    "pct3ResTime" : 12371.97,
    "throughput" : 17.885568135071807,
    "receivedKBytesPerSec" : 1522.3692564969326,
    "sentKBytesPerSec" : 11.178480084419881
  },
  "Logout-4" : {
    "transaction" : "Logout-4",
    "sampleCount" : 1000,
    "errorCount" : 0,
    "errorPct" : 0.0,
    "meanResTime" : 2668.608,
    "medianResTime" : 1601.0,
    "minResTime" : 6.0,
    "maxResTime" : 12549.0,
    "pct1ResTime" : 5817.8,
    "pct2ResTime" : 7828.9,
    "pct3ResTime" : 11969.91,
    "throughput" : 19.48785906380325,
    "receivedKBytesPerSec" : 714.5611760435748,
    "sentKBytesPerSec" : 11.761227442803134
  },
  "Login-7" : {
    "transaction" : "Login-7",
    "sampleCount" : 1000,
    "errorCount" : 0,
    "errorPct" : 0.0,
    "meanResTime" : 4334.255999999999,
    "medianResTime" : 3645.0,
    "minResTime" : 6.0,
    "maxResTime" : 12933.0,
    "pct1ResTime" : 9678.0,
    "pct2ResTime" : 11706.75,
    "pct3ResTime" : 12377.91,
    "throughput" : 17.822135091783995,
    "receivedKBytesPerSec" : 128.2532358314026,
    "sentKBytesPerSec" : 11.173643289966138
  },
  "Logout-3" : {
    "transaction" : "Logout-3",
    "sampleCount" : 1000,
    "errorCount" : 0,
    "errorPct" : 0.0,
    "meanResTime" : 2667.483999999998,
    "medianResTime" : 1622.0,
    "minResTime" : 7.0,
    "maxResTime" : 12558.0,
    "pct1ResTime" : 5762.299999999999,
    "pct2ResTime" : 7842.199999999999,
    "pct3ResTime" : 11971.75,
    "throughput" : 19.48747929455325,
    "receivedKBytesPerSec" : 1659.404535710806,
    "sentKBytesPerSec" : 11.608752314138167
  },
  "Login-8" : {
    "transaction" : "Login-8",
    "sampleCount" : 1000,
    "errorCount" : 57,
    "errorPct" : 5.7,
    "meanResTime" : 4323.4760000000015,
    "medianResTime" : 3634.0,
    "minResTime" : 5.0,
    "maxResTime" : 13228.0,
    "pct1ResTime" : 9711.1,
    "pct2ResTime" : 11699.199999999999,
    "pct3ResTime" : 12554.92,
    "throughput" : 17.83262300051715,