{
  "Save Poll" : {
    "transaction" : "Save Poll",
    "sampleCount" : 1000,
    "errorCount" : 1,
    "errorPct" : 0.1,
    "meanResTime" : 92512.70899999997,
    "medianResTime" : 104235.0,
    "minResTime" : 1139.0,
    "maxResTime" : 117853.0,
    "pct1ResTime" : 108878.9,
    "pct2ResTime" : 109682.9,
    "pct3ResTime" : 111340.78,
    "throughput" : 4.237719090076957,
    "receivedKBytesPerSec" : 1789.8583717862198,
    "sentKBytesPerSec" : 21.863667412152083
  },
  "Polls" : {
    "transaction" : "Polls",
    "sampleCount" : 1000,
    "errorCount" : 39,
    "errorPct" : 3.9,
    "meanResTime" : 46580.47300000001,
    "medianResTime" : 59674.5,
    "minResTime" : 131.0,
    "maxResTime" : 82951.0,
    "pct1ResTime" : 72044.6,
    "pct2ResTime" : 73226.8,
    "pct3ResTime" : 76183.12,
    "throughput" : 7.657026470340508,
    "receivedKBytesPerSec" : 4304.6900348945055,
    "sentKBytesPerSec" : 35.33972701025659
  },
  "Save Poll-0" : {
    "transaction" : "Save Poll-0",
    "sampleCount" : 999,
    "errorCount" : 0,
    "errorPct" : 0.0,
    "meanResTime" : 22291.55355355355,
    "medianResTime" : 20337.0,
    "minResTime" : 48.0,
    "maxResTime" : 72202.0,
    "pct1ResTime" : 39915.0,
    "pct2ResTime" : 50275.0,
    "pct3ResTime" : 60286.0,
    "throughput" : 4.786133149361849,
    "receivedKBytesPerSec" : 1.7153426423982407,
    "sentKBytesPerSec" : 3.841993602319765
  },
  "Show New Poll Form-0" : {
    "transaction" : "Show New Poll Form-0",
    "sampleCount" : 1000,
    "errorCount" : 0,
    "errorPct" : 0.0,
    "meanResTime" : 19691.813999999988,
    "medianResTime" : 12859.0,
    "minResTime" : 11.0,
    "maxResTime" : 63661.0,
    "pct1ResTime" : 45996.99999999999,
    "pct2ResTime" : 51268.99999999999,
    "pct3ResTime" : 59126.80000000001,
    "throughput" : 6.306363120388473,
    "receivedKBytesPerSec" : 10.407962571734881,
    "sentKBytesPerSec" : 3.2086085798070254
  },
  "Save Poll-2" : {
    "transaction" : "Save Poll-2",
    "sampleCount" : 999,
    "errorCount" : 0,
    "errorPct" : 0.0,
    "meanResTime" : 32901.38838838841,
    "medianResTime" : 34157.0,
    "minResTime" : 32.0,
    "maxResTime" : 56125.0,
    "pct1ResTime" : 50819.0,
    "pct2ResTime" : 52434.0,
    "pct3ResTime" : 54719.0,
    "throughput" : 4.239607868101088,
    "receivedKBytesPerSec" : 229.98823325800498,
    "sentKBytesPerSec" : 2.632999163165489
  },
  "Show New Poll Form-1" : {
    "transaction" : "Show New Poll Form-1",
    "sampleCount" : 1,
    "errorCount" : 0,
    "errorPct" : 0.0,
    "meanResTime" : 139.0,
    "medianResTime" : 139.0,
    "minResTime" : 139.0,
    "maxResTime" : 139.0,
    "pct1ResTime" : 139.0,
    "pct2ResTime" : 139.0,
    "pct3ResTime" : 139.0,
    "throughput" : 7.194244604316547,
    "receivedKBytesPerSec" : 998.0468749999999,
    "sentKBytesPerSec" : 3.899224370503597
  },
  "Save Poll-1" : {
    "transaction" : "Save Poll-1",
    "sampleCount" : 999,
    "errorCount" : 0,
    "errorPct" : 0.0,
    "meanResTime" : 35690.78678678676,
    "medianResTime" : 39502.0,
    "minResTime" : 53.0,
    "maxResTime" : 72623.0,
    "pct1ResTime" : 54242.0,
    "pct2ResTime" : 56424.0,
    "pct3ResTime" : 61985.0,
    "throughput" : 4.289468260511129,
    "receivedKBytesPerSec" : 191.70862057930364,
    "sentKBytesPerSec" : 2.6222725889452803
  },
  "Polls-0" : {
    "transaction" : "Polls-0",
    "sampleCount" : 999,
    "errorCount" : 0,
    "errorPct" : 0.0,
    "meanResTime" : 24322.902902902923,
    "medianResTime" : 24764.0,
    "minResTime" : 3.0,
    "maxResTime" : 60776.0,
    "pct1ResTime" : 47257.0,
    "pct2ResTime" : 49840.0,
    "pct3ResTime" : 55796.0,
    "throughput" : 8.725119435443723,
    "receivedKBytesPerSec" : 365.4264088933553,
    "sentKBytesPerSec" : 4.354039093273186
  },
  "Total" : {
    "transaction" : "Total",
    "sampleCount" : 20985,
    "errorCount" : 87,
    "errorPct" : 0.41458184,
    "meanResTime" : 28143.38131999041,
    "medianResTime" : 27680.5,
    "minResTime" : 2.0,
    "maxResTime" : 117853.0,
    "pct1ResTime" : 53078.0,
    "pct2ResTime" : 71587.40000000004,
    "pct3ResTime" : 107945.0,
    "throughput" : 87.83164450471492,
    "receivedKBytesPerSec" : 8256.553959231896,
    "sentKBytesPerSec" : 86.08056959642856
  },
  "Polls-2" : {
    "transaction" : "Polls-2",
    "sampleCount" : 999,
    "errorCount" : 0,
    "errorPct" : 0.0,
    "meanResTime" : 159.03803803803794,
    "medianResTime" : 101.0,
    "minResTime" : 75.0,
    "maxResTime" : 2326.0,
    "pct1ResTime" : 135.0,
    "pct2ResTime" : 256.0,
    "pct3ResTime" : 2093.0,
    "throughput" : 8.741763578610243,
    "receivedKBytesPerSec" : 52.19447511681936,
    "sentKBytesPerSec" : 4.609914387157746
  },
  "Show New Poll Form" : {
    "transaction" : "Show New Poll Form",
    "sampleCount" : 1000,
    "errorCount" : 0,
    "errorPct" : 0.0,
    "meanResTime" : 19691.952999999994,
    "medianResTime" : 12859.0,
    "minResTime" : 11.0,
    "maxResTime" : 63661.0,
    "pct1ResTime" : 45996.99999999999,
    "pct2ResTime" : 51268.99999999999,
    "pct3ResTime" : 59126.80000000001,
    "throughput" : 6.306363120388473,
    "receivedKBytesPerSec" : 11.282834966418617,
    "sentKBytesPerSec" : 3.212026579349814
  },
  "Save Poll-8" : {
    "transaction" : "Save Poll-8",
    "sampleCount" : 1,
    "errorCount" : 0,
    "errorPct" : 0.0,
    "meanResTime" : 51800.0,
    "medianResTime" : 51800.0,
    "minResTime" : 51800.0,
    "maxResTime" : 51800.0,
    "pct1ResTime" : 51800.0,
    "pct2ResTime" : 51800.0,
    "pct3ResTime" : 51800.0,
    "throughput" : 0.019305019305019305,
    "receivedKBytesPerSec" : 1.1042697273166024,
    "sentKBytesPerSec" : 0.012065637065637066
  },
  "Polls-1" : {
    "transaction" : "Polls-1",
    "sampleCount" : 999,
    "errorCount" : 0,
    "errorPct" : 0.0,
    "meanResTime" : 158.8948948948953,
    "medianResTime" : 99.0,
    "minResTime" : 69.0,
    "maxResTime" : 2346.0,
    "pct1ResTime" : 132.0,
    "pct2ResTime" : 279.0,
    "pct3ResTime" : 2143.0,
    "throughput" : 8.74053983113872,
    "receivedKBytesPerSec" : 1212.5928757546262,
    "sentKBytesPerSec" : 4.737304303009755
  },
  "Save Poll-7" : {
    "transaction" : "Save Poll-7",
    "sampleCount" : 999,
    "errorCount" : 0,
    "errorPct" : 0.0,
    "meanResTime" : 33032.01901901897,
    "medianResTime" : 34525.0,
    "minResTime" : 77.0,
    "maxResTime" : 62149.0,
    "pct1ResTime" : 50682.0,
    "pct2ResTime" : 52717.0,
    "pct3ResTime" : 54572.0,
    "throughput" : 4.2380431185888465,
    "receivedKBytesPerSec" : 242.20889785557776,
    "sentKBytesPerSec" : 2.648772806261189
  },
  "Polls-4" : {
    "transaction" : "Polls-4",
    "sampleCount" : 999,
    "errorCount" : 0,
    "errorPct" : 0.0,
    "meanResTime" : 22028.287287287276,
    "medianResTime" : 23150.0,
    "minResTime" : 3.0,
    "maxResTime" : 44565.0,
    "pct1ResTime" : 41738.0,
    "pct2ResTime" : 42976.0,
    "pct3ResTime" : 44140.0,
    "throughput" : 8.323404680769519,
    "receivedKBytesPerSec" : 1270.0263780822218,
    "sentKBytesPerSec" : 4.283627213638219
  },
  "Polls-3" : {
    "transaction" : "Polls-3",
    "sampleCount" : 999,
    "errorCount" : 0,
    "errorPct" : 0.0,
    "meanResTime" : 22022.79479479478,
    "medianResTime" : 23153.0,
    "minResTime" : 2.0,
    "maxResTime" : 44531.0,
    "pct1ResTime" : 41733.0,
    "pct2ResTime" : 42980.0,
    "pct3ResTime" : 44142.0,
    "throughput" : 8.323196640727842,
    "receivedKBytesPerSec" : 451.9154394803001,
    "sentKBytesPerSec" : 4.234751415839068
  },
  "Polls-6" : {
    "transaction" : "Polls-6",
    "sampleCount" : 999,
    "errorCount" : 0,
    "errorPct" : 0.0,
    "meanResTime" : 22028.17117117118,
    "medianResTime" : 23154.0,