{
  "Registration-3" : {
    "transaction" : "Registration-3",
    "sampleCount" : 4931,
    "errorCount" : 481,
    "errorPct" : 9.754614,
    "meanResTime" : 145251.15351855665,
    "medianResTime" : 151353.0,
    "minResTime" : 1.0,
    "maxResTime" : 248138.0,
    "pct1ResTime" : 199833.6,
    "pct2ResTime" : 207573.8,
    "pct3ResTime" : 219794.64000000004,
    "throughput" : 7.815954946115719,
    "receivedKBytesPerSec" : 602.6118965410318,
    "sentKBytesPerSec" : 5.729288229585553
  },
  "Registration-2" : {
    "transaction" : "Registration-2",
    "sampleCount" : 4931,
    "errorCount" : 483,
    "errorPct" : 9.795174,
    "meanResTime" : 144936.97728655435,
    "medianResTime" : 151093.0,
    "minResTime" : 1.0,
    "maxResTime" : 258143.0,
    "pct1ResTime" : 198954.80000000002,
    "pct2ResTime" : 206813.8,
    "pct3ResTime" : 224327.48000000024,
    "throughput" : 7.813676072340283,
    "receivedKBytesPerSec" : 839.6509871010367,
    "sentKBytesPerSec" : 5.805255555320066
  },
  "Registration-1" : {
    "transaction" : "Registration-1",
    "sampleCount" : 4941,
    "errorCount" : 10,
    "errorPct" : 0.20238818,
    "meanResTime" : 135149.83869662054,
    "medianResTime" : 135071.0,
    "minResTime" : 54248.0,
    "maxResTime" : 207327.0,
    "pct1ResTime" : 152988.2,
    "pct2ResTime" : 160849.4,
    "pct3ResTime" : 179641.97999999998,
    "throughput" : 7.20372651790726,
    "receivedKBytesPerSec" : 24.762358567546784,
    "sentKBytesPerSec" : 5.6974572228621
  },
  "Registration-0" : {
    "transaction" : "Registration-0",
    "sampleCount" : 4941,
    "errorCount" : 0,
    "errorPct" : 0.0,
    "meanResTime" : 131231.2204007287,
    "medianResTime" : 133191.0,
    "minResTime" : 50450.0,
    "maxResTime" : 198303.0,
    "pct1ResTime" : 160909.2,
    "pct2ResTime" : 166836.8,
    "pct3ResTime" : 177549.63999999998,
    "throughput" : 7.25219466587212,
    "receivedKBytesPerSec" : 4.451429108274342,
    "sentKBytesPerSec" : 6.109927393198554
  },
  "Welcome-3" : {
    "transaction" : "Welcome-3",
    "sampleCount" : 2990,
    "errorCount" : 426,
    "errorPct" : 14.247492,
    "meanResTime" : 92176.85585284262,
    "medianResTime" : 91442.0,
    "minResTime" : 4415.0,
    "maxResTime" : 458331.0,
    "pct1ResTime" : 130288.6,
    "pct2ResTime" : 173645.85,
    "pct3ResTime" : 185550.77000000002,
    "throughput" : 5.277314958628675,
    "receivedKBytesPerSec" : 169.2025991851711,
    "sentKBytesPerSec" : 3.4980309625275336
  },
  "Registration-5" : {
    "transaction" : "Registration-5",
    "sampleCount" : 2,
    "errorCount" : 0,
    "errorPct" : 0.0,
    "meanResTime" : 190893.0,
    "medianResTime" : 190893.0,
    "minResTime" : 188170.0,
    "maxResTime" : 193616.0,
    "pct1ResTime" : 193616.0,
    "pct2ResTime" : 193616.0,
    "pct3ResTime" : 193616.0,
    "throughput" : 0.00983327679199178,
    "receivedKBytesPerSec" : 0.36018217374416767,
    "sentKBytesPerSec" : 0.008056757059063578
  },
  "Registration-4" : {
    "transaction" : "Registration-4",
    "sampleCount" : 4931,
    "errorCount" : 502,
    "errorPct" : 10.1804905,
    "meanResTime" : 144335.8030825389,
    "medianResTime" : 151092.0,
    "minResTime" : 1.0,
    "maxResTime" : 303462.0,
    "pct1ResTime" : 198975.2,
    "pct2ResTime" : 207221.19999999998,
    "pct3ResTime" : 221079.52000000008,
    "throughput" : 7.823221529962574,
    "receivedKBytesPerSec" : 260.0840265515157,
    "sentKBytesPerSec" : 5.766299105350918
  },
  "Registration" : {
    "transaction" : "Registration",
    "sampleCount" : 5000,
    "errorCount" : 2466,
    "errorPct" : 49.32,
    "meanResTime" : 419190.70119999984,
    "medianResTime" : 429903.0,
    "minResTime" : 153564.0,
    "maxResTime" : 625156.0,
    "pct1ResTime" : 493558.0,
    "pct2ResTime" : 516815.14999999997,
    "pct3ResTime" : 554510.9799999999,
    "throughput" : 6.582082518252116,
    "receivedKBytesPerSec" : 1440.584988651667,
    "sentKBytesPerSec" : 24.997534547294237
  },
  "Total" : {
    "transaction" : "Total",
    "sampleCount" : 46637,
    "errorCount" : 7601,
    "errorPct" : 16.298218,
    "meanResTime" : 156555.2401312262,
    "medianResTime" : 159611.5,
    "minResTime" : 1.0,
    "maxResTime" : 625156.0,
    "pct1ResTime" : 448836.10000000015,
    "pct2ResTime" : 476632.55000000005,
    "pct3ResTime" : 522764.6600000002,
    "throughput" : 59.88515281712024,
    "receivedKBytesPerSec" : 4492.661440801102,
    "sentKBytesPerSec" : 68.2340064218727
  },
  "Welcome" : {
    "transaction" : "Welcome",
    "sampleCount" : 5000,
    "errorCount" : 2527,
    "errorPct" : 50.54,
    "meanResTime" : 151397.99499999994,
    "medianResTime" : 161284.0,
    "minResTime" : 13946.0,
    "maxResTime" : 536757.0,
    "pct1ResTime" : 203904.6,
    "pct2ResTime" : 218476.25,
    "pct3ResTime" : 243521.8199999999,
    "throughput" : 8.715067829372916,
    "receivedKBytesPerSec" : 1148.8964113011987,
    "sentKBytesPerSec" : 13.217244635439997
  },
  "Welcome-0" : {
    "transaction" : "Welcome-0",
    "sampleCount" : 2990,
    "errorCount" : 0,
    "errorPct" : 0.0,
    "meanResTime" : 56146.49230769235,
    "medianResTime" : 66831.5,
    "minResTime" : 1818.0,
    "maxResTime" : 135974.0,
    "pct1ResTime" : 96684.1,
    "pct2ResTime" : 102662.79999999999,
    "pct3ResTime" : 111540.60000000002,
    "throughput" : 16.079418344519016,
    "receivedKBytesPerSec" : 69.4850330159127,
    "sentKBytesPerSec" : 8.306652640869688
  },
  "Welcome-1" : {
    "transaction" : "Welcome-1",
    "sampleCount" : 2990,
    "errorCount" : 299,
    "errorPct" : 10.0,
    "meanResTime" : 90782.02541806032,
    "medianResTime" : 90987.5,
    "minResTime" : 4402.0,
    "maxResTime" : 191244.0,
    "pct1ResTime" : 128980.6,
    "pct2ResTime" : 174063.79999999996,
    "pct3ResTime" : 185209.07,
    "throughput" : 9.392001407229642,
    "receivedKBytesPerSec" : 1008.005155416617,
    "sentKBytesPerSec" : 6.537713479563759
  },
  "Welcome-2" : {
    "transaction" : "Welcome-2",
    "sampleCount" : 2990,
    "errorCount" : 407,
    "errorPct" : 13.6120405,
    "meanResTime" : 91702.36421404687,
    "medianResTime" : 91187.0,
    "minResTime" : 3068.0,
    "maxResTime" : 196179.0,
    "pct1ResTime" : 129521.90000000001,
    "pct2ResTime" : 174629.3,
    "pct3ResTime" : 184856.14,
    "throughput" : 9.248776625031706,
    "receivedKBytesPerSec" : 685.2296400526546,
    "sentKBytesPerSec" : 6.10633246374727
  }
}