{
  "Welcome-3" : {
    "transaction" : "Welcome-3",
    "sampleCount" : 868,
    "errorCount" : 0,
    "errorPct" : 0.0,
    "meanResTime" : 7.271889400921661,
    "medianResTime" : 3.0,
    "minResTime" : 2.0,
    "maxResTime" : 329.0,
    "pct1ResTime" : 10.0,
    "pct2ResTime" : 33.19999999999982,
    "pct3ResTime" : 75.61999999999989,
    "throughput" : 13.50132213407995,
    "receivedKBytesPerSec" : 769.0875209013843,
    "sentKBytesPerSec" : 8.12188909628247
  },
  "Registration" : {
    "transaction" : "Registration",
    "sampleCount" : 1000,
    "errorCount" : 132,
    "errorPct" : 13.2,
    "meanResTime" : 836.9409999999989,
    "medianResTime" : 714.0,
    "minResTime" : 4.0,
    "maxResTime" : 4758.0,
    "pct1ResTime" : 1660.3999999999999,
    "pct2ResTime" : 1788.85,
    "pct3ResTime" : 2059.63,
    "throughput" : 15.488267637264773,
    "receivedKBytesPerSec" : 53.53283754743282,
    "sentKBytesPerSec" : 12.09406823549911
  },
  "Total" : {
    "transaction" : "Total",
    "sampleCount" : 6340,
    "errorCount" : 264,
    "errorPct" : 4.1640377,
    "meanResTime" : 525.4268138801253,
    "medianResTime" : 256.0,
    "minResTime" : 2.0,
    "maxResTime" : 5652.0,
    "pct1ResTime" : 1088.7000000000016,
    "pct2ResTime" : 1744.9499999999998,
    "pct3ResTime" : 4543.0,
    "throughput" : 95.5150127303132,
    "receivedKBytesPerSec" : 7722.286028104615,
    "sentKBytesPerSec" : 79.16572311380449
  },
  "Welcome" : {
    "transaction" : "Welcome",
    "sampleCount" : 1000,
    "errorCount" : 132,
    "errorPct" : 13.2,
    "meanResTime" : 1092.4900000000005,
    "medianResTime" : 371.0,
    "minResTime" : 146.0,
    "maxResTime" : 5652.0,
    "pct1ResTime" : 4440.2,
    "pct2ResTime" : 4590.95,
    "pct3ResTime" : 4817.71,
    "throughput" : 15.068410584051595,
    "receivedKBytesPerSec" : 3815.6110970367968,
    "sentKBytesPerSec" : 28.483416272376587
  },
  "Welcome-0" : {
    "transaction" : "Welcome-0",
    "sampleCount" : 868,
    "errorCount" : 0,
    "errorPct" : 0.0,
    "meanResTime" : 297.00806451612885,
    "medianResTime" : 102.0,
    "minResTime" : 4.0,
    "maxResTime" : 4414.0,
    "pct1ResTime" : 800.5000000000003,
    "pct2ResTime" : 1322.7499999999998,
    "pct3ResTime" : 3086.3499999999954,
    "throughput" : 13.483704601236523,
    "receivedKBytesPerSec" : 45.1651433420325,
    "sentKBytesPerSec" : 6.781355341442198
  },
  "Welcome-1" : {
    "transaction" : "Welcome-1",
    "sampleCount" : 868,
    "errorCount" : 0,
    "errorPct" : 0.0,
    "meanResTime" : 215.78917050691226,
    "medianResTime" : 173.0,
    "minResTime" : 82.0,
    "maxResTime" : 1616.0,
    "pct1ResTime" : 324.1,
    "pct2ResTime" : 470.54999999999995,
    "pct3ResTime" : 1130.739999999997,
    "throughput" : 13.478470162580164,
    "receivedKBytesPerSec" : 1921.761996013137,
    "sentKBytesPerSec" : 7.26573782201587
  },
  "Welcome-2" : {
    "transaction" : "Welcome-2",
    "sampleCount" : 868,
    "errorCount" : 0,
    "errorPct" : 0.0,
    "meanResTime" : 268.3041474654381,
    "medianResTime" : 220.0,
    "minResTime" : 116.0,
    "maxResTime" : 1979.0,
    "pct1ResTime" : 406.4000000000001,
    "pct2ResTime" : 578.2999999999997,
    "pct3ResTime" : 1294.31,
    "throughput" : 13.474913065076999,
    "receivedKBytesPerSec" : 1191.3718059177845,
    "sentKBytesPerSec" : 7.198024850192499
  },
  "Registration-0" : {
    "transaction" : "Registration-0",
    "sampleCount" : 868,
    "errorCount" : 0,
    "errorPct" : 0.0,
    "meanResTime" : 826.5748847926267,
    "medianResTime" : 714.0,
    "minResTime" : 384.0,
    "maxResTime" : 2185.0,
    "pct1ResTime" : 1495.1,
    "pct2ResTime" : 1707.0,
    "pct3ResTime" : 1975.31,
    "throughput" : 13.76161334305736,
    "receivedKBytesPerSec" : 48.380671909186034,
    "sentKBytesPerSec" : 10.993163783809495
  }
}