{
  "Login Welcome-1" : {
    "transaction" : "Login Welcome-1",
    "sampleCount" : 2999,
    "errorCount" : 533,
    "errorPct" : 17.77259,
    "meanResTime" : 30824.01267089033,
    "medianResTime" : 37314.0,
    "minResTime" : 0.0,
    "maxResTime" : 68601.0,
    "pct1ResTime" : 54794.0,
    "pct2ResTime" : 56360.0,
    "pct3ResTime" : 58895.0,
    "throughput" : 18.913856496868714,
    "receivedKBytesPerSec" : 1855.5103595777018,
    "sentKBytesPerSec" : 9.370912949117374
  },
  "Login Welcome-0" : {
    "transaction" : "Login Welcome-0",
    "sampleCount" : 2999,
    "errorCount" : 0,
    "errorPct" : 0.0,
    "meanResTime" : 28342.228076025345,
    "medianResTime" : 31523.0,
    "minResTime" : 71.0,
    "maxResTime" : 52033.0,
    "pct1ResTime" : 46573.0,
    "pct2ResTime" : 47784.0,
    "pct3ResTime" : 49211.0,
    "throughput" : 26.923180508299595,
    "receivedKBytesPerSec" : 69.14840306330852,
    "sentKBytesPerSec" : 13.435298085684659
  },
  "Login" : {
    "transaction" : "Login",
    "sampleCount" : 3000,
    "errorCount" : 2472,
    "errorPct" : 82.4,
    "meanResTime" : 91619.33733333326,
    "medianResTime" : 93772.0,
    "minResTime" : 0.0,
    "maxResTime" : 150635.0,
    "pct1ResTime" : 126810.1,
    "pct2ResTime" : 136988.59999999998,
    "pct3ResTime" : 146958.85,
    "throughput" : 10.777449265157586,
    "receivedKBytesPerSec" : 2023.6237302536924,
    "sentKBytesPerSec" : 33.3957403310563
  },
  "Login-0" : {
    "transaction" : "Login-0",
    "sampleCount" : 2976,
    "errorCount" : 0,
    "errorPct" : 0.0,
    "meanResTime" : 20683.138104838687,
    "medianResTime" : 6624.0,
    "minResTime" : 331.0,
    "maxResTime" : 60393.0,
    "pct1ResTime" : 48066.8,
    "pct2ResTime" : 51250.3,
    "pct3ResTime" : 55935.08,
    "throughput" : 14.15962888069466,
    "receivedKBytesPerSec" : 5.234909338943737,
    "sentKBytesPerSec" : 10.370431634352325
  },
  "Logout-2" : {
    "transaction" : "Logout-2",
    "sampleCount" : 2167,
    "errorCount" : 391,
    "errorPct" : 18.043379,
    "meanResTime" : 22536.47946469773,
    "medianResTime" : 21125.0,
    "minResTime" : 0.0,
    "maxResTime" : 69523.0,
    "pct1ResTime" : 48407.200000000004,
    "pct2ResTime" : 54687.2,
    "pct3ResTime" : 56589.200000000004,
    "throughput" : 7.903163453613135,
    "receivedKBytesPerSec" : 773.2796830494558,
    "sentKBytesPerSec" : 3.90274541018403
  },
  "Login-1" : {
    "transaction" : "Login-1",
    "sampleCount" : 2976,
    "errorCount" : 17,
    "errorPct" : 0.57123655,
    "meanResTime" : 41288.55443548386,
    "medianResTime" : 45494.0,
    "minResTime" : 0.0,
    "maxResTime" : 60414.0,
    "pct1ResTime" : 55214.2,
    "pct2ResTime" : 56148.3,
    "pct3ResTime" : 57762.37,
    "throughput" : 12.127930101392103,
    "receivedKBytesPerSec" : 39.82127963849518,
    "sentKBytesPerSec" : 7.398691470562466
  },
  "Logout-1" : {
    "transaction" : "Logout-1",
    "sampleCount" : 2203,
    "errorCount" : 36,
    "errorPct" : 1.6341352,
    "meanResTime" : 33797.57512482965,
    "medianResTime" : 35043.0,
    "minResTime" : 0.0,
    "maxResTime" : 58405.0,
    "pct1ResTime" : 53555.0,
    "pct2ResTime" : 54715.2,
    "pct3ResTime" : 55884.84,
    "throughput" : 7.863139259301563,
    "receivedKBytesPerSec" : 20.854489956695627,
    "sentKBytesPerSec" : 3.9126426487857286
  },
  "Login-2" : {
    "transaction" : "Login-2",
    "sampleCount" : 2959,
    "errorCount" : 720,
    "errorPct" : 24.332544,
    "meanResTime" : 18582.478877999307,
    "medianResTime" : 116.0,
    "minResTime" : 0.0,
    "maxResTime" : 58231.0,
    "pct1ResTime" : 53351.0,
    "pct2ResTime" : 55172.0,
    "pct3ResTime" : 56660.8,
    "throughput" : 10.8298624581848,
    "receivedKBytesPerSec" : 567.9192095383034,
    "sentKBytesPerSec" : 5.054806248993507
  },
  "Logout-0" : {
    "transaction" : "Logout-0",
    "sampleCount" : 2203,
    "errorCount" : 0,
    "errorPct" : 0.0,
    "meanResTime" : 9270.137993645043,
    "medianResTime" : 2263.0,
    "minResTime" : 18.0,
    "maxResTime" : 66728.0,
    "pct1ResTime" : 40113.00000000001,
    "pct2ResTime" : 50809.999999999985,
    "pct3ResTime" : 56468.880000000005,
    "throughput" : 8.053401767142267,
    "receivedKBytesPerSec" : 3.554821873777642,
    "sentKBytesPerSec" : 4.545767794343975
  },
  "Login-3" : {
    "transaction" : "Login-3",
    "sampleCount" : 2959,
    "errorCount" : 1050,
    "errorPct" : 35.484962,
    "meanResTime" : 27273.75025346409,
    "medianResTime" : 34132.0,
    "minResTime" : 0.0,
    "maxResTime" : 70158.0,
    "pct1ResTime" : 54531.0,
    "pct2ResTime" : 55641.0,
    "pct3ResTime" : 57039.6,
    "throughput" : 10.834065612185121,
    "receivedKBytesPerSec" : 527.1012434152112,
    "sentKBytesPerSec" : 4.428656588678969
  },
  "Login-4" : {
    "transaction" : "Login-4",
    "sampleCount" : 2959,
    "errorCount" : 1094,
    "errorPct" : 36.97195,
    "meanResTime" : 26722.669482933434,
    "medianResTime" : 33814.0,
    "minResTime" : 0.0,
    "maxResTime" : 69303.0,
    "pct1ResTime" : 54454.0,
    "pct2ResTime" : 55678.0,
    "pct3ResTime" : 57083.4,
    "throughput" : 10.839542533939968,
    "receivedKBytesPerSec" : 540.1448637467397,
    "sentKBytesPerSec" : 4.378229093401762
  },
  "Login-5" : {
    "transaction" : "Login-5",
    "sampleCount" : 999,
    "errorCount" : 360,
    "errorPct" : 36.036037,
    "meanResTime" : 24615.216216216206,
    "medianResTime" : 27951.0,
    "minResTime" : 0.0,
    "maxResTime" : 82718.0,
    "pct1ResTime" : 52902.0,
    "pct2ResTime" : 55233.0,
    "pct3ResTime" : 58625.0,
    "throughput" : 4.32435708194635,
    "receivedKBytesPerSec" : 62.397751707666536,
    "sentKBytesPerSec" : 1.7422748853439358
  },
  "Login-6" : {
    "transaction" : "Login-6",
    "sampleCount" : 999,
    "errorCount" : 368,
    "errorPct" : 36.836838,
    "meanResTime" : 24211.69969969966,
    "medianResTime" : 26980.0,
    "minResTime" : 0.0,
    "maxResTime" : 69425.0,
    "pct1ResTime" : 52788.0,
    "pct2ResTime" : 55083.0,
    "pct3ResTime" : 57581.0,
    "throughput" : 4.346161543213636,
    "receivedKBytesPerSec" : 237.16417955596498,
    "sentKBytesPerSec" : 1.7076906924601276
  },
  "Logout-4" : {
    "transaction" : "Logout-4",
    "sampleCount" : 2167,
    "errorCount" : 399,
    "errorPct" : 18.412552,
    "meanResTime" : 22328.245962159705,
    "medianResTime" : 20279.0,
    "minResTime" : 0.0,
    "maxResTime" : 69568.0,
    "pct1ResTime" : 47482.40000000001,
    "pct2ResTime" : 54446.6,
    "pct3ResTime" : 56761.00000000001,
    "throughput" : 7.903278748313213,
    "receivedKBytesPerSec" : 240.0528139417466,
    "sentKBytesPerSec" : 3.8726282413654767
  },
  "Login-7" : {
    "transaction" : "Login-7",
    "sampleCount" : 999,
    "errorCount" : 380,
    "errorPct" : 38.038036,
    "meanResTime" : 23698.008008008008,
    "medianResTime" : 25085.0,
    "minResTime" : 0.0,
    "maxResTime" : 74438.0,
    "pct1ResTime" : 52801.0,
    "pct2ResTime" : 54986.0,
    "pct3ResTime" : 57718.0,
    "throughput" : 4.323889163009323,
    "receivedKBytesPerSec" : 22.880343454869678,
    "sentKBytesPerSec" : 1.6718627254460228
  },
  "Logout-3" : {
    "transaction" : "Logout-3",
    "sampleCount" : 2167,
    "errorCount" : 394,
    "errorPct" : 18.181818,
    "meanResTime" : 22301.59944623899,
    "medianResTime" : 20401.0,
    "minResTime" : 1.0,
    "maxResTime" : 68302.0,
    "pct1ResTime" : 47216.4,
    "pct2ResTime" : 54240.799999999974,
    "pct3ResTime" : 56498.16,
    "throughput" : 7.904114735502132,
    "receivedKBytesPerSec" : 554.2622395006948,
    "sentKBytesPerSec" : 3.8334675781292744
  },
  "Login-8" : {
    "transaction" : "Login-8",
    "sampleCount" : 999,
    "errorCount" : 465,
    "errorPct" : 46.546547,
    "meanResTime" : 21422.213213213203,
    "medianResTime" : 17305.0,
    "minResTime" : 0.0,
    "maxResTime" : 88571.0,
    "pct1ResTime" : 51598.0,
    "pct2ResTime" : 54857.0,
    "pct3ResTime" : 65071.0,
    "throughput" : 4.39061051021619,