{
  "Save Poll" : {
    "transaction" : "Save Poll",
    "sampleCount" : 500,
    "errorCount" : 48,
    "errorPct" : 9.6,
    "meanResTime" : 68898.82199999999,
    "medianResTime" : 69105.0,
    "minResTime" : 2331.0,
    "maxResTime" : 164782.0,
    "pct1ResTime" : 101994.3,
    "pct2ResTime" : 114511.75,
    "pct3ResTime" : 142605.19000000003,
    "throughput" : 1.646746522894717,
    "receivedKBytesPerSec" : 671.4431310754654,
    "sentKBytesPerSec" : 10.528258401906603
  },
  "Polls" : {
    "transaction" : "Polls",
    "sampleCount" : 500,
    "errorCount" : 43,
    "errorPct" : 8.6,
    "meanResTime" : 16367.17,
    "medianResTime" : 11374.5,
    "minResTime" : 1458.0,
    "maxResTime" : 255899.0,
    "pct1ResTime" : 34686.4,
    "pct2ResTime" : 41232.75,
    "pct3ResTime" : 55173.030000000006,
    "throughput" : 1.6337573478236718,
    "receivedKBytesPerSec" : 903.7915334303513,
    "sentKBytesPerSec" : 9.104620178986286
  },
  "Save Poll-0" : {
    "transaction" : "Save Poll-0",
    "sampleCount" : 495,
    "errorCount" : 0,
    "errorPct" : 0.0,
    "meanResTime" : 19268.842424242426,
    "medianResTime" : 17572.0,
    "minResTime" : 151.0,
    "maxResTime" : 64598.0,
    "pct1ResTime" : 34810.00000000001,
    "pct2ResTime" : 42374.799999999996,
    "pct3ResTime" : 55010.12000000007,
    "throughput" : 1.6420688076590069,
    "receivedKBytesPerSec" : 0.7248194346307335,
    "sentKBytesPerSec" : 1.586643154190261
  },
  "Show New Poll Form-0" : {
    "transaction" : "Show New Poll Form-0",
    "sampleCount" : 490,
    "errorCount" : 0,
    "errorPct" : 0.0,
    "meanResTime" : 13785.675510204084,
    "medianResTime" : 12322.5,
    "minResTime" : 322.0,
    "maxResTime" : 58817.0,
    "pct1ResTime" : 26226.300000000003,
    "pct2ResTime" : 31566.199999999997,
    "pct3ResTime" : 46468.94999999997,
    "throughput" : 1.622667002238618,
    "receivedKBytesPerSec" : 2.818222928160558,
    "sentKBytesPerSec" : 1.1155835640390501
  },
  "Save Poll-2" : {
    "transaction" : "Save Poll-2",
    "sampleCount" : 492,
    "errorCount" : 1,
    "errorPct" : 0.20325203,
    "meanResTime" : 16865.7337398374,
    "medianResTime" : 16030.0,
    "minResTime" : 85.0,
    "maxResTime" : 56994.0,
    "pct1ResTime" : 30618.1,
    "pct2ResTime" : 35185.1,
    "pct3ResTime" : 44549.07999999997,
    "throughput" : 1.6451603195356101,
    "receivedKBytesPerSec" : 90.63543246274146,
    "sentKBytesPerSec" : 1.2967432325226793
  },
  "Show New Poll Form-1" : {
    "transaction" : "Show New Poll Form-1",
    "sampleCount" : 10,
    "errorCount" : 0,
    "errorPct" : 0.0,
    "meanResTime" : 104.8,
    "medianResTime" : 104.5,
    "minResTime" : 95.0,
    "maxResTime" : 120.0,
    "pct1ResTime" : 119.5,
    "pct2ResTime" : 120.0,
    "pct3ResTime" : 120.0,
    "throughput" : 0.29504617472634465,
    "receivedKBytesPerSec" : 40.9322398799162,
    "sentKBytesPerSec" : 0.15991272165343876
  },
  "Save Poll-1" : {
    "transaction" : "Save Poll-1",
    "sampleCount" : 495,
    "errorCount" : 3,
    "errorPct" : 0.6060606,
    "meanResTime" : 21611.092929292932,
    "medianResTime" : 19338.0,
    "minResTime" : 499.0,
    "maxResTime" : 66180.0,
    "pct1ResTime" : 38921.200000000004,
    "pct2ResTime" : 44882.0,
    "pct3ResTime" : 57257.04000000008,
    "throughput" : 1.646624419939125,
    "receivedKBytesPerSec" : 68.48357676658682,
    "sentKBytesPerSec" : 1.288033359737538
  },
  "Polls-0" : {
    "transaction" : "Polls-0",
    "sampleCount" : 490,
    "errorCount" : 0,
    "errorPct" : 0.0,
    "meanResTime" : 10787.383673469394,
    "medianResTime" : 8676.0,
    "minResTime" : 503.0,
    "maxResTime" : 43627.0,
    "pct1ResTime" : 22355.500000000004,
    "pct2ResTime" : 26579.999999999996,
    "pct3ResTime" : 35190.889999999934,
    "throughput" : 4.757789666857626,
    "receivedKBytesPerSec" : 210.3911639683607,
    "sentKBytesPerSec" : 2.4253576231442193
  },
  "Total" : {
    "transaction" : "Total",
    "sampleCount" : 10291,
    "errorCount" : 159,
    "errorPct" : 1.5450393,
    "meanResTime" : 14068.316587309291,
    "medianResTime" : 9046.0,
    "minResTime" : 53.0,
    "maxResTime" : 255899.0,
    "pct1ResTime" : 32092.000000000007,
    "pct2ResTime" : 44921.0,
    "pct3ResTime" : 93068.56,
    "throughput" : 33.33657272432783,
    "receivedKBytesPerSec" : 3127.1089321145128,
    "sentKBytesPerSec" : 40.97089040229187
  },
  "Polls-2" : {
    "transaction" : "Polls-2",
    "sampleCount" : 490,
    "errorCount" : 1,
    "errorPct" : 0.20408164,
    "meanResTime" : 607.4204081632653,
    "medianResTime" : 108.0,
    "minResTime" : 80.0,
    "maxResTime" : 240088.0,
    "pct1ResTime" : 149.90000000000003,
    "pct2ResTime" : 180.34999999999997,
    "pct3ResTime" : 426.69999999999925,
    "throughput" : 1.614449653881763,
    "receivedKBytesPerSec" : 9.624286651096012,
    "sentKBytesPerSec" : 0.8496324450016309
  },
  "Show New Poll Form" : {
    "transaction" : "Show New Poll Form",
    "sampleCount" : 500,
    "errorCount" : 10,
    "errorPct" : 2.0,
    "meanResTime" : 14624.617999999991,
    "medianResTime" : 12605.5,
    "minResTime" : 322.0,
    "maxResTime" : 82370.0,
    "pct1ResTime" : 28104.100000000002,
    "pct2ResTime" : 36477.2,
    "pct3ResTime" : 58980.35,
    "throughput" : 1.6557826553455286,
    "receivedKBytesPerSec" : 7.887023155292544,
    "sentKBytesPerSec" : 1.1562990008179568
  },
  "Save Poll-8" : {
    "transaction" : "Save Poll-8",
    "sampleCount" : 11,
    "errorCount" : 1,
    "errorPct" : 9.090909,
    "meanResTime" : 11818.818181818182,
    "medianResTime" : 11583.0,
    "minResTime" : 772.0,
    "maxResTime" : 24757.0,
    "pct1ResTime" : 23930.000000000004,
    "pct2ResTime" : 24757.0,
    "pct3ResTime" : 24757.0,
    "throughput" : 0.056518946692357096,
    "receivedKBytesPerSec" : 2.956160685613359,
    "sentKBytesPerSec" : 0.040893946692357096
  },
  "Polls-1" : {
    "transaction" : "Polls-1",
    "sampleCount" : 490,
    "errorCount" : 0,
    "errorPct" : 0.0,
    "meanResTime" : 124.77346938775517,
    "medianResTime" : 109.5,
    "minResTime" : 72.0,
    "maxResTime" : 1100.0,
    "pct1ResTime" : 154.0,
    "pct2ResTime" : 214.89999999999998,
    "pct3ResTime" : 391.17999999999745,
    "throughput" : 4.87280972175262,
    "receivedKBytesPerSec" : 676.0129648436723,
    "sentKBytesPerSec" : 2.6410248003639687
  },
  "Save Poll-7" : {
    "transaction" : "Save Poll-7",
    "sampleCount" : 466,
    "errorCount" : 4,
    "errorPct" : 0.8583691,
    "meanResTime" : 17580.774678111567,
    "medianResTime" : 16232.0,
    "minResTime" : 420.0,
    "maxResTime" : 107723.0,
    "pct1ResTime" : 30755.9,
    "pct2ResTime" : 35516.24999999998,
    "pct3ResTime" : 65588.0499999999,
    "throughput" : 1.556654195617317,
    "receivedKBytesPerSec" : 89.03213900592097,
    "sentKBytesPerSec" : 1.2847329511290753
  },
  "Polls-4" : {
    "transaction" : "Polls-4",
    "sampleCount" : 490,
    "errorCount" : 1,
    "errorPct" : 0.20408164,
    "meanResTime" : 3989.6836734693884,
    "medianResTime" : 1447.5,
    "minResTime" : 114.0,
    "maxResTime" : 16322.0,
    "pct1ResTime" : 13038.900000000003,
    "pct2ResTime" : 14542.9,
    "pct3ResTime" : 15686.449999999997,
    "throughput" : 4.297642436149313,
    "receivedKBytesPerSec" : 654.282280008946,
    "sentKBytesPerSec" : 2.9737294272295114
  },
  "Polls-3" : {
    "transaction" : "Polls-3",
    "sampleCount" : 490,
    "errorCount" : 0,
    "errorPct" : 0.0,
    "meanResTime" : 3864.1530612244906,
    "medianResTime" : 1287.5,
    "minResTime" : 57.0,
    "maxResTime" : 16211.0,
    "pct1ResTime" : 12987.900000000001,
    "pct2ResTime" : 14486.05,
    "pct3ResTime" : 15817.399999999998,
    "throughput" : 4.298811247093916,
    "receivedKBytesPerSec" : 233.24409461771285,
    "sentKBytesPerSec" : 2.955432732377067
  },
  "Polls-6" : {
    "transaction" : "Polls-6",
    "sampleCount" : 490,
    "errorCount" : 1,
    "errorPct" : 0.20408164,
    "meanResTime" : 3946.2857142857138,