{
  "Show Contact Page-6" : {
    "transaction" : "Show Contact Page-6",
    "sampleCount" : 2720,
    "errorCount" : 349,
    "errorPct" : 12.830882,
    "meanResTime" : 12.95147058823528,
    "medianResTime" : 5.0,
    "minResTime" : 1.0,
    "maxResTime" : 319.0,
    "pct1ResTime" : 23.0,
    "pct2ResTime" : 53.94999999999982,
    "pct3ResTime" : 144.57999999999993,
    "throughput" : 45.61156387295838,
    "receivedKBytesPerSec" : 291.09002087211155,
    "sentKBytesPerSec" : 20.345526985444543
  },
  "Show Contact Page-5" : {
    "transaction" : "Show Contact Page-5",
    "sampleCount" : 2720,
    "errorCount" : 351,
    "errorPct" : 12.904411,
    "meanResTime" : 12.921691176470576,
    "medianResTime" : 6.0,
    "minResTime" : 1.0,
    "maxResTime" : 477.0,
    "pct1ResTime" : 24.0,
    "pct2ResTime" : 48.94999999999982,
    "pct3ResTime" : 144.3699999999999,
    "throughput" : 45.61156387295838,
    "receivedKBytesPerSec" : 3386.4028909682397,
    "sentKBytesPerSec" : 20.250775826290372
  },
  "Show Contact Page-4" : {
    "transaction" : "Show Contact Page-4",
    "sampleCount" : 2720,
    "errorCount" : 317,
    "errorPct" : 11.654411,
    "meanResTime" : 13.08235294117646,
    "medianResTime" : 5.0,
    "minResTime" : 1.0,
    "maxResTime" : 300.0,
    "pct1ResTime" : 25.0,
    "pct2ResTime" : 54.94999999999982,
    "pct3ResTime" : 152.3699999999999,
    "throughput" : 45.606975184439975,
    "receivedKBytesPerSec" : 863.2688710387324,
    "sentKBytesPerSec" : 20.85412867831992
  },
  "Show Contact Page-3" : {
    "transaction" : "Show Contact Page-3",
    "sampleCount" : 2720,
    "errorCount" : 346,
    "errorPct" : 12.720589,
    "meanResTime" : 12.916176470588262,
    "medianResTime" : 6.0,
    "minResTime" : 2.0,
    "maxResTime" : 330.0,
    "pct1ResTime" : 23.0,
    "pct2ResTime" : 47.0,
    "pct3ResTime" : 144.94999999999982,
    "throughput" : 45.612328744151725,
    "receivedKBytesPerSec" : 6079.5344675976385,
    "sentKBytesPerSec" : 20.488242929669813
  },
  "Show Contact Page-7" : {
    "transaction" : "Show Contact Page-7",
    "sampleCount" : 2720,
    "errorCount" : 418,
    "errorPct" : 15.367647,
    "meanResTime" : 11.21029411764706,
    "medianResTime" : 4.0,
    "minResTime" : 0.0,
    "maxResTime" : 282.0,
    "pct1ResTime" : 21.0,
    "pct2ResTime" : 46.94999999999982,
    "pct3ResTime" : 138.3699999999999,
    "throughput" : 45.6720678364537,
    "receivedKBytesPerSec" : 2219.238059881622,
    "sentKBytesPerSec" : 19.817389125598186
  },
  "Show Contact Page-2" : {
    "transaction" : "Show Contact Page-2",
    "sampleCount" : 2720,
    "errorCount" : 294,
    "errorPct" : 10.808824,
    "meanResTime" : 12.878676470588212,
    "medianResTime" : 5.0,
    "minResTime" : 1.0,
    "maxResTime" : 944.0,
    "pct1ResTime" : 23.0,
    "pct2ResTime" : 46.0,
    "pct3ResTime" : 145.78999999999996,
    "throughput" : 45.6215091997786,
    "receivedKBytesPerSec" : 2211.9541431500643,
    "sentKBytesPerSec" : 20.702810513493567
  },
  "Show Contact Page-1" : {
    "transaction" : "Show Contact Page-1",
    "sampleCount" : 2720,
    "errorCount" : 57,
    "errorPct" : 2.0955882,
    "meanResTime" : 244.06286764705854,
    "medianResTime" : 98.0,
    "minResTime" : 3.0,
    "maxResTime" : 4461.0,
    "pct1ResTime" : 218.80000000000018,
    "pct2ResTime" : 680.1999999999971,
    "pct3ResTime" : 3700.79,
    "throughput" : 45.54664344680923,
    "receivedKBytesPerSec" : 268.83600173311675,
    "sentKBytesPerSec" : 23.51540391249016
  },
  "Show Contact Page-0" : {
    "transaction" : "Show Contact Page-0",
    "sampleCount" : 2720,
    "errorCount" : 0,
    "errorPct" : 0.0,
    "meanResTime" : 3.895955882352943,
    "medianResTime" : 2.0,
    "minResTime" : 1.0,
    "maxResTime" : 128.0,
    "pct1ResTime" : 7.0,
    "pct2ResTime" : 12.949999999999818,
    "pct3ResTime" : 45.0,
    "throughput" : 45.53749309403827,
    "receivedKBytesPerSec" : 267.2214804707773,
    "sentKBytesPerSec" : 22.81321675511878
  },
  "Send Email-2" : {
    "transaction" : "Send Email-2",
    "sampleCount" : 949,
    "errorCount" : 436,
    "errorPct" : 45.943096,
    "meanResTime" : 8.031612223393038,
    "medianResTime" : 6.0,
    "minResTime" : 1.0,
    "maxResTime" : 98.0,
    "pct1ResTime" : 16.0,
    "pct2ResTime" : 24.5,
    "pct3ResTime" : 45.0,
    "throughput" : 35.38272249356847,
    "receivedKBytesPerSec" : 1369.2841182632078,
    "sentKBytesPerSec" : 9.788199428619365
  },
  "Send Email-1" : {
    "transaction" : "Send Email-1",
    "sampleCount" : 959,
    "errorCount" : 204,
    "errorPct" : 21.272158,
    "meanResTime" : 47.51929092805004,
    "medianResTime" : 17.0,
    "minResTime" : 1.0,
    "maxResTime" : 130.0,
    "pct1ResTime" : 99.0,
    "pct2ResTime" : 104.0,
    "pct3ResTime" : 116.39999999999998,
    "throughput" : 17.32516756092714,
    "receivedKBytesPerSec" : 517.6532994767673,
    "sentKBytesPerSec" : 7.104914283101187
  },
  "Show Contact Page" : {
    "transaction" : "Show Contact Page",
    "sampleCount" : 5000,
    "errorCount" : 2798,
    "errorPct" : 55.96,
    "meanResTime" : 139.68800000000013,
    "medianResTime" : 88.0,
    "minResTime" : 2.0,
    "maxResTime" : 4562.0,
    "pct1ResTime" : 143.0,
    "pct2ResTime" : 248.0,
    "pct3ResTime" : 3160.179999999982,
    "throughput" : 83.48499774590506,
    "receivedKBytesPerSec" : 15611.772633696006,
    "sentKBytesPerSec" : 168.1046414006278
  },
  "Send Email-4" : {
    "transaction" : "Send Email-4",
    "sampleCount" : 845,
    "errorCount" : 507,
    "errorPct" : 60.0,
    "meanResTime" : 9.220118343195262,
    "medianResTime" : 7.0,
    "minResTime" : 1.0,
    "maxResTime" : 87.0,
    "pct1ResTime" : 17.0,
    "pct2ResTime" : 27.0,
    "pct3ResTime" : 57.07999999999993,
    "throughput" : 31.505163864136314,
    "receivedKBytesPerSec" : 462.55404755135896,
    "sentKBytesPerSec" : 6.485050776443831
  },
  "Send Email-3" : {
    "transaction" : "Send Email-3",
    "sampleCount" : 929,
    "errorCount" : 507,
    "errorPct" : 54.57481,
    "meanResTime" : 8.546824542518852,
    "medianResTime" : 6.0,
    "minResTime" : 2.0,
    "maxResTime" : 112.0,
    "pct1ResTime" : 17.0,
    "pct2ResTime" : 22.0,
    "pct3ResTime" : 41.700000000000045,
    "throughput" : 34.637038141754594,
    "receivedKBytesPerSec" : 1422.460442318985,
    "sentKBytesPerSec" : 8.075601324521829
  },
  "Send Email-6" : {
    "transaction" : "Send Email-6",
    "sampleCount" : 466,
    "errorCount" : 348,
    "errorPct" : 74.67811,
    "meanResTime" : 10.152360515021451,
    "medianResTime" : 8.0,
    "minResTime" : 1.0,
    "maxResTime" : 82.0,
    "pct1ResTime" : 20.0,
    "pct2ResTime" : 26.649999999999977,
    "pct3ResTime" : 44.63999999999987,
    "throughput" : 17.378981129260833,
    "receivedKBytesPerSec" : 67.77439898467219,
    "sentKBytesPerSec" : 2.251986485604535
  },
  "Send Email-5" : {
    "transaction" : "Send Email-5",
    "sampleCount" : 630,
    "errorCount" : 453,
    "errorPct" : 71.90476,
    "meanResTime" : 9.928571428571445,
    "medianResTime" : 8.0,
    "minResTime" : 2.0,
    "maxResTime" : 81.0,
    "pct1ResTime" : 19.0,
    "pct2ResTime" : 24.0,
    "pct3ResTime" : 61.139999999999645,
    "throughput" : 23.48905708213713,
    "receivedKBytesPerSec" : 546.0366876701092,
    "sentKBytesPerSec" : 3.3682868018530256
  },
  "Total" : {
    "transaction" : "Total",
    "sampleCount" : 40140,
    "errorCount" : 10415,
    "errorPct" : 25.946686,
    "meanResTime" : 43.87414050822105,
    "medianResTime" : 6.0,
    "minResTime" : 0.0,
    "maxResTime" : 4562.0,
    "pct1ResTime" : 90.0,
    "pct2ResTime" : 98.0,
    "pct3ResTime" : 111.0,
    "throughput" : 668.7882170645962,
    "receivedKBytesPerSec" : 36392.19219577863,
    "sentKBytesPerSec" : 446.79822743631183
  },
  "Send Email-7" : {
    "transaction" : "Send Email-7",
    "sampleCount" : 441,
    "errorCount" : 343,
    "errorPct" : 77.77778,
    "meanResTime" : 10.530612244897952,
    "medianResTime" : 7.0,