{
  "Login Welcome-1" : {
    "transaction" : "Login Welcome-1",
    "sampleCount" : 2907,
    "errorCount" : 192,
    "errorPct" : 6.6047473,
    "meanResTime" : 123.62641898864814,
    "medianResTime" : 68.0,
    "minResTime" : 1.0,
    "maxResTime" : 1195.0,
    "pct1ResTime" : 338.2000000000003,
    "pct2ResTime" : 430.5999999999999,
    "pct3ResTime" : 583.9200000000001,
    "throughput" : 46.5023275158767,
    "receivedKBytesPerSec" : 5158.3564524828835,
    "sentKBytesPerSec" : 23.36959224981204
  },
  "Login Welcome-0" : {
    "transaction" : "Login Welcome-0",
    "sampleCount" : 2907,
    "errorCount" : 0,
    "errorPct" : 0.0,
    "meanResTime" : 145.91812865497067,
    "medianResTime" : 9.0,
    "minResTime" : 0.0,
    "maxResTime" : 8092.0,
    "pct1ResTime" : 245.20000000000027,
    "pct2ResTime" : 459.7999999999997,
    "pct3ResTime" : 3362.0000000000073,
    "throughput" : 46.42212676258763,
    "receivedKBytesPerSec" : 94.34027909467271,
    "sentKBytesPerSec" : 23.165729273127226
  },
  "Login" : {
    "transaction" : "Login",
    "sampleCount" : 10000,
    "errorCount" : 7658,
    "errorPct" : 76.58,
    "meanResTime" : 770.9553000000014,
    "medianResTime" : 167.0,
    "minResTime" : 2.0,
    "maxResTime" : 8503.0,
    "pct1ResTime" : 2012.8999999999996,
    "pct2ResTime" : 3746.949999999999,
    "pct3ResTime" : 6192.939999999999,
    "throughput" : 161.2513101668951,
    "receivedKBytesPerSec" : 17160.07822263263,
    "sentKBytesPerSec" : 270.67933098343144
  },
  "Login-0" : {
    "transaction" : "Login-0",
    "sampleCount" : 3401,
    "errorCount" : 0,
    "errorPct" : 0.0,
    "meanResTime" : 119.87121434872098,
    "medianResTime" : 9.0,
    "minResTime" : 0.0,
    "maxResTime" : 7832.0,
    "pct1ResTime" : 237.0,
    "pct2ResTime" : 387.89999999999964,
    "pct3ResTime" : 2443.98,
    "throughput" : 54.92482356551089,
    "receivedKBytesPerSec" : 10.888417171678428,
    "sentKBytesPerSec" : 35.025302527615835
  },
  "Logout-2" : {
    "transaction" : "Logout-2",
    "sampleCount" : 881,
    "errorCount" : 334,
    "errorPct" : 37.911465,
    "meanResTime" : 37.59818388195233,
    "medianResTime" : 5.0,
    "minResTime" : 1.0,
    "maxResTime" : 3256.0,
    "pct1ResTime" : 47.80000000000007,
    "pct2ResTime" : 89.59999999999991,
    "pct3ResTime" : 423.73999999999785,
    "throughput" : 23.651006711409394,
    "receivedKBytesPerSec" : 557.8388213087248,
    "sentKBytesPerSec" : 8.781092701342281
  },
  "Login-1" : {
    "transaction" : "Login-1",
    "sampleCount" : 3401,
    "errorCount" : 0,
    "errorPct" : 0.0,
    "meanResTime" : 8.030579241399613,
    "medianResTime" : 2.0,
    "minResTime" : 1.0,
    "maxResTime" : 502.0,
    "pct1ResTime" : 9.0,
    "pct2ResTime" : 22.0,
    "pct3ResTime" : 165.82000000000016,
    "throughput" : 54.936357175163145,
    "receivedKBytesPerSec" : 266.84906307545066,
    "sentKBytesPerSec" : 35.99833560989694
  },
  "Logout-1" : {
    "transaction" : "Logout-1",
    "sampleCount" : 1363,
    "errorCount" : 268,
    "errorPct" : 19.66251,
    "meanResTime" : 20.450476889214983,
    "medianResTime" : 3.0,
    "minResTime" : 1.0,
    "maxResTime" : 3384.0,
    "pct1ResTime" : 20.0,
    "pct2ResTime" : 37.799999999999955,
    "pct3ResTime" : 261.1199999999958,
    "throughput" : 36.57293120103038,
    "receivedKBytesPerSec" : 2863.45584579096,
    "sentKBytesPerSec" : 18.05754937211549
  },
  "Login-2" : {
    "transaction" : "Login-2",
    "sampleCount" : 3401,
    "errorCount" : 41,
    "errorPct" : 1.2055278,
    "meanResTime" : 736.5701264334008,
    "medianResTime" : 121.0,
    "minResTime" : 4.0,
    "maxResTime" : 7737.0,
    "pct1ResTime" : 3591.200000000007,
    "pct2ResTime" : 5093.0,
    "pct3ResTime" : 7200.0,
    "throughput" : 54.86103269724001,
    "receivedKBytesPerSec" : 325.41010174535836,
    "sentKBytesPerSec" : 31.175394802639005
  },
  "Logout-0" : {
    "transaction" : "Logout-0",
    "sampleCount" : 3788,
    "errorCount" : 0,
    "errorPct" : 0.0,
    "meanResTime" : 91.45089757127768,
    "medianResTime" : 5.0,
    "minResTime" : 1.0,
    "maxResTime" : 3988.0,
    "pct1ResTime" : 228.0999999999999,
    "pct2ResTime" : 377.0,
    "pct3ResTime" : 1882.7500000000541,
    "throughput" : 65.9964806522989,
    "receivedKBytesPerSec" : 134.11980101311914,
    "sentKBytesPerSec" : 38.84262583954737
  },
  "Login-3" : {
    "transaction" : "Login-3",
    "sampleCount" : 3401,
    "errorCount" : 593,
    "errorPct" : 17.436049,
    "meanResTime" : 134.3793002058223,
    "medianResTime" : 69.0,
    "minResTime" : 2.0,
    "maxResTime" : 2650.0,
    "pct1ResTime" : 364.8000000000002,
    "pct2ResTime" : 477.89999999999964,
    "pct3ResTime" : 674.0,
    "throughput" : 54.93901946530975,
    "receivedKBytesPerSec" : 2476.3255410255633,
    "sentKBytesPerSec" : 29.723088805427672
  },
  "Login-4" : {
    "transaction" : "Login-4",
    "sampleCount" : 3401,
    "errorCount" : 716,
    "errorPct" : 21.052631,
    "meanResTime" : 131.46456924433977,
    "medianResTime" : 69.0,
    "minResTime" : 2.0,
    "maxResTime" : 3938.0,
    "pct1ResTime" : 339.0,
    "pct2ResTime" : 435.0,
    "pct3ResTime" : 631.0,
    "throughput" : 54.93901946530975,
    "receivedKBytesPerSec" : 6637.149964537396,
    "sentKBytesPerSec" : 28.675254043494064
  },
  "Login-5" : {
    "transaction" : "Login-5",
    "sampleCount" : 3401,
    "errorCount" : 753,
    "errorPct" : 22.140547,
    "meanResTime" : 128.77006762716877,
    "medianResTime" : 64.0,
    "minResTime" : 2.0,
    "maxResTime" : 3938.0,
    "pct1ResTime" : 345.8000000000002,
    "pct2ResTime" : 449.0,
    "pct3ResTime" : 651.0,
    "throughput" : 54.941682013505215,
    "receivedKBytesPerSec" : 933.3564324708814,
    "sentKBytesPerSec" : 28.406796226293174
  },
  "Login-6" : {
    "transaction" : "Login-6",
    "sampleCount" : 3401,
    "errorCount" : 769,
    "errorPct" : 22.610996,
    "meanResTime" : 137.2881505439577,
    "medianResTime" : 68.0,
    "minResTime" : 2.0,
    "maxResTime" : 3939.0,
    "pct1ResTime" : 348.0,
    "pct2ResTime" : 472.89999999999964,
    "pct3ResTime" : 706.96,
    "throughput" : 54.93990695270096,
    "receivedKBytesPerSec" : 3640.193462988054,
    "sentKBytesPerSec" : 27.902074179374512
  },
  "Login-7" : {
    "transaction" : "Login-7",
    "sampleCount" : 3401,
    "errorCount" : 777,
    "errorPct" : 22.846222,
    "meanResTime" : 136.61423110849748,
    "medianResTime" : 68.0,
    "minResTime" : 2.0,
    "maxResTime" : 3938.0,
    "pct1ResTime" : 359.0,
    "pct2ResTime" : 484.0,
    "pct3ResTime" : 705.9000000000001,
    "throughput" : 54.93901946530975,
    "receivedKBytesPerSec" : 326.62706781055647,
    "sentKBytesPerSec" : 27.899604232291413
  },
  "Login-8" : {
    "transaction" : "Login-8",
    "sampleCount" : 3401,
    "errorCount" : 931,
    "errorPct" : 27.374302,
    "meanResTime" : 136.09379594237024,
    "medianResTime" : 67.0,
    "minResTime" : 2.0,
    "maxResTime" : 3935.0,
    "pct1ResTime" : 358.0,
    "pct2ResTime" : 472.89999999999964,
    "pct3ResTime" : 726.96,
    "throughput" : 54.959438932161206,
    "receivedKBytesPerSec" : 2311.8176908268965,
    "sentKBytesPerSec" : 26.31094386291652
  },
  "Total" : {
    "transaction" : "Total",
    "sampleCount" : 75362,
    "errorCount" : 27711,
    "errorPct" : 36.77052,
    "meanResTime" : 328.9039834399312,
    "medianResTime" : 96.0,
    "minResTime" : 0.0,
    "maxResTime" : 8503.0,
    "pct1ResTime" : 2476.600000000006,
    "pct2ResTime" : 3613.0,
    "pct3ResTime" : 4086.970000000005,
    "throughput" : 1200.4141446320484,
    "receivedKBytesPerSec" : 51992.38315471687,
    "sentKBytesPerSec" : 775.0977184712488
  },
  "Logout" : {
    "transaction" : "Logout",
    "sampleCount" : 10000,
    "errorCount" : 6814,
    "errorPct" : 68.14,
    "meanResTime" : 303.32080000000076,
    "medianResTime" : 43.0,
    "minResTime" : 1.0,
    "maxResTime" : 5629.0,
    "pct1ResTime" : 1024.0,
    "pct2ResTime" : 1221.8999999999978,