{
  "Login Welcome-1" : {
    "transaction" : "Login Welcome-1",
    "sampleCount" : 3000,
    "errorCount" : 408,
    "errorPct" : 13.6,
    "meanResTime" : 37476.92233333337,
    "medianResTime" : 46544.5,
    "minResTime" : 43.0,
    "maxResTime" : 73998.0,
    "pct1ResTime" : 60215.0,
    "pct2ResTime" : 61627.299999999996,
    "pct3ResTime" : 64253.91999999993,
    "throughput" : 17.724630146050952,
    "receivedKBytesPerSec" : 1826.8154544742874,
    "sentKBytesPerSec" : 9.227331675095712
  },
  "Login Welcome-0" : {
    "transaction" : "Login Welcome-0",
    "sampleCount" : 3000,
    "errorCount" : 0,
    "errorPct" : 0.0,
    "meanResTime" : 31589.174666666706,
    "medianResTime" : 28427.5,
    "minResTime" : 42.0,
    "maxResTime" : 64381.0,
    "pct1ResTime" : 56240.3,
    "pct2ResTime" : 58698.95,
    "pct3ResTime" : 59995.92,
    "throughput" : 25.069987047173356,
    "receivedKBytesPerSec" : 64.46218349141353,
    "sentKBytesPerSec" : 12.510511114360924
  },
  "Login" : {
    "transaction" : "Login",
    "sampleCount" : 3000,
    "errorCount" : 2568,
    "errorPct" : 85.6,
    "meanResTime" : 78720.77933333343,
    "medianResTime" : 83412.0,
    "minResTime" : 4329.0,
    "maxResTime" : 169925.0,
    "pct1ResTime" : 123575.6,
    "pct2ResTime" : 129495.65,
    "pct3ResTime" : 138536.3699999999,
    "throughput" : 10.717347813661046,
    "receivedKBytesPerSec" : 1620.9487134437964,
    "sentKBytesPerSec" : 27.230548013718202
  },
  "Login-0" : {
    "transaction" : "Login-0",
    "sampleCount" : 2542,
    "errorCount" : 0,
    "errorPct" : 0.0,
    "meanResTime" : 28839.755704169944,
    "medianResTime" : 34319.0,
    "minResTime" : 746.0,
    "maxResTime" : 70129.0,
    "pct1ResTime" : 51245.90000000001,
    "pct2ResTime" : 57200.54999999999,
    "pct3ResTime" : 62999.01000000003,
    "throughput" : 11.704576848696933,
    "receivedKBytesPerSec" : 4.386914080486233,
    "sentKBytesPerSec" : 8.572688121604198
  },
  "Logout-2" : {
    "transaction" : "Logout-2",
    "sampleCount" : 1930,
    "errorCount" : 150,
    "errorPct" : 7.772021,
    "meanResTime" : 22082.84922279795,
    "medianResTime" : 16994.5,
    "minResTime" : 3.0,
    "maxResTime" : 72343.0,
    "pct1ResTime" : 37768.7,
    "pct2ResTime" : 40217.35,
    "pct3ResTime" : 59446.8,
    "throughput" : 7.263804050417575,
    "receivedKBytesPerSec" : 797.6401560753441,
    "sentKBytesPerSec" : 4.036565655567724
  },
  "Login-1" : {
    "transaction" : "Login-1",
    "sampleCount" : 2542,
    "errorCount" : 220,
    "errorPct" : 8.654603,
    "meanResTime" : 36726.436270652885,
    "medianResTime" : 37056.0,
    "minResTime" : 773.0,
    "maxResTime" : 71662.0,
    "pct1ResTime" : 58245.7,
    "pct2ResTime" : 60605.95,
    "pct3ResTime" : 63213.28,
    "throughput" : 10.19229843947972,
    "receivedKBytesPerSec" : 34.45240014695033,
    "sentKBytesPerSec" : 5.70758735700911
  },
  "Logout-1" : {
    "transaction" : "Logout-1",
    "sampleCount" : 1991,
    "errorCount" : 61,
    "errorPct" : 3.063787,
    "meanResTime" : 30089.190858864862,
    "medianResTime" : 31407.0,
    "minResTime" : 5.0,
    "maxResTime" : 62315.0,
    "pct1ResTime" : 45157.2,
    "pct2ResTime" : 46661.799999999996,
    "pct3ResTime" : 58955.47999999999,
    "throughput" : 7.016740088105728,
    "receivedKBytesPerSec" : 18.745873485682818,
    "sentKBytesPerSec" : 3.4407351321585904
  },
  "Login-2" : {
    "transaction" : "Login-2",
    "sampleCount" : 2322,
    "errorCount" : 518,
    "errorPct" : 22.308355,
    "meanResTime" : 14090.180017226527,
    "medianResTime" : 200.0,
    "minResTime" : 2.0,
    "maxResTime" : 47914.0,
    "pct1ResTime" : 38484.8,
    "pct2ResTime" : 39827.95,
    "pct3ResTime" : 44644.93,
    "throughput" : 8.560210871689002,
    "receivedKBytesPerSec" : 422.86779923987575,
    "sentKBytesPerSec" : 4.077362197240604
  },
  "Logout-0" : {
    "transaction" : "Logout-0",
    "sampleCount" : 1991,
    "errorCount" : 0,
    "errorPct" : 0.0,
    "meanResTime" : 18145.41687594176,
    "medianResTime" : 4688.0,
    "minResTime" : 20.0,
    "maxResTime" : 64191.0,
    "pct1ResTime" : 44041.0,
    "pct2ResTime" : 48776.399999999994,
    "pct3ResTime" : 59392.47999999998,
    "throughput" : 7.260673116546385,
    "receivedKBytesPerSec" : 3.2049064928505526,
    "sentKBytesPerSec" : 4.098309630238096
  },
  "Login-3" : {
    "transaction" : "Login-3",
    "sampleCount" : 2322,
    "errorCount" : 858,
    "errorPct" : 36.950905,
    "meanResTime" : 24178.89836347975,
    "medianResTime" : 30753.5,
    "minResTime" : 3.0,
    "maxResTime" : 64899.0,
    "pct1ResTime" : 44788.9,
    "pct2ResTime" : 56675.049999999996,
    "pct3ResTime" : 61209.54,
    "throughput" : 8.593284507292449,
    "receivedKBytesPerSec" : 405.8585849634637,
    "sentKBytesPerSec" : 3.430348759858037
  },
  "Login-4" : {
    "transaction" : "Login-4",
    "sampleCount" : 2322,
    "errorCount" : 852,
    "errorPct" : 36.692505,
    "meanResTime" : 24316.64900947457,
    "medianResTime" : 30757.5,
    "minResTime" : 2.0,
    "maxResTime" : 74002.0,
    "pct1ResTime" : 45001.0,
    "pct2ResTime" : 56914.2,
    "pct3ResTime" : 61420.35,
    "throughput" : 8.589851249819658,
    "receivedKBytesPerSec" : 450.1827080343039,
    "sentKBytesPerSec" : 3.4813107962259404
  },
  "Login-5" : {
    "transaction" : "Login-5",
    "sampleCount" : 895,
    "errorCount" : 330,
    "errorPct" : 36.87151,
    "meanResTime" : 26930.608938547473,
    "medianResTime" : 26619.0,
    "minResTime" : 4258.0,
    "maxResTime" : 65699.0,
    "pct1ResTime" : 58385.4,
    "pct2ResTime" : 60000.799999999996,
    "pct3ResTime" : 62145.52,
    "throughput" : 3.9456688018833406,
    "receivedKBytesPerSec" : 57.32402630565267,
    "sentKBytesPerSec" : 1.5689380598881988
  },
  "Login-6" : {
    "transaction" : "Login-6",
    "sampleCount" : 895,
    "errorCount" : 332,
    "errorPct" : 37.09497,
    "meanResTime" : 26971.318435754234,
    "medianResTime" : 26168.0,
    "minResTime" : 1932.0,
    "maxResTime" : 66885.0,
    "pct1ResTime" : 58644.8,
    "pct2ResTime" : 60095.799999999996,
    "pct3ResTime" : 63090.119999999995,
    "throughput" : 3.95078949575566,
    "receivedKBytesPerSec" : 215.75481805952228,
    "sentKBytesPerSec" : 1.545997280521504
  },
  "Logout-4" : {
    "transaction" : "Logout-4",
    "sampleCount" : 1930,
    "errorCount" : 162,
    "errorPct" : 8.393783,
    "meanResTime" : 21832.03316062177,
    "medianResTime" : 16795.0,
    "minResTime" : 4.0,
    "maxResTime" : 74246.0,
    "pct1ResTime" : 37713.700000000004,
    "pct2ResTime" : 40171.34999999999,
    "pct3ResTime" : 58875.18000000001,
    "throughput" : 7.263257326293368,
    "receivedKBytesPerSec" : 245.6056984463968,
    "sentKBytesPerSec" : 3.9960557784292545
  },
  "Login-7" : {
    "transaction" : "Login-7",
    "sampleCount" : 895,
    "errorCount" : 349,
    "errorPct" : 38.994415,
    "meanResTime" : 26245.060335195536,
    "medianResTime" : 23374.0,
    "minResTime" : 4256.0,
    "maxResTime" : 64361.0,
    "pct1ResTime" : 57994.399999999994,
    "pct2ResTime" : 59991.0,
    "pct3ResTime" : 62387.52,
    "throughput" : 3.8973367473132323,
    "receivedKBytesPerSec" : 21.483562771343905,
    "sentKBytesPerSec" : 1.4836738468020065
  },
  "Logout-3" : {
    "transaction" : "Logout-3",
    "sampleCount" : 1930,
    "errorCount" : 161,
    "errorPct" : 8.341969,
    "meanResTime" : 21847.523316062176,
    "medianResTime" : 16841.5,
    "minResTime" : 3.0,
    "maxResTime" : 75415.0,
    "pct1ResTime" : 37824.8,
    "pct2ResTime" : 39951.35,
    "pct3ResTime" : 58649.93000000001,
    "throughput" : 7.263202658407439,
    "receivedKBytesPerSec" : 568.5163060722538,
    "sentKBytesPerSec" : 3.9462756740571945
  },
  "Login-8" : {
    "transaction" : "Login-8",
    "sampleCount" : 895,
    "errorCount" : 389,
    "errorPct" : 43.463688,
    "meanResTime" : 25898.889385474875,
    "medianResTime" : 22331.0,
    "minResTime" : 271.0,
    "maxResTime" : 106785.0,