{
  "Save Poll" : {
    "transaction" : "Save Poll",
    "sampleCount" : 1000,
    "errorCount" : 4,
    "errorPct" : 0.4,
    "meanResTime" : 64.8399999999999,
    "medianResTime" : 37.5,
    "minResTime" : 20.0,
    "maxResTime" : 982.0,
    "pct1ResTime" : 53.0,
    "pct2ResTime" : 210.0499999999987,
    "pct3ResTime" : 723.96,
    "throughput" : 17.297147700344212,
    "receivedKBytesPerSec" : 7295.8226273448445,
    "sentKBytesPerSec" : 89.23098502931866
  },
  "Polls" : {
    "transaction" : "Polls",
    "sampleCount" : 1000,
    "errorCount" : 4,
    "errorPct" : 0.4,
    "meanResTime" : 180.76800000000006,
    "medianResTime" : 117.0,
    "minResTime" : 89.0,
    "maxResTime" : 2742.0,
    "pct1ResTime" : 137.0,
    "pct2ResTime" : 346.249999999999,
    "pct3ResTime" : 2323.820000000001,
    "throughput" : 16.45548790521639,
    "receivedKBytesPerSec" : 9304.717823736013,
    "sentKBytesPerSec" : 76.34462548337996
  },
  "Save Poll-0" : {
    "transaction" : "Save Poll-0",
    "sampleCount" : 1000,
    "errorCount" : 0,
    "errorPct" : 0.0,
    "meanResTime" : 13.865999999999975,
    "medianResTime" : 6.0,
    "minResTime" : 3.0,
    "maxResTime" : 445.0,
    "pct1ResTime" : 10.0,
    "pct2ResTime" : 39.94999999999993,
    "pct3ResTime" : 263.9200000000001,
    "throughput" : 17.30552911655274,
    "receivedKBytesPerSec" : 6.202274595483257,
    "sentKBytesPerSec" : 13.891743099420266
  },
  "Show New Poll Form-0" : {
    "transaction" : "Show New Poll Form-0",
    "sampleCount" : 1000,
    "errorCount" : 0,
    "errorPct" : 0.0,
    "meanResTime" : 6.29199999999999,
    "medianResTime" : 3.0,
    "minResTime" : 1.0,
    "maxResTime" : 307.0,
    "pct1ResTime" : 5.0,
    "pct2ResTime" : 14.0,
    "pct3ResTime" : 92.98000000000002,
    "throughput" : 17.300140131135063,
    "receivedKBytesPerSec" : 28.551989083611577,
    "sentKBytesPerSec" : 8.802122078438837
  },
  "Save Poll-2" : {
    "transaction" : "Save Poll-2",
    "sampleCount" : 1000,
    "errorCount" : 0,
    "errorPct" : 0.0,
    "meanResTime" : 13.947999999999997,
    "medianResTime" : 7.0,
    "minResTime" : 3.0,
    "maxResTime" : 395.0,
    "pct1ResTime" : 15.0,
    "pct2ResTime" : 31.899999999999864,
    "pct3ResTime" : 184.99,
    "throughput" : 17.348461191492316,
    "receivedKBytesPerSec" : 941.9502869001769,
    "sentKBytesPerSec" : 10.775020818153429
  },
  "Save Poll-1" : {
    "transaction" : "Save Poll-1",
    "sampleCount" : 1000,
    "errorCount" : 0,
    "errorPct" : 0.0,
    "meanResTime" : 25.223000000000024,
    "medianResTime" : 17.0,
    "minResTime" : 8.0,
    "maxResTime" : 384.0,
    "pct1ResTime" : 25.0,
    "pct2ResTime" : 44.64999999999952,
    "pct3ResTime" : 262.99,
    "throughput" : 17.325317486442938,
    "receivedKBytesPerSec" : 765.0094774900813,
    "sentKBytesPerSec" : 10.591453854016875
  },
  "Polls-0" : {
    "transaction" : "Polls-0",
    "sampleCount" : 1000,
    "errorCount" : 0,
    "errorPct" : 0.0,
    "meanResTime" : 15.329000000000002,
    "medianResTime" : 14.0,
    "minResTime" : 3.0,
    "maxResTime" : 156.0,
    "pct1ResTime" : 19.0,
    "pct2ResTime" : 20.0,
    "pct3ResTime" : 113.92000000000007,
    "throughput" : 16.755189920077743,
    "receivedKBytesPerSec" : 726.1067555616759,
    "sentKBytesPerSec" : 8.361232469882546
  },
  "Total" : {
    "transaction" : "Total",
    "sampleCount" : 21000,
    "errorCount" : 23,
    "errorPct" : 0.10952381,
    "meanResTime" : 35.29942857142854,
    "medianResTime" : 7.0,
    "minResTime" : 0.0,
    "maxResTime" : 2742.0,
    "pct1ResTime" : 94.0,
    "pct2ResTime" : 108.0,
    "pct3ResTime" : 128.0,
    "throughput" : 345.32658028020785,
    "receivedKBytesPerSec" : 32522.906213514605,
    "sentKBytesPerSec" : 338.97792838995593
  },
  "Polls-2" : {
    "transaction" : "Polls-2",
    "sampleCount" : 1000,
    "errorCount" : 0,
    "errorPct" : 0.0,
    "meanResTime" : 154.89099999999993,
    "medianResTime" : 98.0,
    "minResTime" : 72.0,
    "maxResTime" : 2467.0,
    "pct1ResTime" : 117.0,
    "pct2ResTime" : 230.64999999999952,
    "pct3ResTime" : 2101.2200000000007,
    "throughput" : 16.825103053756205,
    "receivedKBytesPerSec" : 100.45769538150921,
    "sentKBytesPerSec" : 8.872612938504249
  },
  "Show New Poll Form" : {
    "transaction" : "Show New Poll Form",
    "sampleCount" : 1000,
    "errorCount" : 0,
    "errorPct" : 0.0,
    "meanResTime" : 6.29199999999999,
    "medianResTime" : 3.0,
    "minResTime" : 1.0,
    "maxResTime" : 307.0,
    "pct1ResTime" : 5.0,
    "pct2ResTime" : 14.0,
    "pct3ResTime" : 92.98000000000002,
    "throughput" : 17.300140131135063,
    "receivedKBytesPerSec" : 28.551989083611577,
    "sentKBytesPerSec" : 8.802122078438837
  },
  "Polls-1" : {
    "transaction" : "Polls-1",
    "sampleCount" : 1000,
    "errorCount" : 0,
    "errorPct" : 0.0,
    "meanResTime" : 152.11000000000013,
    "medianResTime" : 94.0,
    "minResTime" : 70.0,
    "maxResTime" : 2391.0,
    "pct1ResTime" : 113.0,
    "pct2ResTime" : 244.84999999999843,
    "pct3ResTime" : 2021.97,
    "throughput" : 16.546429280561256,
    "receivedKBytesPerSec" : 2295.511858619035,
    "sentKBytesPerSec" : 8.968035401085446
  },
  "Save Poll-7" : {
    "transaction" : "Save Poll-7",
    "sampleCount" : 1000,
    "errorCount" : 2,
    "errorPct" : 0.2,
    "meanResTime" : 15.020999999999972,
    "medianResTime" : 8.0,
    "minResTime" : 3.0,
    "maxResTime" : 517.0,
    "pct1ResTime" : 16.0,
    "pct2ResTime" : 29.899999999999864,
    "pct3ResTime" : 213.92000000000007,
    "throughput" : 17.349665151462574,
    "receivedKBytesPerSec" : 990.5170017230387,
    "sentKBytesPerSec" : 10.821853638224782
  },
  "Polls-4" : {
    "transaction" : "Polls-4",
    "sampleCount" : 1000,
    "errorCount" : 0,
    "errorPct" : 0.0,
    "meanResTime" : 7.356000000000008,
    "medianResTime" : 6.0,
    "minResTime" : 3.0,
    "maxResTime" : 412.0,
    "pct1ResTime" : 9.0,
    "pct2ResTime" : 10.0,
    "pct3ResTime" : 27.980000000000018,
    "throughput" : 16.8503353216729,
    "receivedKBytesPerSec" : 2571.107756841236,
    "sentKBytesPerSec" : 8.671998744650018
  },
  "Polls-3" : {
    "transaction" : "Polls-3",
    "sampleCount" : 1000,
    "errorCount" : 1,
    "errorPct" : 0.1,
    "meanResTime" : 5.293000000000002,
    "medianResTime" : 4.0,
    "minResTime" : 0.0,
    "maxResTime" : 161.0,
    "pct1ResTime" : 6.0,
    "pct2ResTime" : 8.0,
    "pct3ResTime" : 51.99000000000001,
    "throughput" : 16.849199663016005,
    "receivedKBytesPerSec" : 913.9556128896377,
    "sentKBytesPerSec" : 8.564115811920809
  },
  "Polls-6" : {
    "transaction" : "Polls-6",
    "sampleCount" : 1000,
    "errorCount" : 1,
    "errorPct" : 0.1,
    "meanResTime" : 7.378999999999993,
    "medianResTime" : 5.0,
    "minResTime" : 0.0,
    "maxResTime" : 251.0,
    "pct1ResTime" : 8.0,
    "pct2ResTime" : 11.0,
    "pct3ResTime" : 77.91000000000008,
    "throughput" : 16.8503353216729,
    "receivedKBytesPerSec" : 1432.846921417408,
    "sentKBytesPerSec" : 8.58113199499545
  },
  "Save Poll-4" : {
    "transaction" : "Save Poll-4",
    "sampleCount" : 1000,
    "errorCount" : 1,
    "errorPct" : 0.1,
    "meanResTime" : 13.87500000000003,
    "medianResTime" : 7.0,
    "minResTime" : 3.0,
    "maxResTime" : 408.0,
    "pct1ResTime" : 15.0,
    "pct2ResTime" : 27.0,
    "pct3ResTime" : 188.99,
    "throughput" : 17.348461191492316,
    "receivedKBytesPerSec" : 369.771607508414,
    "sentKBytesPerSec" : 10.916570030316436
  },
  "Polls-5" : {
    "transaction" : "Polls-5",
    "sampleCount" : 1000,
    "errorCount" : 0,
    "errorPct" : 0.0,
    "meanResTime" : 4.939999999999993,
    "medianResTime" : 3.0,
    "minResTime" : 1.0,