{
  "Show Contact Page-6" : {
    "transaction" : "Show Contact Page-6",
    "sampleCount" : 3702,
    "errorCount" : 2220,
    "errorPct" : 59.967587,
    "meanResTime" : 16711.259049162618,
    "medianResTime" : 6560.5,
    "minResTime" : 2.0,
    "maxResTime" : 74709.0,
    "pct1ResTime" : 45828.7,
    "pct2ResTime" : 55473.45,
    "pct3ResTime" : 62041.78999999996,
    "throughput" : 23.126514905419924,
    "receivedKBytesPerSec" : 106.44057842056274,
    "sentKBytesPerSec" : 5.334258219533222
  },
  "Show Contact Page-5" : {
    "transaction" : "Show Contact Page-5",
    "sampleCount" : 3702,
    "errorCount" : 2195,
    "errorPct" : 59.292274,
    "meanResTime" : 16822.4540788763,
    "medianResTime" : 6521.0,
    "minResTime" : 3.0,
    "maxResTime" : 78871.0,
    "pct1ResTime" : 45881.50000000001,
    "pct2ResTime" : 54510.399999999994,
    "pct3ResTime" : 60936.899999999965,
    "throughput" : 23.039725166325404,
    "receivedKBytesPerSec" : 837.5329692177415,
    "sentKBytesPerSec" : 5.385567848007518
  },
  "Show Contact Page-4" : {
    "transaction" : "Show Contact Page-4",
    "sampleCount" : 3702,
    "errorCount" : 2101,
    "errorPct" : 56.753105,
    "meanResTime" : 17865.202052944413,
    "medianResTime" : 6872.5,
    "minResTime" : 2.0,
    "maxResTime" : 74404.0,
    "pct1ResTime" : 48503.40000000001,
    "pct2ResTime" : 55590.45,
    "pct3ResTime" : 62051.79999999999,
    "throughput" : 23.365459261924148,
    "receivedKBytesPerSec" : 253.63600477746957,
    "sentKBytesPerSec" : 5.881329920347895
  },
  "Show Contact Page-3" : {
    "transaction" : "Show Contact Page-3",
    "sampleCount" : 3702,
    "errorCount" : 1841,
    "errorPct" : 49.729877,
    "meanResTime" : 20233.530524041063,
    "medianResTime" : 9202.0,
    "minResTime" : 2.0,
    "maxResTime" : 88415.0,
    "pct1ResTime" : 51050.100000000006,
    "pct2ResTime" : 55947.5,
    "pct3ResTime" : 60591.519999999975,
    "throughput" : 23.494916415978064,
    "receivedKBytesPerSec" : 1835.7406083006485,
    "sentKBytesPerSec" : 6.839724355587499
  },
  "Show Contact Page-7" : {
    "transaction" : "Show Contact Page-7",
    "sampleCount" : 3702,
    "errorCount" : 2476,
    "errorPct" : 66.88277,
    "meanResTime" : 14863.877633711507,
    "medianResTime" : 5921.0,
    "minResTime" : 0.0,
    "maxResTime" : 83524.0,
    "pct1ResTime" : 41536.90000000001,
    "pct2ResTime" : 53934.5,
    "pct3ResTime" : 61109.03999999997,
    "throughput" : 23.132873425314937,
    "receivedKBytesPerSec" : 482.33077993776243,
    "sentKBytesPerSec" : 4.421515599223905
  },
  "Show Contact Page-2" : {
    "transaction" : "Show Contact Page-2",
    "sampleCount" : 3702,
    "errorCount" : 1393,
    "errorPct" : 37.628307,
    "meanResTime" : 24603.839005942817,
    "medianResTime" : 25532.5,
    "minResTime" : 3.0,
    "maxResTime" : 85051.0,
    "pct1ResTime" : 53230.20000000001,
    "pct2ResTime" : 56331.7,
    "pct3ResTime" : 60014.64,
    "throughput" : 23.42845208938505,
    "receivedKBytesPerSec" : 818.7222122843532,
    "sentKBytesPerSec" : 8.376628574468556
  },
  "Show Contact Page-1" : {
    "transaction" : "Show Contact Page-1",
    "sampleCount" : 3702,
    "errorCount" : 19,
    "errorPct" : 0.5132361,
    "meanResTime" : 565.5696920583472,
    "medianResTime" : 177.0,
    "minResTime" : 2.0,
    "maxResTime" : 8957.0,
    "pct1ResTime" : 1462.0000000000027,
    "pct2ResTime" : 3236.2999999999984,
    "pct3ResTime" : 5331.099999999994,
    "throughput" : 28.66634144075081,
    "receivedKBytesPerSec" : 170.678905469603,
    "sentKBytesPerSec" : 15.039430012544429
  },
  "Show Contact Page-0" : {
    "transaction" : "Show Contact Page-0",
    "sampleCount" : 3702,
    "errorCount" : 0,
    "errorPct" : 0.0,
    "meanResTime" : 35054.29659643432,
    "medianResTime" : 35370.5,
    "minResTime" : 65.0,
    "maxResTime" : 72471.0,
    "pct1ResTime" : 57363.600000000006,
    "pct2ResTime" : 59376.0,
    "pct3ResTime" : 66964.86999999997,
    "throughput" : 28.612281176334196,
    "receivedKBytesPerSec" : 170.3324863778645,
    "sentKBytesPerSec" : 14.334082269003362
  },
  "Send Email-2" : {
    "transaction" : "Send Email-2",
    "sampleCount" : 2854,
    "errorCount" : 1629,
    "errorPct" : 57.077785,
    "meanResTime" : 9824.775753328686,
    "medianResTime" : 107.0,
    "minResTime" : 2.0,
    "maxResTime" : 65276.0,
    "pct1ResTime" : 25005.5,
    "pct2ResTime" : 27840.25,
    "pct3ResTime" : 55033.19999999997,
    "throughput" : 16.397115854184023,
    "receivedKBytesPerSec" : 434.55544426510295,
    "sentKBytesPerSec" : 4.3815902749849185
  },
  "Send Email-1" : {
    "transaction" : "Send Email-1",
    "sampleCount" : 3141,
    "errorCount" : 287,
    "errorPct" : 9.1372175,
    "meanResTime" : 26551.40719516074,
    "medianResTime" : 26230.0,
    "minResTime" : 3.0,
    "maxResTime" : 66748.0,
    "pct1ResTime" : 34607.200000000004,
    "pct2ResTime" : 52767.99999999998,
    "pct3ResTime" : 58927.619999999995,
    "throughput" : 16.936266580394694,
    "receivedKBytesPerSec" : 91.86684460260972,
    "sentKBytesPerSec" : 9.544963789361587
  },
  "Show Contact Page" : {
    "transaction" : "Show Contact Page",
    "sampleCount" : 10000,
    "errorCount" : 8899,
    "errorPct" : 88.99,
    "meanResTime" : 30771.137500000026,
    "medianResTime" : 6638.5,
    "minResTime" : 4142.0,
    "maxResTime" : 103375.0,
    "pct1ResTime" : 87330.8,
    "pct2ResTime" : 89651.99999999997,
    "pct3ResTime" : 95505.94,
    "throughput" : 62.04320688927769,
    "receivedKBytesPerSec" : 4647.413175136728,
    "sentKBytesPerSec" : 59.29343257144276
  },
  "Send Email-4" : {
    "transaction" : "Send Email-4",
    "sampleCount" : 2854,
    "errorCount" : 2212,
    "errorPct" : 77.50526,
    "meanResTime" : 5955.890679747713,
    "medianResTime" : 19.0,
    "minResTime" : 2.0,
    "maxResTime" : 78567.0,
    "pct1ResTime" : 23161.5,
    "pct2ResTime" : 27230.25,
    "pct3ResTime" : 54843.8,
    "throughput" : 16.403618681962914,
    "receivedKBytesPerSec" : 121.04607419921719,
    "sentKBytesPerSec" : 2.3296818781396205
  },
  "Send Email-3" : {
    "transaction" : "Send Email-3",
    "sampleCount" : 2854,
    "errorCount" : 2006,
    "errorPct" : 70.287315,
    "meanResTime" : 7363.943938332178,
    "medianResTime" : 23.0,
    "minResTime" : 2.0,
    "maxResTime" : 68926.0,
    "pct1ResTime" : 24176.0,
    "pct2ResTime" : 27403.75,
    "pct3ResTime" : 54925.14999999996,
    "throughput" : 16.403712963761244,
    "receivedKBytesPerSec" : 741.8365246105985,
    "sentKBytesPerSec" : 3.0607658346983935
  },
  "Send Email-6" : {
    "transaction" : "Send Email-6",
    "sampleCount" : 2609,
    "errorCount" : 2091,
    "errorPct" : 80.14565,
    "meanResTime" : 5413.573016481416,
    "medianResTime" : 19.0,
    "minResTime" : 2.0,
    "maxResTime" : 72518.0,
    "pct1ResTime" : 21609.0,
    "pct2ResTime" : 26769.5,
    "pct3ResTime" : 52492.4,
    "throughput" : 14.99502847848452,
    "receivedKBytesPerSec" : 55.9969359945342,
    "sentKBytesPerSec" : 1.8577424622537946
  },
  "Send Email-5" : {
    "transaction" : "Send Email-5",
    "sampleCount" : 2609,
    "errorCount" : 2031,
    "errorPct" : 77.84592,
    "meanResTime" : 5890.65542353393,
    "medianResTime" : 20.0,
    "minResTime" : 2.0,
    "maxResTime" : 69838.0,
    "pct1ResTime" : 23583.0,
    "pct2ResTime" : 27329.5,
    "pct3ResTime" : 54027.0,
    "throughput" : 14.995459404779695,
    "receivedKBytesPerSec" : 310.3711750244991,
    "sentKBytesPerSec" : 2.0669429760153117
  },
  "Send Email-8" : {
    "transaction" : "Send Email-8",
    "sampleCount" : 17,
    "errorCount" : 16,
    "errorPct" : 94.117645,
    "meanResTime" : 91.58823529411765,
    "medianResTime" : 6.0,