{
  "Login Welcome-1" : {
    "transaction" : "Login Welcome-1",
    "sampleCount" : 2780,
    "errorCount" : 199,
    "errorPct" : 7.158273,
    "meanResTime" : 5.983453237410068,
    "medianResTime" : 2.0,
    "minResTime" : 1.0,
    "maxResTime" : 399.0,
    "pct1ResTime" : 7.0,
    "pct2ResTime" : 20.0,
    "pct3ResTime" : 82.76000000000022,
    "throughput" : 46.533427069733186,
    "receivedKBytesPerSec" : 5131.9255480859365,
    "sentKBytesPerSec" : 23.24662389420341
  },
  "Login Welcome-0" : {
    "transaction" : "Login Welcome-0",
    "sampleCount" : 2780,
    "errorCount" : 0,
    "errorPct" : 0.0,
    "meanResTime" : 2.8129496402877643,
    "medianResTime" : 1.0,
    "minResTime" : 0.0,
    "maxResTime" : 324.0,
    "pct1ResTime" : 4.0,
    "pct2ResTime" : 7.0,
    "pct3ResTime" : 38.38000000000011,
    "throughput" : 46.490626620064546,
    "receivedKBytesPerSec" : 94.47948632456479,
    "sentKBytesPerSec" : 23.19991230747362
  },
  "Login" : {
    "transaction" : "Login",
    "sampleCount" : 5000,
    "errorCount" : 2671,
    "errorPct" : 53.42,
    "meanResTime" : 193.47180000000012,
    "medianResTime" : 88.0,
    "minResTime" : 2.0,
    "maxResTime" : 5194.0,
    "pct1ResTime" : 115.0,
    "pct2ResTime" : 484.7999999999993,
    "pct3ResTime" : 3964.99,
    "throughput" : 84.22045546422315,
    "receivedKBytesPerSec" : 17078.99404982482,
    "sentKBytesPerSec" : 269.3866934838633
  },
  "Login-0" : {
    "transaction" : "Login-0",
    "sampleCount" : 3165,
    "errorCount" : 0,
    "errorPct" : 0.0,
    "meanResTime" : 13.66729857819908,
    "medianResTime" : 1.0,
    "minResTime" : 0.0,
    "maxResTime" : 1089.0,
    "pct1ResTime" : 4.0,
    "pct2ResTime" : 6.0,
    "pct3ResTime" : 848.0200000000004,
    "throughput" : 53.39068825910931,
    "receivedKBytesPerSec" : 10.584286832616396,
    "sentKBytesPerSec" : 34.04699163398279
  },
  "Logout-2" : {
    "transaction" : "Logout-2",
    "sampleCount" : 729,
    "errorCount" : 298,
    "errorPct" : 40.877914,
    "meanResTime" : 3.311385459533603,
    "medianResTime" : 3.0,
    "minResTime" : 1.0,
    "maxResTime" : 44.0,
    "pct1ResTime" : 5.0,
    "pct2ResTime" : 7.0,
    "pct3ResTime" : 14.700000000000045,
    "throughput" : 27.636666919402533,
    "receivedKBytesPerSec" : 624.1099945977709,
    "sentKBytesPerSec" : 9.736007515732808
  },
  "Login-1" : {
    "transaction" : "Login-1",
    "sampleCount" : 3165,
    "errorCount" : 0,
    "errorPct" : 0.0,
    "meanResTime" : 1.88056872037914,
    "medianResTime" : 1.0,
    "minResTime" : 0.0,
    "maxResTime" : 246.0,
    "pct1ResTime" : 2.0,
    "pct2ResTime" : 3.0,
    "pct3ResTime" : 11.340000000000146,
    "throughput" : 53.42764057462145,
    "receivedKBytesPerSec" : 259.5205900568038,
    "sentKBytesPerSec" : 35.009713696846674
  },
  "Logout-1" : {
    "transaction" : "Logout-1",
    "sampleCount" : 1152,
    "errorCount" : 245,
    "errorPct" : 21.26736,
    "meanResTime" : 2.9244791666666647,
    "medianResTime" : 3.0,
    "minResTime" : 1.0,
    "maxResTime" : 28.0,
    "pct1ResTime" : 4.0,
    "pct2ResTime" : 6.0,
    "pct3ResTime" : 10.0,
    "throughput" : 43.67110201296486,
    "receivedKBytesPerSec" : 3403.649387296713,
    "sentKBytesPerSec" : 21.1580767371773
  },
  "Login-2" : {
    "transaction" : "Login-2",
    "sampleCount" : 3165,
    "errorCount" : 80,
    "errorPct" : 2.527646,
    "meanResTime" : 284.20916271722035,
    "medianResTime" : 91.0,
    "minResTime" : 3.0,
    "maxResTime" : 4731.0,
    "pct1ResTime" : 159.0,
    "pct2ResTime" : 2113.399999999994,
    "pct3ResTime" : 3797.7800000000025,
    "throughput" : 53.37088125189707,
    "receivedKBytesPerSec" : 314.2942125160197,
    "sentKBytesPerSec" : 29.922726705043676
  },
  "Logout-0" : {
    "transaction" : "Logout-0",
    "sampleCount" : 3509,
    "errorCount" : 0,
    "errorPct" : 0.0,
    "meanResTime" : 2.4212026218295835,
    "medianResTime" : 2.0,
    "minResTime" : 1.0,
    "maxResTime" : 313.0,
    "pct1ResTime" : 3.0,
    "pct2ResTime" : 5.0,
    "pct3ResTime" : 20.90000000000009,
    "throughput" : 62.41551049448594,
    "receivedKBytesPerSec" : 126.84245833889186,
    "sentKBytesPerSec" : 36.76045627112238
  },
  "Login-3" : {
    "transaction" : "Login-3",
    "sampleCount" : 3165,
    "errorCount" : 543,
    "errorPct" : 17.156399,
    "meanResTime" : 10.051184834123239,
    "medianResTime" : 4.0,
    "minResTime" : 2.0,
    "maxResTime" : 1039.0,
    "pct1ResTime" : 12.0,
    "pct2ResTime" : 32.69999999999982,
    "pct3ResTime" : 125.02000000000044,
    "throughput" : 53.42764057462145,
    "receivedKBytesPerSec" : 2415.891211738677,
    "sentKBytesPerSec" : 29.003307839852127
  },
  "Login-4" : {
    "transaction" : "Login-4",
    "sampleCount" : 3165,
    "errorCount" : 574,
    "errorPct" : 18.13586,
    "meanResTime" : 10.846129541864116,
    "medianResTime" : 5.0,
    "minResTime" : 2.0,
    "maxResTime" : 326.0,
    "pct1ResTime" : 13.0,
    "pct2ResTime" : 36.0,
    "pct3ResTime" : 162.34000000000015,
    "throughput" : 53.42944443506592,
    "receivedKBytesPerSec" : 6688.162938835736,
    "sentKBytesPerSec" : 28.917654796622042
  },
  "Login-5" : {
    "transaction" : "Login-5",
    "sampleCount" : 3165,
    "errorCount" : 612,
    "errorPct" : 19.336493,
    "meanResTime" : 10.171248025276444,
    "medianResTime" : 4.0,
    "minResTime" : 2.0,
    "maxResTime" : 1001.0,
    "pct1ResTime" : 14.0,
    "pct2ResTime" : 36.0,
    "pct3ResTime" : 118.68000000000029,
    "throughput" : 53.439367845203115,
    "receivedKBytesPerSec" : 935.5475840160993,
    "sentKBytesPerSec" : 28.625123467733765
  },
  "Login-6" : {
    "transaction" : "Login-6",
    "sampleCount" : 3165,
    "errorCount" : 607,
    "errorPct" : 19.178514,
    "meanResTime" : 11.12511848341232,
    "medianResTime" : 5.0,
    "minResTime" : 2.0,
    "maxResTime" : 1128.0,
    "pct1ResTime" : 14.0,
    "pct2ResTime" : 34.69999999999982,
    "pct3ResTime" : 162.34000000000015,
    "throughput" : 53.426738690074274,
    "receivedKBytesPerSec" : 3690.8290659552245,
    "sentKBytesPerSec" : 28.33706110735989
  },
  "Login-7" : {
    "transaction" : "Login-7",
    "sampleCount" : 3165,
    "errorCount" : 585,
    "errorPct" : 18.483412,
    "meanResTime" : 9.769352290679324,
    "medianResTime" : 5.0,
    "minResTime" : 2.0,
    "maxResTime" : 305.0,
    "pct1ResTime" : 13.0,
    "pct2ResTime" : 33.0,
    "pct3ResTime" : 112.34000000000015,
    "throughput" : 53.44387970483444,
    "receivedKBytesPerSec" : 327.90302624385777,
    "sentKBytesPerSec" : 28.675031872139954
  },
  "Login-8" : {
    "transaction" : "Login-8",
    "sampleCount" : 3165,
    "errorCount" : 703,
    "errorPct" : 22.21169,
    "meanResTime" : 9.026856240126376,
    "medianResTime" : 4.0,
    "minResTime" : 0.0,
    "maxResTime" : 318.0,
    "pct1ResTime" : 12.0,
    "pct2ResTime" : 28.0,
    "pct3ResTime" : 121.70000000000073,
    "throughput" : 53.49717724214867,
    "receivedKBytesPerSec" : 2400.4389067570823,
    "sentKBytesPerSec" : 27.431465985345323
  },
  "Total" : {
    "transaction" : "Total",
    "sampleCount" : 57215,
    "errorCount" : 12018,
    "errorPct" : 21.004982,
    "meanResTime" : 38.93038538844665,
    "medianResTime" : 4.0,
    "minResTime" : 0.0,
    "maxResTime" : 5194.0,
    "pct1ResTime" : 15.0,
    "pct2ResTime" : 88.0,
    "pct3ResTime" : 100.0,
    "throughput" : 954.314974814024,
    "receivedKBytesPerSec" : 51223.34828446601,
    "sentKBytesPerSec" : 767.9556931147213
  },
  "Logout" : {
    "transaction" : "Logout",
    "sampleCount" : 5000,
    "errorCount" : 2034,
    "errorPct" : 40.68,
    "meanResTime" : 3.8766000000000047,
    "medianResTime" : 3.0,
    "minResTime" : 1.0,
    "maxResTime" : 313.0,
    "pct1ResTime" : 7.0,
    "pct2ResTime" : 9.0,
    "pct3ResTime" : 27.0,
    "throughput" : 88.93157604539067,
    "receivedKBytesPerSec" : 2081.8781904202906,
    "sentKBytesPerSec" : 51.25336897822066
  },