{
  "Welcome-3" : {
    "transaction" : "Welcome-3",
    "sampleCount" : 4651,
    "errorCount" : 2130,
    "errorPct" : 45.796604,
    "meanResTime" : 22231.413889486084,
    "medianResTime" : 6881.0,
    "minResTime" : 25.0,
    "maxResTime" : 79239.0,
    "pct1ResTime" : 58899.4,
    "pct2ResTime" : 63769.19999999999,
    "pct3ResTime" : 69435.47999999998,
    "throughput" : 25.68704988291433,
    "receivedKBytesPerSec" : 544.3792114338714,
    "sentKBytesPerSec" : 8.362110350138625
  },
  "Registration-4" : {
    "transaction" : "Registration-4",
    "sampleCount" : 3343,
    "errorCount" : 869,
    "errorPct" : 25.994616,
    "meanResTime" : 24260.599760693985,
    "medianResTime" : 27259.0,
    "minResTime" : 3.0,
    "maxResTime" : 72706.0,
    "pct1ResTime" : 40655.6,
    "pct2ResTime" : 51280.399999999994,
    "pct3ResTime" : 66096.95999999999,
    "throughput" : 13.37735094037615,
    "receivedKBytesPerSec" : 372.4665373962085,
    "sentKBytesPerSec" : 6.419505302120848
  },
  "Registration" : {
    "transaction" : "Registration",
    "sampleCount" : 5000,
    "errorCount" : 2618,
    "errorPct" : 52.36,
    "meanResTime" : 63509.480600000046,
    "medianResTime" : 69004.0,
    "minResTime" : 4017.0,
    "maxResTime" : 155719.0,
    "pct1ResTime" : 108290.20000000007,
    "pct2ResTime" : 127184.44999999997,
    "pct3ResTime" : 144454.81999999995,
    "throughput" : 19.833084758671028,
    "receivedKBytesPerSec" : 2496.144614889837,
    "sentKBytesPerSec" : 38.394024328749246
  },
  "Total" : {
    "transaction" : "Total",
    "sampleCount" : 45761,
    "errorCount" : 13555,
    "errorPct" : 29.621294,
    "meanResTime" : 36552.695548611446,
    "medianResTime" : 35323.5,
    "minResTime" : 3.0,
    "maxResTime" : 155719.0,
    "pct1ResTime" : 101145.40000000001,
    "pct2ResTime" : 106113.0,
    "pct3ResTime" : 130919.3300000001,
    "throughput" : 180.465508810121,
    "receivedKBytesPerSec" : 10917.09189953322,
    "sentKBytesPerSec" : 135.42282862461155
  },
  "Welcome" : {
    "transaction" : "Welcome",
    "sampleCount" : 5000,
    "errorCount" : 2810,
    "errorPct" : 56.2,
    "meanResTime" : 71092.89480000005,
    "medianResTime" : 76456.0,
    "minResTime" : 244.0,
    "maxResTime" : 123240.0,
    "pct1ResTime" : 106410.0,
    "pct2ResTime" : 108907.9,
    "pct3ResTime" : 112357.79,
    "throughput" : 27.579055362195735,
    "receivedKBytesPerSec" : 4177.171110499967,
    "sentKBytesPerSec" : 41.3158057807079
  },
  "Registration-3" : {
    "transaction" : "Registration-3",
    "sampleCount" : 3343,
    "errorCount" : 836,
    "errorPct" : 25.007479,
    "meanResTime" : 24654.93778043676,
    "medianResTime" : 27498.0,
    "minResTime" : 3.0,
    "maxResTime" : 76649.0,
    "pct1ResTime" : 41101.6,
    "pct2ResTime" : 52827.199999999975,
    "pct3ResTime" : 66072.43999999999,
    "throughput" : 13.374353886283986,
    "receivedKBytesPerSec" : 863.1573531941622,
    "sentKBytesPerSec" : 6.425318356030662
  },
  "Welcome-0" : {
    "transaction" : "Welcome-0",
    "sampleCount" : 4651,
    "errorCount" : 0,
    "errorPct" : 0.0,
    "meanResTime" : 35685.03870135445,
    "medianResTime" : 36140.0,
    "minResTime" : 23.0,
    "maxResTime" : 82190.0,
    "pct1ResTime" : 63950.8,
    "pct2ResTime" : 65916.59999999999,
    "pct3ResTime" : 72529.55999999985,
    "throughput" : 33.149683185676714,
    "receivedKBytesPerSec" : 130.0412864813119,
    "sentKBytesPerSec" : 16.76907801775443
  },
  "Registration-2" : {
    "transaction" : "Registration-2",
    "sampleCount" : 3343,
    "errorCount" : 826,
    "errorPct" : 24.708345,
    "meanResTime" : 24856.646724499005,
    "medianResTime" : 27539.0,
    "minResTime" : 3.0,
    "maxResTime" : 75691.0,
    "pct1ResTime" : 41207.2,
    "pct2ResTime" : 55672.79999999994,
    "pct3ResTime" : 66281.28,
    "throughput" : 13.377083291650829,
    "receivedKBytesPerSec" : 1205.9004101245973,
    "sentKBytesPerSec" : 6.550622048878574
  },
  "Welcome-1" : {
    "transaction" : "Welcome-1",
    "sampleCount" : 4651,
    "errorCount" : 1254,
    "errorPct" : 26.961945,
    "meanResTime" : 32067.15996559874,
    "medianResTime" : 35122.0,
    "minResTime" : 26.0,
    "maxResTime" : 79647.0,
    "pct1ResTime" : 63303.0,
    "pct2ResTime" : 65707.0,
    "pct3ResTime" : 68703.27999999998,
    "throughput" : 25.80834900922797,
    "receivedKBytesPerSec" : 2260.0917852676416,
    "sentKBytesPerSec" : 11.357811008709138
  },
  "Registration-1" : {
    "transaction" : "Registration-1",
    "sampleCount" : 3564,
    "errorCount" : 221,
    "errorPct" : 6.2008977,
    "meanResTime" : 34373.6857463525,
    "medianResTime" : 33855.0,
    "minResTime" : 1009.0,
    "maxResTime" : 74581.0,
    "pct1ResTime" : 58006.0,
    "pct2ResTime" : 64274.25,
    "pct3ResTime" : 68008.34999999999,
    "throughput" : 15.075504420286789,
    "receivedKBytesPerSec" : 58.38785852042003,
    "sentKBytesPerSec" : 8.849880272883972
  },
  "Welcome-2" : {
    "transaction" : "Welcome-2",
    "sampleCount" : 4651,
    "errorCount" : 1991,
    "errorPct" : 42.808,
    "meanResTime" : 23821.897011395395,
    "medianResTime" : 9269.0,
    "minResTime" : 37.0,
    "maxResTime" : 80073.0,
    "pct1ResTime" : 59891.8,
    "pct2ResTime" : 64588.6,
    "pct3ResTime" : 69475.91999999995,
    "throughput" : 25.879433334446187,
    "receivedKBytesPerSec" : 1292.2199912240983,
    "sentKBytesPerSec" : 8.773619469112722
  },
  "Registration-0" : {
    "transaction" : "Registration-0",
    "sampleCount" : 3564,
    "errorCount" : 0,
    "errorPct" : 0.0,
    "meanResTime" : 28405.82800224467,
    "medianResTime" : 37647.0,
    "minResTime" : 50.0,
    "maxResTime" : 81664.0,
    "pct1ResTime" : 56303.0,
    "pct2ResTime" : 63359.75,
    "pct3ResTime" : 71979.44999999981,
    "throughput" : 17.07509881422925,
    "receivedKBytesPerSec" : 6.37996504072344,
    "sentKBytesPerSec" : 13.126230499161577
  }
}