{
  "Show Contact Page-6" : {
    "transaction" : "Show Contact Page-6",
    "sampleCount" : 998,
    "errorCount" : 16,
    "errorPct" : 1.6032064,
    "meanResTime" : 17191.601202404814,
    "medianResTime" : 17633.0,
    "minResTime" : 202.0,
    "maxResTime" : 112151.0,
    "pct1ResTime" : 25620.1,
    "pct2ResTime" : 29874.949999999986,
    "pct3ResTime" : 90878.08999999998,
    "throughput" : 4.584479836097955,
    "receivedKBytesPerSec" : 32.614888872013545,
    "sentKBytesPerSec" : 2.6105666977504813
  },
  "Show Contact Page-5" : {
    "transaction" : "Show Contact Page-5",
    "sampleCount" : 998,
    "errorCount" : 12,
    "errorPct" : 1.2024049,
    "meanResTime" : 17318.03006012023,
    "medianResTime" : 17867.0,
    "minResTime" : 301.0,
    "maxResTime" : 97447.0,
    "pct1ResTime" : 26404.100000000002,
    "pct2ResTime" : 31392.399999999998,
    "pct3ResTime" : 85619.43,
    "throughput" : 4.564121795282217,
    "receivedKBytesPerSec" : 384.6471443011932,
    "sentKBytesPerSec" : 2.611559521658999
  },
  "Show Contact Page-4" : {
    "transaction" : "Show Contact Page-4",
    "sampleCount" : 998,
    "errorCount" : 12,
    "errorPct" : 1.2024049,
    "meanResTime" : 17113.987975951903,
    "medianResTime" : 17958.5,
    "minResTime" : 242.0,
    "maxResTime" : 108095.0,
    "pct1ResTime" : 26012.5,
    "pct2ResTime" : 29985.55,
    "pct3ResTime" : 84324.29999999999,
    "throughput" : 4.5016599307159355,
    "receivedKBytesPerSec" : 94.99001007432476,
    "sentKBytesPerSec" : 2.5999232197468607
  },
  "Show Contact Page-3" : {
    "transaction" : "Show Contact Page-3",
    "sampleCount" : 998,
    "errorCount" : 10,
    "errorPct" : 1.002004,
    "meanResTime" : 16926.97795591183,
    "medianResTime" : 17801.5,
    "minResTime" : 287.0,
    "maxResTime" : 97801.0,
    "pct1ResTime" : 26107.100000000002,
    "pct2ResTime" : 30007.949999999993,
    "pct3ResTime" : 52560.12999999995,
    "throughput" : 4.5848378768249765,
    "receivedKBytesPerSec" : 692.6658879433809,
    "sentKBytesPerSec" : 2.642686497353841
  },
  "Show Contact Page-7" : {
    "transaction" : "Show Contact Page-7",
    "sampleCount" : 998,
    "errorCount" : 132,
    "errorPct" : 13.226453,
    "meanResTime" : 15890.404809619256,
    "medianResTime" : 15378.5,
    "minResTime" : 3.0,
    "maxResTime" : 102892.0,
    "pct1ResTime" : 26540.300000000003,
    "pct2ResTime" : 30409.249999999996,
    "pct3ResTime" : 46338.52999999964,
    "throughput" : 4.4254851183085595,
    "receivedKBytesPerSec" : 221.21784781685676,
    "sentKBytesPerSec" : 2.2238371045664977
  },
  "Show Contact Page-2" : {
    "transaction" : "Show Contact Page-2",
    "sampleCount" : 998,
    "errorCount" : 8,
    "errorPct" : 0.8016032,
    "meanResTime" : 16756.730460921837,
    "medianResTime" : 17579.5,
    "minResTime" : 155.0,
    "maxResTime" : 105519.0,
    "pct1ResTime" : 25937.4,
    "pct2ResTime" : 30030.449999999986,
    "pct3ResTime" : 44055.729999999945,
    "throughput" : 4.605636597735947,
    "receivedKBytesPerSec" : 249.00175574031687,
    "sentKBytesPerSec" : 2.644138139101301
  },
  "Show Contact Page-1" : {
    "transaction" : "Show Contact Page-1",
    "sampleCount" : 998,
    "errorCount" : 0,
    "errorPct" : 0.0,
    "meanResTime" : 135.86172344689362,
    "medianResTime" : 115.0,
    "minResTime" : 81.0,
    "maxResTime" : 1222.0,
    "pct1ResTime" : 144.0,
    "pct2ResTime" : 167.04999999999995,
    "pct3ResTime" : 1105.06,
    "throughput" : 6.929929936880699,
    "receivedKBytesPerSec" : 41.37655433016464,
    "sentKBytesPerSec" : 3.654455240151931
  },
  "Show Contact Page-0" : {
    "transaction" : "Show Contact Page-0",
    "sampleCount" : 998,
    "errorCount" : 0,
    "errorPct" : 0.0,
    "meanResTime" : 12938.826653306616,
    "medianResTime" : 13663.0,
    "minResTime" : 129.0,
    "maxResTime" : 49067.0,
    "pct1ResTime" : 22433.5,
    "pct2ResTime" : 24349.95,
    "pct3ResTime" : 33504.24,
    "throughput" : 6.85920081375689,
    "receivedKBytesPerSec" : 40.83367984439649,
    "sentKBytesPerSec" : 3.449695721762499
  },
  "Send Email-2" : {
    "transaction" : "Send Email-2",
    "sampleCount" : 861,
    "errorCount" : 110,
    "errorPct" : 12.775842,
    "meanResTime" : 22532.859465737507,
    "medianResTime" : 16846.0,
    "minResTime" : 177.0,
    "maxResTime" : 100348.0,
    "pct1ResTime" : 60786.4,
    "pct2ResTime" : 81543.19999999998,
    "pct3ResTime" : 87583.26,
    "throughput" : 3.9510274506924628,
    "receivedKBytesPerSec" : 189.37336628628657,
    "sentKBytesPerSec" : 2.159051082287833
  },
  "Send Email-1" : {
    "transaction" : "Send Email-1",
    "sampleCount" : 902,
    "errorCount" : 41,
    "errorPct" : 4.5454545,
    "meanResTime" : 19398.38359201774,
    "medianResTime" : 18591.5,
    "minResTime" : 60.0,
    "maxResTime" : 90794.0,
    "pct1ResTime" : 28751.700000000008,
    "pct2ResTime" : 39439.399999999936,
    "pct3ResTime" : 84243.90000000001,
    "throughput" : 4.254094920082441,
    "receivedKBytesPerSec" : 24.605233506539136,
    "sentKBytesPerSec" : 2.532915661507044
  },
  "Show Contact Page" : {
    "transaction" : "Show Contact Page",
    "sampleCount" : 1000,
    "errorCount" : 164,
    "errorPct" : 16.4,
    "meanResTime" : 37398.19399999998,
    "medianResTime" : 36642.5,
    "minResTime" : 720.0,
    "maxResTime" : 132554.0,
    "pct1ResTime" : 55888.6,
    "pct2ResTime" : 66479.44999999998,
    "pct3ResTime" : 121766.85,
    "throughput" : 4.398504508467121,
    "receivedKBytesPerSec" : 1666.0998408978448,
    "sentKBytesPerSec" : 19.327737553606774
  },
  "Send Email-4" : {
    "transaction" : "Send Email-4",
    "sampleCount" : 861,
    "errorCount" : 104,
    "errorPct" : 12.078978,
    "meanResTime" : 21778.45760743323,
    "medianResTime" : 16838.0,
    "minResTime" : 120.0,
    "maxResTime" : 96488.0,
    "pct1ResTime" : 60534.4,
    "pct2ResTime" : 80522.59999999999,
    "pct3ResTime" : 86249.54,
    "throughput" : 4.025433634110991,
    "receivedKBytesPerSec" : 76.61874970779373,
    "sentKBytesPerSec" : 2.2392360340011224
  },
  "Send Email-3" : {
    "transaction" : "Send Email-3",
    "sampleCount" : 861,
    "errorCount" : 113,
    "errorPct" : 13.124274,
    "meanResTime" : 22532.944250871074,
    "medianResTime" : 16871.0,
    "minResTime" : 204.0,
    "maxResTime" : 100199.0,
    "pct1ResTime" : 60798.4,
    "pct2ResTime" : 82702.2,
    "pct3ResTime" : 89964.86,
    "throughput" : 3.9510637126232124,
    "receivedKBytesPerSec" : 524.5483423085042,
    "sentKBytesPerSec" : 2.161679055805907
  },
  "Send Email-6" : {
    "transaction" : "Send Email-6",
    "sampleCount" : 860,
    "errorCount" : 107,
    "errorPct" : 12.44186,
    "meanResTime" : 21932.503488372087,
    "medianResTime" : 16776.0,
    "minResTime" : 72.0,
    "maxResTime" : 96844.0,
    "pct1ResTime" : 60715.5,
    "pct2ResTime" : 79813.7,
    "pct3ResTime" : 88139.99,
    "throughput" : 3.983288714324092,
    "receivedKBytesPerSec" : 26.163992915477856,
    "sentKBytesPerSec" : 2.1861137373669535
  },
  "Send Email-5" : {
    "transaction" : "Send Email-5",
    "sampleCount" : 860,
    "errorCount" : 113,
    "errorPct" : 13.139535,
    "meanResTime" : 22844.398837209304,
    "medianResTime" : 17160.5,
    "minResTime" : 233.0,
    "maxResTime" : 113604.0,
    "pct1ResTime" : 60779.1,
    "pct2ResTime" : 82530.59999999999,
    "pct3ResTime" : 92974.22999999997,
    "throughput" : 3.643558315998187,
    "receivedKBytesPerSec" : 270.40478714840725,
    "sentKBytesPerSec" : 1.9775604735354804
  },
  "Total" : {
    "transaction" : "Total",
    "sampleCount" : 16951,
    "errorCount" : 1354,
    "errorPct" : 7.9877295,
    "meanResTime" : 21988.99799421852,
    "medianResTime" : 17995.0,
    "minResTime" : 3.0,
    "maxResTime" : 164157.0,
    "pct1ResTime" : 48798.20000000001,
    "pct2ResTime" : 75391.6,
    "pct3ResTime" : 112242.03999999992,
    "throughput" : 68.24101546302522,
    "receivedKBytesPerSec" : 5383.51115779829,