{
  "Login Welcome-1" : {
    "transaction" : "Login Welcome-1",
    "sampleCount" : 3000,
    "errorCount" : 551,
    "errorPct" : 18.366667,
    "meanResTime" : 29164.657333333325,
    "medianResTime" : 33626.5,
    "minResTime" : 0.0,
    "maxResTime" : 65808.0,
    "pct1ResTime" : 53064.9,
    "pct2ResTime" : 54412.8,
    "pct3ResTime" : 57766.739999999976,
    "throughput" : 19.58863858961802,
    "receivedKBytesPerSec" : 1908.125758804685,
    "sentKBytesPerSec" : 9.635116970698661
  },
  "Login Welcome-0" : {
    "transaction" : "Login Welcome-0",
    "sampleCount" : 3000,
    "errorCount" : 0,
    "errorPct" : 0.0,
    "meanResTime" : 26666.417666666635,
    "medianResTime" : 29027.0,
    "minResTime" : 67.0,
    "maxResTime" : 49335.0,
    "pct1ResTime" : 44218.0,
    "pct2ResTime" : 45668.149999999994,
    "pct3ResTime" : 47111.74999999999,
    "throughput" : 27.55858495852433,
    "receivedKBytesPerSec" : 70.78035003995996,
    "sentKBytesPerSec" : 13.752379798638607
  },
  "Login" : {
    "transaction" : "Login",
    "sampleCount" : 3000,
    "errorCount" : 2483,
    "errorPct" : 82.76667,
    "meanResTime" : 80593.02966666677,
    "medianResTime" : 83055.0,
    "minResTime" : 0.0,
    "maxResTime" : 157891.0,
    "pct1ResTime" : 112088.5,
    "pct2ResTime" : 122332.85,
    "pct3ResTime" : 134423.93,
    "throughput" : 11.628898588251712,
    "receivedKBytesPerSec" : 2135.922492209849,
    "sentKBytesPerSec" : 35.43161489909023
  },
  "Login-0" : {
    "transaction" : "Login-0",
    "sampleCount" : 2939,
    "errorCount" : 0,
    "errorPct" : 0.0,
    "meanResTime" : 17665.399795848927,
    "medianResTime" : 5510.0,
    "minResTime" : 183.0,
    "maxResTime" : 59863.0,
    "pct1ResTime" : 43028.0,
    "pct2ResTime" : 46405.0,
    "pct3ResTime" : 55300.799999999996,
    "throughput" : 14.342322294771568,
    "receivedKBytesPerSec" : 5.307820536751286,
    "sentKBytesPerSec" : 10.504630586990894
  },
  "Logout-2" : {
    "transaction" : "Logout-2",
    "sampleCount" : 2121,
    "errorCount" : 561,
    "errorPct" : 26.449787,
    "meanResTime" : 17140.440829797284,
    "medianResTime" : 10139.0,
    "minResTime" : 0.0,
    "maxResTime" : 61516.0,
    "pct1ResTime" : 40834.0,
    "pct2ResTime" : 46547.399999999994,
    "pct3ResTime" : 49681.00000000002,
    "throughput" : 8.692801081989385,
    "receivedKBytesPerSec" : 765.5746419624378,
    "sentKBytesPerSec" : 3.85237786634972
  },
  "Login-1" : {
    "transaction" : "Login-1",
    "sampleCount" : 2939,
    "errorCount" : 32,
    "errorPct" : 1.0888057,
    "meanResTime" : 37013.22490643076,
    "medianResTime" : 40127.0,
    "minResTime" : 0.0,
    "maxResTime" : 60522.0,
    "pct1ResTime" : 49951.0,
    "pct2ResTime" : 52327.0,
    "pct3ResTime" : 55156.399999999994,
    "throughput" : 12.519595147219194,
    "receivedKBytesPerSec" : 41.203697479148204,
    "sentKBytesPerSec" : 7.597183843215393
  },
  "Logout-1" : {
    "transaction" : "Logout-1",
    "sampleCount" : 2163,
    "errorCount" : 42,
    "errorPct" : 1.9417475,
    "meanResTime" : 29044.105409153995,
    "medianResTime" : 32467.0,
    "minResTime" : 0.0,
    "maxResTime" : 59360.0,
    "pct1ResTime" : 46405.0,
    "pct2ResTime" : 47425.6,
    "pct3ResTime" : 52881.20000000001,
    "throughput" : 8.541810642709054,
    "receivedKBytesPerSec" : 22.641668569207226,
    "sentKBytesPerSec" : 4.23705295438839
  },
  "Login-2" : {
    "transaction" : "Login-2",
    "sampleCount" : 2907,
    "errorCount" : 709,
    "errorPct" : 24.389404,
    "meanResTime" : 16197.68283453733,
    "medianResTime" : 113.0,
    "minResTime" : 0.0,
    "maxResTime" : 50796.0,
    "pct1ResTime" : 46119.6,
    "pct2ResTime" : 47302.99999999999,
    "pct3ResTime" : 48401.520000000004,
    "throughput" : 11.577060931899641,
    "receivedKBytesPerSec" : 599.207137034548,
    "sentKBytesPerSec" : 5.394619144514138
  },
  "Logout-0" : {
    "transaction" : "Logout-0",
    "sampleCount" : 2163,
    "errorCount" : 0,
    "errorPct" : 0.0,
    "meanResTime" : 8953.007397133608,
    "medianResTime" : 2050.0,
    "minResTime" : 13.0,
    "maxResTime" : 59672.0,
    "pct1ResTime" : 38168.4,
    "pct2ResTime" : 47555.19999999998,
    "pct3ResTime" : 54512.6,
    "throughput" : 8.70184416336777,
    "receivedKBytesPerSec" : 3.841048400236555,
    "sentKBytesPerSec" : 4.911783131275948
  },
  "Login-3" : {
    "transaction" : "Login-3",
    "sampleCount" : 2907,
    "errorCount" : 1056,
    "errorPct" : 36.32611,
    "meanResTime" : 24461.664946680437,
    "medianResTime" : 31722.0,
    "minResTime" : 0.0,
    "maxResTime" : 62021.0,
    "pct1ResTime" : 47440.200000000004,
    "pct2ResTime" : 48789.0,
    "pct3ResTime" : 54826.240000000005,
    "throughput" : 11.521084337349398,
    "receivedKBytesPerSec" : 554.2863902670716,
    "sentKBytesPerSec" : 4.648641853598605
  },
  "Login-4" : {
    "transaction" : "Login-4",
    "sampleCount" : 2907,
    "errorCount" : 1053,
    "errorPct" : 36.22291,
    "meanResTime" : 24502.733058135593,
    "medianResTime" : 31728.0,
    "minResTime" : 1.0,
    "maxResTime" : 64312.0,
    "pct1ResTime" : 47262.0,
    "pct2ResTime" : 48786.6,
    "pct3ResTime" : 54996.12,
    "throughput" : 11.449164057423053,
    "receivedKBytesPerSec" : 575.8547657465391,
    "sentKBytesPerSec" : 4.679599961107501
  },
  "Login-5" : {
    "transaction" : "Login-5",
    "sampleCount" : 997,
    "errorCount" : 364,
    "errorPct" : 36.50953,
    "meanResTime" : 23398.50250752257,
    "medianResTime" : 28201.0,
    "minResTime" : 0.0,
    "maxResTime" : 64205.0,
    "pct1ResTime" : 49979.8,
    "pct2ResTime" : 53061.09999999999,
    "pct3ResTime" : 58632.81999999999,
    "throughput" : 4.6233607241564805,
    "receivedKBytesPerSec" : 66.31638020157064,
    "sentKBytesPerSec" : 1.8489539255091725
  },
  "Login-6" : {
    "transaction" : "Login-6",
    "sampleCount" : 997,
    "errorCount" : 385,
    "errorPct" : 38.61585,
    "meanResTime" : 22761.197592778353,
    "medianResTime" : 26167.0,
    "minResTime" : 0.0,
    "maxResTime" : 64876.0,
    "pct1ResTime" : 50004.200000000004,
    "pct2ResTime" : 53417.099999999984,
    "pct3ResTime" : 58595.32,
    "throughput" : 4.602359805749948,
    "receivedKBytesPerSec" : 244.36332550068553,
    "sentKBytesPerSec" : 1.7574230074136308
  },
  "Logout-4" : {
    "transaction" : "Logout-4",
    "sampleCount" : 2121,
    "errorCount" : 584,
    "errorPct" : 27.534182,
    "meanResTime" : 16902.404054691197,
    "medianResTime" : 9894.0,
    "minResTime" : 0.0,
    "maxResTime" : 61939.0,
    "pct1ResTime" : 40518.2,
    "pct2ResTime" : 46650.299999999996,
    "pct3ResTime" : 50343.0400000001,
    "throughput" : 8.694190755710046,
    "receivedKBytesPerSec" : 237.03413089860467,
    "sentKBytesPerSec" : 3.7838814619747003
  },
  "Login-7" : {
    "transaction" : "Login-7",
    "sampleCount" : 997,
    "errorCount" : 387,
    "errorPct" : 38.81645,
    "meanResTime" : 22610.427281845525,
    "medianResTime" : 25917.0,
    "minResTime" : 0.0,
    "maxResTime" : 63922.0,
    "pct1ResTime" : 49809.4,
    "pct2ResTime" : 52998.09999999999,
    "pct3ResTime" : 59699.31999999999,
    "throughput" : 4.61591170043335,
    "receivedKBytesPerSec" : 24.24888168601152,
    "sentKBytesPerSec" : 1.7623536838169933
  },
  "Logout-3" : {
    "transaction" : "Logout-3",
    "sampleCount" : 2121,
    "errorCount" : 570,
    "errorPct" : 26.874117,
    "meanResTime" : 17030.69165487976,
    "medianResTime" : 10090.0,
    "minResTime" : 1.0,
    "maxResTime" : 61519.0,
    "pct1ResTime" : 41162.19999999998,
    "pct2ResTime" : 46670.299999999996,
    "pct3ResTime" : 51673.740000000005,
    "throughput" : 8.695117451727954,
    "receivedKBytesPerSec" : 547.3018322367072,
    "sentKBytesPerSec" : 3.7690796604046244
  },
  "Login-8" : {
    "transaction" : "Login-8",
    "sampleCount" : 997,
    "errorCount" : 471,
    "errorPct" : 47.241726,
    "meanResTime" : 20711.40320962889,
    "medianResTime" : 21341.0,
    "minResTime" : 0.0,