{
  "Session Test" : {
    "transaction" : "Session Test",
    "sampleCount" : 1000,
    "errorCount" : 0,
    "errorPct" : 0.0,
    "meanResTime" : 286.22500000000014,
    "medianResTime" : 244.5,
    "minResTime" : 198.0,
    "maxResTime" : 4989.0,
    "pct1ResTime" : 360.9,
    "pct2ResTime" : 464.99999999999864,
    "pct3ResTime" : 908.8700000000001,
    "throughput" : 4.9487556353954805,
    "receivedKBytesPerSec" : 1898.4754807329477,
    "sentKBytesPerSec" : 22.820336045251423
  },
  "Login Welcome-1" : {
    "transaction" : "Login Welcome-1",
    "sampleCount" : 2,
    "errorCount" : 0,
    "errorPct" : 0.0,
    "meanResTime" : 969.5,
    "medianResTime" : 969.5,
    "minResTime" : 224.0,
    "maxResTime" : 1715.0,
    "pct1ResTime" : 1715.0,
    "pct2ResTime" : 1715.0,
    "pct3ResTime" : 1715.0,
    "throughput" : 0.033753565220326395,
    "receivedKBytesPerSec" : 4.011169529390917,
    "sentKBytesPerSec" : 0.020403766475959022
  },
  "Login Welcome-0" : {
    "transaction" : "Login Welcome-0",
    "sampleCount" : 2,
    "errorCount" : 0,
    "errorPct" : 0.0,
    "meanResTime" : 428.5,
    "medianResTime" : 428.5,
    "minResTime" : 110.0,
    "maxResTime" : 747.0,
    "pct1ResTime" : 747.0,
    "pct2ResTime" : 747.0,
    "pct3ResTime" : 747.0,
    "throughput" : 0.03343195760827775,
    "receivedKBytesPerSec" : 0.08596322693612825,
    "sentKBytesPerSec" : 0.01674862720024071
  },
  "Login-0" : {
    "transaction" : "Login-0",
    "sampleCount" : 2,
    "errorCount" : 0,
    "errorPct" : 0.0,
    "meanResTime" : 375.5,
    "medianResTime" : 375.5,
    "minResTime" : 279.0,
    "maxResTime" : 472.0,
    "pct1ResTime" : 472.0,
    "pct2ResTime" : 472.0,
    "pct3ResTime" : 472.0,
    "throughput" : 0.03492656689310724,
    "receivedKBytesPerSec" : 0.01504161718736357,
    "sentKBytesPerSec" : 0.02534222578279168
  },
  "Login-1" : {
    "transaction" : "Login-1",
    "sampleCount" : 2,
    "errorCount" : 0,
    "errorPct" : 0.0,
    "meanResTime" : 67.5,
    "medianResTime" : 67.5,
    "minResTime" : 56.0,
    "maxResTime" : 79.0,
    "pct1ResTime" : 79.0,
    "pct2ResTime" : 79.0,
    "pct3ResTime" : 79.0,
    "throughput" : 0.03516792685071215,
    "receivedKBytesPerSec" : 0.16563956171971164,
    "sentKBytesPerSec" : 0.02139611174608757
  },
  "Login-2" : {
    "transaction" : "Login-2",
    "sampleCount" : 2,
    "errorCount" : 0,
    "errorPct" : 0.0,
    "meanResTime" : 560.0,
    "medianResTime" : 560.0,
    "minResTime" : 174.0,
    "maxResTime" : 946.0,
    "pct1ResTime" : 946.0,
    "pct2ResTime" : 946.0,
    "pct3ResTime" : 946.0,
    "throughput" : 0.035100651117078226,
    "receivedKBytesPerSec" : 0.20957556731427368,
    "sentKBytesPerSec" : 0.02018972998824128
  },
  "Login-3" : {
    "transaction" : "Login-3",
    "sampleCount" : 2,
    "errorCount" : 0,
    "errorPct" : 0.0,
    "meanResTime" : 99.5,
    "medianResTime" : 99.5,
    "minResTime" : 90.0,
    "maxResTime" : 109.0,
    "pct1ResTime" : 109.0,
    "pct2ResTime" : 109.0,
    "pct3ResTime" : 109.0,
    "throughput" : 0.03515247385534757,
    "receivedKBytesPerSec" : 1.9086351502768257,
    "sentKBytesPerSec" : 0.021901638984093506
  },
  "Login-4" : {
    "transaction" : "Login-4",
    "sampleCount" : 2,
    "errorCount" : 0,
    "errorPct" : 0.0,
    "meanResTime" : 207.0,
    "medianResTime" : 207.0,
    "minResTime" : 155.0,
    "maxResTime" : 259.0,
    "pct1ResTime" : 259.0,
    "pct2ResTime" : 259.0,
    "pct3ResTime" : 259.0,
    "throughput" : 0.0351123595505618,
    "receivedKBytesPerSec" : 5.357618010445927,
    "sentKBytesPerSec" : 0.022082382373595506
  },
  "Session Test-5" : {
    "transaction" : "Session Test-5",
    "sampleCount" : 1000,
    "errorCount" : 0,
    "errorPct" : 0.0,
    "meanResTime" : 103.60399999999994,
    "medianResTime" : 89.0,
    "minResTime" : 61.0,
    "maxResTime" : 2116.0,
    "pct1ResTime" : 136.0,
    "pct2ResTime" : 174.94999999999993,
    "pct3ResTime" : 372.84000000000015,
    "throughput" : 4.951941408629254,
    "receivedKBytesPerSec" : 421.4940632025567,
    "sentKBytesPerSec" : 2.8531693663000577
  },
  "Login-5" : {
    "transaction" : "Login-5",
    "sampleCount" : 2,
    "errorCount" : 0,
    "errorPct" : 0.0,
    "meanResTime" : 349.5,
    "medianResTime" : 349.5,
    "minResTime" : 90.0,
    "maxResTime" : 609.0,
    "pct1ResTime" : 609.0,
    "pct2ResTime" : 609.0,
    "pct3ResTime" : 609.0,
    "throughput" : 0.03515185601799775,
    "receivedKBytesPerSec" : 0.7498948190558211,
    "sentKBytesPerSec" : 0.022210205901996623
  },
  "Session Test-6" : {
    "transaction" : "Session Test-6",
    "sampleCount" : 1000,
    "errorCount" : 0,
    "errorPct" : 0.0,
    "meanResTime" : 90.00199999999997,
    "medianResTime" : 83.0,
    "minResTime" : 50.0,
    "maxResTime" : 641.0,
    "pct1ResTime" : 112.0,
    "pct2ResTime" : 134.0,
    "pct3ResTime" : 283.5600000000004,
    "throughput" : 4.951769762513122,
    "receivedKBytesPerSec" : 35.63296422532038,
    "sentKBytesPerSec" : 2.8627418939528986
  },
  "Login-6" : {
    "transaction" : "Login-6",
    "sampleCount" : 2,
    "errorCount" : 0,
    "errorPct" : 0.0,
    "meanResTime" : 226.5,
    "medianResTime" : 226.5,
    "minResTime" : 202.0,
    "maxResTime" : 251.0,
    "pct1ResTime" : 251.0,
    "pct2ResTime" : 251.0,
    "pct3ResTime" : 251.0,
    "throughput" : 0.035052666631614,
    "receivedKBytesPerSec" : 2.983584398058082,
    "sentKBytesPerSec" : 0.021873685525001314
  },
  "Session Test-7" : {
    "transaction" : "Session Test-7",
    "sampleCount" : 1000,
    "errorCount" : 0,
    "errorPct" : 0.0,
    "meanResTime" : 106.21300000000005,
    "medianResTime" : 91.0,
    "minResTime" : 55.0,
    "maxResTime" : 2070.0,
    "pct1ResTime" : 147.0,
    "pct2ResTime" : 201.0,
    "pct3ResTime" : 383.93000000000006,
    "throughput" : 4.951818803046359,
    "receivedKBytesPerSec" : 283.2488567875199,
    "sentKBytesPerSec" : 2.8676060060610262
  },
  "Login-7" : {
    "transaction" : "Login-7",
    "sampleCount" : 2,
    "errorCount" : 0,
    "errorPct" : 0.0,
    "meanResTime" : 139.0,
    "medianResTime" : 139.0,
    "minResTime" : 109.0,
    "maxResTime" : 169.0,
    "pct1ResTime" : 169.0,
    "pct2ResTime" : 169.0,
    "pct3ResTime" : 169.0,
    "throughput" : 0.03510188321603454,
    "receivedKBytesPerSec" : 0.2526032982607017,
    "sentKBytesPerSec" : 0.02197295619284975
  },
  "Login-8" : {
    "transaction" : "Login-8",
    "sampleCount" : 2,
    "errorCount" : 0,
    "errorPct" : 0.0,
    "meanResTime" : 167.0,
    "medianResTime" : 167.0,
    "minResTime" : 105.0,
    "maxResTime" : 229.0,
    "pct1ResTime" : 229.0,
    "pct2ResTime" : 229.0,
    "pct3ResTime" : 229.0,
    "throughput" : 0.0350809492904878,
    "receivedKBytesPerSec" : 2.006671409903352,
    "sentKBytesPerSec" : 0.021994110785637858
  },
  "Session Test-1" : {
    "transaction" : "Session Test-1",
    "sampleCount" : 1000,
    "errorCount" : 0,
    "errorPct" : 0.0,
    "meanResTime" : 66.42800000000013,
    "medianResTime" : 58.0,
    "minResTime" : 48.0,
    "maxResTime" : 698.0,
    "pct1ResTime" : 85.0,
    "pct2ResTime" : 96.0,
    "pct3ResTime" : 205.0,
    "throughput" : 4.952750757770866,
    "receivedKBytesPerSec" : 27.43745082073271,
    "sentKBytesPerSec" : 2.800432313231769
  },
  "Session Test-2" : {
    "transaction" : "Session Test-2",
    "sampleCount" : 1000,
    "errorCount" : 0,
    "errorPct" : 0.0,
    "meanResTime" : 97.49299999999994,
    "medianResTime" : 85.0,
    "minResTime" : 57.0,
    "maxResTime" : 1277.0,
    "pct1ResTime" : 120.0,
    "pct2ResTime" : 154.8499999999998,
    "pct3ResTime" : 376.41000000000054,
    "throughput" : 4.952235686800806,
    "receivedKBytesPerSec" : 268.88482364933964,
    "sentKBytesPerSec" : 2.848502753443042
  },
  "Session Test-3" : {
    "transaction" : "Session Test-3",
    "sampleCount" : 1000,
    "errorCount" : 0,
    "errorPct" : 0.0,
    "meanResTime" : 121.34299999999985,
    "medianResTime" : 94.0,