{
  "Welcome-3" : {
    "transaction" : "Welcome-3",
    "sampleCount" : 10000,
    "errorCount" : 0,
    "errorPct" : 0.0,
    "meanResTime" : 4.708500000000004,
    "medianResTime" : 4.0,
    "minResTime" : 2.0,
    "maxResTime" : 584.0,
    "pct1ResTime" : 4.0,
    "pct2ResTime" : 4.0,
    "pct3ResTime" : 7.0,
    "throughput" : 25.0197030161252,
    "receivedKBytesPerSec" : 917.3972550258328,
    "sentKBytesPerSec" : 15.026481791911129
  },
  "Registration-4" : {
    "transaction" : "Registration-4",
    "sampleCount" : 10000,
    "errorCount" : 0,
    "errorPct" : 0.0,
    "meanResTime" : 3.576700000000012,
    "medianResTime" : 3.0,
    "minResTime" : 2.0,
    "maxResTime" : 595.0,
    "pct1ResTime" : 4.0,
    "pct2ResTime" : 4.0,
    "pct3ResTime" : 6.0,
    "throughput" : 25.059579149427766,
    "receivedKBytesPerSec" : 918.8593928941058,
    "sentKBytesPerSec" : 16.249570854707066
  },
  "Registration" : {
    "transaction" : "Registration",
    "sampleCount" : 10000,
    "errorCount" : 0,
    "errorPct" : 0.0,
    "meanResTime" : 12.881900000000055,
    "medianResTime" : 12.0,
    "minResTime" : 9.0,
    "maxResTime" : 606.0,
    "pct1ResTime" : 14.0,
    "pct2ResTime" : 14.0,
    "pct3ResTime" : 21.0,
    "throughput" : 25.057820921777,
    "receivedKBytesPerSec" : 6138.089422592632,
    "sentKBytesPerSec" : 83.54238342475261
  },
  "Total" : {
    "transaction" : "Total",
    "sampleCount" : 110000,
    "errorCount" : 0,
    "errorPct" : 0.0,
    "meanResTime" : 5.447845454545388,
    "medianResTime" : 4.0,
    "minResTime" : 2.0,
    "maxResTime" : 606.0,
    "pct1ResTime" : 11.0,
    "pct2ResTime" : 12.0,
    "pct3ResTime" : 18.0,
    "throughput" : 275.1348160598693,
    "receivedKBytesPerSec" : 24488.806155641265,
    "sentKBytesPerSec" : 281.92525274884696
  },
  "Welcome" : {
    "transaction" : "Welcome",
    "sampleCount" : 10000,
    "errorCount" : 0,
    "errorPct" : 0.0,
    "meanResTime" : 8.84799999999998,
    "medianResTime" : 8.0,
    "minResTime" : 6.0,
    "maxResTime" : 588.0,
    "pct1ResTime" : 8.0,
    "pct2ResTime" : 9.0,
    "pct3ResTime" : 15.0,
    "throughput" : 25.01300676351703,
    "receivedKBytesPerSec" : 6117.6587215977315,
    "sentKBytesPerSec" : 57.57388373204066
  },
  "Registration-3" : {
    "transaction" : "Registration-3",
    "sampleCount" : 10000,
    "errorCount" : 0,
    "errorPct" : 0.0,
    "meanResTime" : 4.178900000000034,
    "medianResTime" : 4.0,
    "minResTime" : 3.0,
    "maxResTime" : 597.0,
    "pct1ResTime" : 5.0,
    "pct2ResTime" : 5.0,
    "pct3ResTime" : 6.0,
    "throughput" : 25.059579149427766,
    "receivedKBytesPerSec" : 2133.8818979624057,
    "sentKBytesPerSec" : 16.053792892602164
  },
  "Welcome-0" : {
    "transaction" : "Welcome-0",
    "sampleCount" : 10000,
    "errorCount" : 0,
    "errorPct" : 0.0,
    "meanResTime" : 2.905299999999994,
    "medianResTime" : 3.0,
    "minResTime" : 2.0,
    "maxResTime" : 42.0,
    "pct1ResTime" : 3.0,
    "pct2ResTime" : 4.0,
    "pct3ResTime" : 4.0,
    "throughput" : 25.013319592683104,
    "receivedKBytesPerSec" : 98.12353984746878,
    "sentKBytesPerSec" : 12.65322221582993
  },
  "Registration-2" : {
    "transaction" : "Registration-2",
    "sampleCount" : 10000,
    "errorCount" : 0,
    "errorPct" : 0.0,
    "meanResTime" : 4.183199999999987,
    "medianResTime" : 4.0,
    "minResTime" : 3.0,
    "maxResTime" : 593.0,
    "pct1ResTime" : 5.0,
    "pct2ResTime" : 5.0,
    "pct3ResTime" : 6.0,
    "throughput" : 25.060207147672283,
    "receivedKBytesPerSec" : 2978.0776831963794,
    "sentKBytesPerSec" : 16.298923789404043
  },
  "Welcome-1" : {
    "transaction" : "Welcome-1",
    "sampleCount" : 10000,
    "errorCount" : 0,
    "errorPct" : 0.0,
    "meanResTime" : 5.297999999999992,
    "medianResTime" : 4.0,
    "minResTime" : 3.0,
    "maxResTime" : 572.0,
    "pct1ResTime" : 5.0,
    "pct2ResTime" : 5.0,
    "pct3ResTime" : 8.0,
    "throughput" : 25.019390027271136,
    "receivedKBytesPerSec" : 2973.2271025669893,
    "sentKBytesPerSec" : 15.0751598113538
  },
  "Registration-1" : {
    "transaction" : "Registration-1",
    "sampleCount" : 10000,
    "errorCount" : 0,
    "errorPct" : 0.0,
    "meanResTime" : 3.439699999999998,
    "medianResTime" : 3.0,
    "minResTime" : 2.0,
    "maxResTime" : 126.0,
    "pct1ResTime" : 4.0,
    "pct2ResTime" : 4.0,
    "pct3ResTime" : 6.0,
    "throughput" : 25.059013977918,
    "receivedKBytesPerSec" : 98.42515060467402,
    "sentKBytesPerSec" : 15.686355429536558
  },
  "Welcome-2" : {
    "transaction" : "Welcome-2",
    "sampleCount" : 10000,
    "errorCount" : 0,
    "errorPct" : 0.0,
    "meanResTime" : 5.370399999999987,
    "medianResTime" : 4.0,
    "minResTime" : 3.0,
    "maxResTime" : 580.0,
    "pct1ResTime" : 5.0,
    "pct2ResTime" : 5.0,
    "pct3ResTime" : 9.0,
    "throughput" : 25.019452624415482,
    "receivedKBytesPerSec" : 2130.4650303110666,
    "sentKBytesPerSec" : 14.830866936543162
  },
  "Registration-0" : {
    "transaction" : "Registration-0",
    "sampleCount" : 10000,
    "errorCount" : 0,
    "errorPct" : 0.0,
    "meanResTime" : 4.535699999999965,
    "medianResTime" : 4.0,
    "minResTime" : 3.0,
    "maxResTime" : 252.0,
    "pct1ResTime" : 5.0,
    "pct2ResTime" : 5.0,
    "pct3ResTime" : 8.0,
    "throughput" : 25.058260455559175,
    "receivedKBytesPerSec" : 9.347905755882428,
    "sentKBytesPerSec" : 19.25864353371589
  }
}