{
  "Login Welcome-1" : {
    "transaction" : "Login Welcome-1",
    "sampleCount" : 3000,
    "errorCount" : 371,
    "errorPct" : 12.366667,
    "meanResTime" : 30184.44599999995,
    "medianResTime" : 34908.0,
    "minResTime" : 42.0,
    "maxResTime" : 60495.0,
    "pct1ResTime" : 49317.4,
    "pct2ResTime" : 50635.7,
    "pct3ResTime" : 53031.94,
    "throughput" : 20.12342366514623,
    "receivedKBytesPerSec" : 2102.830419803964,
    "sentKBytesPerSec" : 10.625672090907566
  },
  "Login Welcome-0" : {
    "transaction" : "Login Welcome-0",
    "sampleCount" : 3000,
    "errorCount" : 0,
    "errorPct" : 0.0,
    "meanResTime" : 24048.192666666655,
    "medianResTime" : 27885.5,
    "minResTime" : 20.0,
    "maxResTime" : 43163.0,
    "pct1ResTime" : 37445.90000000001,
    "pct2ResTime" : 40373.75,
    "pct3ResTime" : 41879.97,
    "throughput" : 28.831183808407175,
    "receivedKBytesPerSec" : 74.13330758548446,
    "sentKBytesPerSec" : 14.387436451265689
  },
  "Login" : {
    "transaction" : "Login",
    "sampleCount" : 3000,
    "errorCount" : 2482,
    "errorPct" : 82.73333,
    "meanResTime" : 72675.78766666664,
    "medianResTime" : 78152.5,
    "minResTime" : 4017.0,
    "maxResTime" : 133009.0,
    "pct1ResTime" : 108312.9,
    "pct2ResTime" : 115313.8,
    "pct3ResTime" : 124615.39999999992,
    "throughput" : 12.36521911168266,
    "receivedKBytesPerSec" : 2263.3279874691384,
    "sentKBytesPerSec" : 36.12407392881137
  },
  "Login-0" : {
    "transaction" : "Login-0",
    "sampleCount" : 2727,
    "errorCount" : 0,
    "errorPct" : 0.0,
    "meanResTime" : 21129.59149248257,
    "medianResTime" : 10915.0,
    "minResTime" : 474.0,
    "maxResTime" : 55906.0,
    "pct1ResTime" : 42960.200000000004,
    "pct2ResTime" : 46928.399999999994,
    "pct3ResTime" : 51998.03999999999,
    "throughput" : 14.605303326495745,
    "receivedKBytesPerSec" : 5.439477132015447,
    "sentKBytesPerSec" : 10.697243647335752
  },
  "Logout-2" : {
    "transaction" : "Logout-2",
    "sampleCount" : 2335,
    "errorCount" : 614,
    "errorPct" : 26.295504,
    "meanResTime" : 14578.27451820126,
    "medianResTime" : 10635.0,
    "minResTime" : 2.0,
    "maxResTime" : 53351.0,
    "pct1ResTime" : 31822.2,
    "pct2ResTime" : 36307.399999999994,
    "pct3ResTime" : 49370.31999999998,
    "throughput" : 9.16984436790908,
    "receivedKBytesPerSec" : 809.4655686273018,
    "sentKBytesPerSec" : 4.072313065015571
  },
  "Login-1" : {
    "transaction" : "Login-1",
    "sampleCount" : 2727,
    "errorCount" : 176,
    "errorPct" : 6.4539785,
    "meanResTime" : 32058.78547854788,
    "medianResTime" : 34682.0,
    "minResTime" : 78.0,
    "maxResTime" : 55529.0,
    "pct1ResTime" : 45699.600000000006,
    "pct2ResTime" : 49398.6,
    "pct3ResTime" : 51962.03999999998,
    "throughput" : 12.71583580857701,
    "receivedKBytesPerSec" : 42.43243455418802,
    "sentKBytesPerSec" : 7.295259801498669
  },
  "Logout-1" : {
    "transaction" : "Logout-1",
    "sampleCount" : 2479,
    "errorCount" : 144,
    "errorPct" : 5.808794,
    "meanResTime" : 24781.567970956083,
    "medianResTime" : 29412.0,
    "minResTime" : 2.0,
    "maxResTime" : 52797.0,
    "pct1ResTime" : 35851.0,
    "pct2ResTime" : 37722.0,
    "pct3ResTime" : 48571.39999999996,
    "throughput" : 9.669052401661565,
    "receivedKBytesPerSec" : 25.909589399243327,
    "sentKBytesPerSec" : 4.607062194063616
  },
  "Login-2" : {
    "transaction" : "Login-2",
    "sampleCount" : 2551,
    "errorCount" : 455,
    "errorPct" : 17.836143,
    "meanResTime" : 15202.467659741285,
    "medianResTime" : 4018.0,
    "minResTime" : 2.0,
    "maxResTime" : 43513.0,
    "pct1ResTime" : 36157.0,
    "pct2ResTime" : 37721.6,
    "pct3ResTime" : 39658.28,
    "throughput" : 10.687726501455893,
    "receivedKBytesPerSec" : 611.6813666220646,
    "sentKBytesPerSec" : 5.420274760667826
  },
  "Logout-0" : {
    "transaction" : "Logout-0",
    "sampleCount" : 2479,
    "errorCount" : 0,
    "errorPct" : 0.0,
    "meanResTime" : 16337.50463896729,
    "medianResTime" : 4096.0,
    "minResTime" : 21.0,
    "maxResTime" : 54223.0,
    "pct1ResTime" : 39202.0,
    "pct2ResTime" : 41850.0,
    "pct3ResTime" : 49858.999999999985,
    "throughput" : 9.97657778028187,
    "receivedKBytesPerSec" : 4.403723785827545,
    "sentKBytesPerSec" : 5.631310504885666
  },
  "Login-3" : {
    "transaction" : "Login-3",
    "sampleCount" : 2551,
    "errorCount" : 754,
    "errorPct" : 29.557037,
    "meanResTime" : 23461.30105840841,
    "medianResTime" : 30118.0,
    "minResTime" : 1.0,
    "maxResTime" : 59986.0,
    "pct1ResTime" : 39246.4,
    "pct2ResTime" : 44828.0,
    "pct3ResTime" : 51161.200000000004,
    "throughput" : 10.65691906005222,
    "receivedKBytesPerSec" : 561.5786920691907,
    "sentKBytesPerSec" : 4.754618146214099
  },
  "Login-4" : {
    "transaction" : "Login-4",
    "sampleCount" : 2551,
    "errorCount" : 742,
    "errorPct" : 29.086632,
    "meanResTime" : 23590.545276362245,
    "medianResTime" : 30148.0,
    "minResTime" : 1.0,
    "maxResTime" : 62737.0,
    "pct1ResTime" : 39094.8,
    "pct2ResTime" : 44535.4,
    "pct3ResTime" : 50748.96,
    "throughput" : 10.67154157968935,
    "receivedKBytesPerSec" : 609.3806008533364,
    "sentKBytesPerSec" : 4.847136167259995
  },
  "Login-5" : {
    "transaction" : "Login-5",
    "sampleCount" : 924,
    "errorCount" : 272,
    "errorPct" : 29.43723,
    "meanResTime" : 23594.08116883117,
    "medianResTime" : 27607.0,
    "minResTime" : 135.0,
    "maxResTime" : 59363.0,
    "pct1ResTime" : 46108.0,
    "pct2ResTime" : 50056.5,
    "pct3ResTime" : 52373.25,
    "throughput" : 4.63315816920053,
    "receivedKBytesPerSec" : 73.66880926205424,
    "sentKBytesPerSec" : 2.0592662849993983
  },
  "Login-6" : {
    "transaction" : "Login-6",
    "sampleCount" : 924,
    "errorCount" : 273,
    "errorPct" : 29.545454,
    "meanResTime" : 23552.051948051936,
    "medianResTime" : 27535.5,
    "minResTime" : 437.0,
    "maxResTime" : 60332.0,
    "pct1ResTime" : 45988.5,
    "pct2ResTime" : 49968.75,
    "pct3ResTime" : 53877.0,
    "throughput" : 4.6365292266931615,
    "receivedKBytesPerSec" : 281.98922224135293,
    "sentKBytesPerSec" : 2.0320832439521896
  },
  "Logout-4" : {
    "transaction" : "Logout-4",
    "sampleCount" : 2335,
    "errorCount" : 685,
    "errorPct" : 29.33619,
    "meanResTime" : 13891.43897216273,
    "medianResTime" : 10433.0,
    "minResTime" : 1.0,
    "maxResTime" : 59216.0,
    "pct1ResTime" : 31678.600000000002,
    "pct2ResTime" : 35979.39999999999,
    "pct3ResTime" : 48707.47999999979,
    "throughput" : 9.170384567047883,
    "receivedKBytesPerSec" : 244.63707162939275,
    "sentKBytesPerSec" : 3.8918829209933077
  },
  "Login-7" : {
    "transaction" : "Login-7",
    "sampleCount" : 924,
    "errorCount" : 258,
    "errorPct" : 27.922077,
    "meanResTime" : 24202.35606060605,
    "medianResTime" : 28014.5,
    "minResTime" : 119.0,
    "maxResTime" : 83525.0,
    "pct1ResTime" : 46909.5,
    "pct2ResTime" : 50041.25,
    "pct3ResTime" : 54889.0,
    "throughput" : 4.525374420859821,
    "receivedKBytesPerSec" : 27.107575135173523,
    "sentKBytesPerSec" : 2.0354370579923793
  },
  "Logout-3" : {
    "transaction" : "Logout-3",
    "sampleCount" : 2335,
    "errorCount" : 667,
    "errorPct" : 28.565311,
    "meanResTime" : 14066.393147751636,
    "medianResTime" : 10453.0,
    "minResTime" : 1.0,
    "maxResTime" : 55088.0,
    "pct1ResTime" : 31855.4,
    "pct2ResTime" : 36368.2,
    "pct3ResTime" : 49222.87999999999,
    "throughput" : 9.171285040396858,
    "receivedKBytesPerSec" : 564.7135490823315,
    "sentKBytesPerSec" : 3.883542723066469
  },
  "Login-8" : {
    "transaction" : "Login-8",
    "sampleCount" : 924,
    "errorCount" : 315,
    "errorPct" : 34.090908,
    "meanResTime" : 23064.805194805194,
    "medianResTime" : 24840.0,
    "minResTime" : 222.0,
    "maxResTime" : 72137.0,
    "pct1ResTime" : 46029.5,