{
  "Show Contact Page-6" : {
    "transaction" : "Show Contact Page-6",
    "sampleCount" : 2608,
    "errorCount" : 985,
    "errorPct" : 37.768406,
    "meanResTime" : 15677.627300613527,
    "medianResTime" : 7005.5,
    "minResTime" : 15.0,
    "maxResTime" : 49739.0,
    "pct1ResTime" : 36845.0,
    "pct2ResTime" : 40409.54999999998,
    "pct3ResTime" : 45819.43999999999,
    "throughput" : 19.435708643226565,
    "receivedKBytesPerSec" : 108.16101781063225,
    "sentKBytesPerSec" : 6.968886121689296
  },
  "Show Contact Page-5" : {
    "transaction" : "Show Contact Page-5",
    "sampleCount" : 2608,
    "errorCount" : 937,
    "errorPct" : 35.927914,
    "meanResTime" : 16198.064800613456,
    "medianResTime" : 8367.5,
    "minResTime" : 26.0,
    "maxResTime" : 54307.0,
    "pct1ResTime" : 37229.1,
    "pct2ResTime" : 40143.299999999996,
    "pct3ResTime" : 45193.60999999994,
    "throughput" : 19.231336459900305,
    "receivedKBytesPerSec" : 1068.6871137878654,
    "sentKBytesPerSec" : 7.07547658946111
  },
  "Show Contact Page-4" : {
    "transaction" : "Show Contact Page-4",
    "sampleCount" : 2608,
    "errorCount" : 892,
    "errorPct" : 34.202454,
    "meanResTime" : 16682.87768404912,
    "medianResTime" : 10643.5,
    "minResTime" : 20.0,
    "maxResTime" : 51379.0,
    "pct1ResTime" : 37404.49999999999,
    "pct2ResTime" : 40486.599999999984,
    "pct3ResTime" : 44705.88999999997,
    "throughput" : 19.11140748774393,
    "receivedKBytesPerSec" : 287.06747519245147,
    "sentKBytesPerSec" : 7.318948176428776
  },
  "Show Contact Page-3" : {
    "transaction" : "Show Contact Page-3",
    "sampleCount" : 2608,
    "errorCount" : 791,
    "errorPct" : 30.329754,
    "meanResTime" : 17748.916794478526,
    "medianResTime" : 13758.0,
    "minResTime" : 14.0,
    "maxResTime" : 49350.0,
    "pct1ResTime" : 38258.299999999996,
    "pct2ResTime" : 40779.249999999985,
    "pct3ResTime" : 45461.38,
    "throughput" : 19.684058780463875,
    "receivedKBytesPerSec" : 2109.721392120716,
    "sentKBytesPerSec" : 7.9417594821047155
  },
  "Show Contact Page-7" : {
    "transaction" : "Show Contact Page-7",
    "sampleCount" : 2608,
    "errorCount" : 1306,
    "errorPct" : 50.076687,
    "meanResTime" : 13981.147622699376,
    "medianResTime" : 5814.5,
    "minResTime" : 18.0,
    "maxResTime" : 49349.0,
    "pct1ResTime" : 35700.0,
    "pct2ResTime" : 39750.99999999999,
    "pct3ResTime" : 44932.31999999999,
    "throughput" : 19.404328772423234,
    "receivedKBytesPerSec" : 581.5693985625321,
    "sentKBytesPerSec" : 5.591000689158724
  },
  "Show Contact Page-2" : {
    "transaction" : "Show Contact Page-2",
    "sampleCount" : 2608,
    "errorCount" : 585,
    "errorPct" : 22.43098,
    "meanResTime" : 19949.586273006124,
    "medianResTime" : 20558.5,
    "minResTime" : 24.0,
    "maxResTime" : 51331.0,
    "pct1ResTime" : 38845.6,
    "pct2ResTime" : 40389.99999999999,
    "pct3ResTime" : 43782.92999999998,
    "throughput" : 19.133560764462054,
    "receivedKBytesPerSec" : 818.1932866549282,
    "sentKBytesPerSec" : 8.507897328142768
  },
  "Show Contact Page-1" : {
    "transaction" : "Show Contact Page-1",
    "sampleCount" : 2608,
    "errorCount" : 0,
    "errorPct" : 0.0,
    "meanResTime" : 178.20552147239218,
    "medianResTime" : 112.0,
    "minResTime" : 74.0,
    "maxResTime" : 2481.0,
    "pct1ResTime" : 177.0999999999999,
    "pct2ResTime" : 386.1999999999989,
    "pct3ResTime" : 1738.6399999999994,
    "throughput" : 23.61249434133092,
    "receivedKBytesPerSec" : 140.98319375282932,
    "sentKBytesPerSec" : 12.451901312811227
  },
  "Show Contact Page-0" : {
    "transaction" : "Show Contact Page-0",
    "sampleCount" : 2608,
    "errorCount" : 0,
    "errorPct" : 0.0,
    "meanResTime" : 21831.104294478533,
    "medianResTime" : 21884.5,
    "minResTime" : 12.0,
    "maxResTime" : 50494.0,
    "pct1ResTime" : 39641.7,
    "pct2ResTime" : 41615.899999999994,
    "pct3ResTime" : 46361.76999999999,
    "throughput" : 23.606937253340092,
    "receivedKBytesPerSec" : 140.53504833629023,
    "sentKBytesPerSec" : 11.826522276331511
  },
  "Send Email-2" : {
    "transaction" : "Send Email-2",
    "sampleCount" : 2296,
    "errorCount" : 638,
    "errorPct" : 27.787457,
    "meanResTime" : 16105.291811846702,
    "medianResTime" : 17767.5,
    "minResTime" : 3.0,
    "maxResTime" : 65504.0,
    "pct1ResTime" : 30606.50000000001,
    "pct2ResTime" : 37697.75000000001,
    "pct3ResTime" : 41030.53000000001,
    "throughput" : 12.762433088942375,
    "receivedKBytesPerSec" : 518.5250002779276,
    "sentKBytesPerSec" : 5.727956523793377
  },
  "Send Email-1" : {
    "transaction" : "Send Email-1",
    "sampleCount" : 2424,
    "errorCount" : 128,
    "errorPct" : 5.280528,
    "meanResTime" : 23312.976485148483,
    "medianResTime" : 23619.5,
    "minResTime" : 4.0,
    "maxResTime" : 46596.0,
    "pct1ResTime" : 36325.0,
    "pct2ResTime" : 39317.5,
    "pct3ResTime" : 42327.0,
    "throughput" : 13.973356084232128,
    "receivedKBytesPerSec" : 80.61687733826012,
    "sentKBytesPerSec" : 8.219128481089275
  },
  "Show Contact Page" : {
    "transaction" : "Show Contact Page",
    "sampleCount" : 3000,
    "errorCount" : 1832,
    "errorPct" : 61.066666,
    "meanResTime" : 44048.28500000003,
    "medianResTime" : 53272.5,
    "minResTime" : 941.0,
    "maxResTime" : 84927.0,
    "pct1ResTime" : 71416.5,
    "pct2ResTime" : 72658.95,
    "pct3ResTime" : 75029.73999999999,
    "throughput" : 21.96257577088641,
    "receivedKBytesPerSec" : 5124.639033056422,
    "sentKBytesPerSec" : 62.509994687801985
  },
  "Send Email-4" : {
    "transaction" : "Send Email-4",
    "sampleCount" : 2296,
    "errorCount" : 835,
    "errorPct" : 36.367596,
    "meanResTime" : 14623.867160278747,
    "medianResTime" : 15593.5,
    "minResTime" : 3.0,
    "maxResTime" : 68378.0,
    "pct1ResTime" : 28968.5,
    "pct2ResTime" : 37174.70000000001,
    "pct3ResTime" : 41254.600000000006,
    "throughput" : 12.762362148701529,
    "receivedKBytesPerSec" : 187.68013079197794,
    "sentKBytesPerSec" : 5.117752254327308
  },
  "Send Email-3" : {
    "transaction" : "Send Email-3",
    "sampleCount" : 2296,
    "errorCount" : 745,
    "errorPct" : 32.447735,
    "meanResTime" : 15326.371515679408,
    "medianResTime" : 16945.0,
    "minResTime" : 3.0,
    "maxResTime" : 62432.0,
    "pct1ResTime" : 30129.500000000007,
    "pct2ResTime" : 37600.55,
    "pct3ResTime" : 41018.51,
    "throughput" : 12.76257497179004,
    "receivedKBytesPerSec" : 1316.6998196664415,
    "sentKBytesPerSec" : 5.407042884002868
  },
  "Send Email-6" : {
    "transaction" : "Send Email-6",
    "sampleCount" : 2272,
    "errorCount" : 895,
    "errorPct" : 39.392605,
    "meanResTime" : 14119.883362676046,
    "medianResTime" : 14508.5,
    "minResTime" : 2.0,
    "maxResTime" : 68414.0,
    "pct1ResTime" : 28463.20000000001,
    "pct2ResTime" : 37199.5,
    "pct3ResTime" : 41090.869999999995,
    "throughput" : 12.629168264767845,
    "receivedKBytesPerSec" : 68.34797550110893,
    "sentKBytesPerSec" : 4.776406320351193
  },
  "Send Email-5" : {
    "transaction" : "Send Email-5",
    "sampleCount" : 2272,
    "errorCount" : 844,
    "errorPct" : 37.14789,
    "meanResTime" : 14427.120598591571,
    "medianResTime" : 15004.0,
    "minResTime" : 3.0,
    "maxResTime" : 71656.0,
    "pct1ResTime" : 28769.4,
    "pct2ResTime" : 37552.8,
    "pct3ResTime" : 41630.7,
    "throughput" : 12.62895766631092,
    "receivedKBytesPerSec" : 688.1188956158562,
    "sentKBytesPerSec" : 4.937724598952775
  },
  "Total" : {
    "transaction" : "Total",
    "sampleCount" : 45416,
    "errorCount" : 14377,
    "errorPct" : 31.656244,