{
  "Login Welcome-1" : {
    "transaction" : "Login Welcome-1",
    "sampleCount" : 2688,
    "errorCount" : 146,
    "errorPct" : 5.4315476,
    "meanResTime" : 28.195312500000107,
    "medianResTime" : 4.0,
    "minResTime" : 1.0,
    "maxResTime" : 1082.0,
    "pct1ResTime" : 92.0,
    "pct2ResTime" : 144.0,
    "pct3ResTime" : 270.0,
    "throughput" : 46.7356341823872,
    "receivedKBytesPerSec" : 5247.843769016778,
    "sentKBytesPerSec" : 23.78187347865774
  },
  "Login Welcome-0" : {
    "transaction" : "Login Welcome-0",
    "sampleCount" : 2688,
    "errorCount" : 0,
    "errorPct" : 0.0,
    "meanResTime" : 9.731770833333313,
    "medianResTime" : 2.0,
    "minResTime" : 0.0,
    "maxResTime" : 1070.0,
    "pct1ResTime" : 15.0,
    "pct2ResTime" : 41.54999999999973,
    "pct3ResTime" : 175.11000000000013,
    "throughput" : 46.76409185803758,
    "receivedKBytesPerSec" : 95.03522964509395,
    "sentKBytesPerSec" : 23.336377870563677
  },
  "Login" : {
    "transaction" : "Login",
    "sampleCount" : 7000,
    "errorCount" : 4674,
    "errorPct" : 66.77143,
    "meanResTime" : 349.32342857142936,
    "medianResTime" : 25.0,
    "minResTime" : 2.0,
    "maxResTime" : 8338.0,
    "pct1ResTime" : 318.90000000000055,
    "pct2ResTime" : 2528.4499999999907,
    "pct3ResTime" : 6991.299999999963,
    "throughput" : 117.90665161953208,
    "receivedKBytesPerSec" : 16964.403096918217,
    "sentKBytesPerSec" : 263.6535507798683
  },
  "Login-0" : {
    "transaction" : "Login-0",
    "sampleCount" : 3040,
    "errorCount" : 0,
    "errorPct" : 0.0,
    "meanResTime" : 34.72894736842087,
    "medianResTime" : 1.0,
    "minResTime" : 0.0,
    "maxResTime" : 1244.0,
    "pct1ResTime" : 24.0,
    "pct2ResTime" : 77.94999999999982,
    "pct3ResTime" : 1184.5900000000001,
    "throughput" : 53.4204930852092,
    "receivedKBytesPerSec" : 10.590195406540497,
    "sentKBytesPerSec" : 34.065998031876575
  },
  "Logout-2" : {
    "transaction" : "Logout-2",
    "sampleCount" : 693,
    "errorCount" : 240,
    "errorPct" : 34.632034,
    "meanResTime" : 3.611832611832611,
    "medianResTime" : 3.0,
    "minResTime" : 1.0,
    "maxResTime" : 60.0,
    "pct1ResTime" : 6.0,
    "pct2ResTime" : 10.0,
    "pct3ResTime" : 24.059999999999945,
    "throughput" : 22.964509394572026,
    "receivedKBytesPerSec" : 567.1252500869867,
    "sentKBytesPerSec" : 8.933878657586904
  },
  "Login-1" : {
    "transaction" : "Login-1",
    "sampleCount" : 3040,
    "errorCount" : 0,
    "errorPct" : 0.0,
    "meanResTime" : 4.823026315789474,
    "medianResTime" : 2.0,
    "minResTime" : 1.0,
    "maxResTime" : 1142.0,
    "pct1ResTime" : 3.0,
    "pct2ResTime" : 6.0,
    "pct3ResTime" : 60.36000000000058,
    "throughput" : 53.48158052144541,
    "receivedKBytesPerSec" : 259.7825991344428,
    "sentKBytesPerSec" : 35.045059111220574
  },
  "Logout-1" : {
    "transaction" : "Logout-1",
    "sampleCount" : 1015,
    "errorCount" : 210,
    "errorPct" : 20.689655,
    "meanResTime" : 3.2315270935960596,
    "medianResTime" : 3.0,
    "minResTime" : 1.0,
    "maxResTime" : 28.0,
    "pct1ResTime" : 5.0,
    "pct2ResTime" : 7.0,
    "pct3ResTime" : 17.840000000000032,
    "throughput" : 33.63934643555497,
    "receivedKBytesPerSec" : 2702.513843347115,
    "sentKBytesPerSec" : 16.318882724207075
  },
  "Login-2" : {
    "transaction" : "Login-2",
    "sampleCount" : 3040,
    "errorCount" : 96,
    "errorPct" : 3.1578948,
    "meanResTime" : 707.746381578947,
    "medianResTime" : 101.0,
    "minResTime" : 3.0,
    "maxResTime" : 7700.0,
    "pct1ResTime" : 3370.9,
    "pct2ResTime" : 5057.199999999997,
    "pct3ResTime" : 6626.950000000001,
    "throughput" : 53.38484502590218,
    "receivedKBytesPerSec" : 313.35538609074547,
    "sentKBytesPerSec" : 29.737026955834576
  },
  "Logout-0" : {
    "transaction" : "Logout-0",
    "sampleCount" : 3381,
    "errorCount" : 0,
    "errorPct" : 0.0,
    "meanResTime" : 19.81484767820167,
    "medianResTime" : 2.0,
    "minResTime" : 1.0,
    "maxResTime" : 522.0,
    "pct1ResTime" : 35.0,
    "pct2ResTime" : 130.59999999999854,
    "pct3ResTime" : 356.5399999999995,
    "throughput" : 64.7044188850401,
    "receivedKBytesPerSec" : 131.49403876930512,
    "sentKBytesPerSec" : 38.090516333990394
  },
  "Login-3" : {
    "transaction" : "Login-3",
    "sampleCount" : 3040,
    "errorCount" : 421,
    "errorPct" : 13.848684,
    "meanResTime" : 40.207236842105274,
    "medianResTime" : 8.0,
    "minResTime" : 2.0,
    "maxResTime" : 1107.0,
    "pct1ResTime" : 110.0,
    "pct2ResTime" : 201.0,
    "pct3ResTime" : 422.59000000000015,
    "throughput" : 53.44679055538951,
    "receivedKBytesPerSec" : 2507.7435831436032,
    "sentKBytesPerSec" : 30.1721396791874
  },
  "Login-4" : {
    "transaction" : "Login-4",
    "sampleCount" : 3040,
    "errorCount" : 470,
    "errorPct" : 15.460526,
    "meanResTime" : 41.910526315789376,
    "medianResTime" : 8.0,
    "minResTime" : 2.0,
    "maxResTime" : 1320.0,
    "pct1ResTime" : 120.0,
    "pct2ResTime" : 199.0,
    "pct3ResTime" : 446.1800000000003,
    "throughput" : 53.44960967719249,
    "receivedKBytesPerSec" : 6904.827428858394,
    "sentKBytesPerSec" : 29.873959633676773
  },
  "Login-5" : {
    "transaction" : "Login-5",
    "sampleCount" : 3040,
    "errorCount" : 481,
    "errorPct" : 15.822369,
    "meanResTime" : 41.815460526315775,
    "medianResTime" : 8.0,
    "minResTime" : 2.0,
    "maxResTime" : 1304.0,
    "pct1ResTime" : 121.90000000000009,
    "pct2ResTime" : 202.89999999999964,
    "pct3ResTime" : 435.1800000000003,
    "throughput" : 53.44679055538951,
    "receivedKBytesPerSec" : 970.4464122852899,
    "sentKBytesPerSec" : 29.87633287329243
  },
  "Login-6" : {
    "transaction" : "Login-6",
    "sampleCount" : 3040,
    "errorCount" : 525,
    "errorPct" : 17.269737,
    "meanResTime" : 41.214144736842165,
    "medianResTime" : 8.0,
    "minResTime" : 2.0,
    "maxResTime" : 1106.0,
    "pct1ResTime" : 122.90000000000009,
    "pct2ResTime" : 199.94999999999982,
    "pct3ResTime" : 423.1800000000003,
    "throughput" : 53.44679055538951,
    "receivedKBytesPerSec" : 3776.154101524728,
    "sentKBytesPerSec" : 29.01718999982419
  },
  "Login-7" : {
    "transaction" : "Login-7",
    "sampleCount" : 3040,
    "errorCount" : 516,
    "errorPct" : 16.973684,
    "meanResTime" : 40.72434210526308,
    "medianResTime" : 8.0,
    "minResTime" : 2.0,
    "maxResTime" : 1075.0,
    "pct1ResTime" : 123.90000000000009,
    "pct2ResTime" : 207.94999999999982,
    "pct3ResTime" : 409.1800000000003,
    "throughput" : 53.44303218887893,
    "receivedKBytesPerSec" : 331.4159519320359,
    "sentKBytesPerSec" : 29.20564470052564
  },
  "Login-8" : {
    "transaction" : "Login-8",
    "sampleCount" : 3040,
    "errorCount" : 609,
    "errorPct" : 20.032894,
    "meanResTime" : 40.146710526315765,
    "medianResTime" : 7.0,
    "minResTime" : 0.0,
    "maxResTime" : 1249.0,
    "pct1ResTime" : 111.0,
    "pct2ResTime" : 220.94999999999982,
    "pct3ResTime" : 419.3600000000006,
    "throughput" : 53.47217336241469,
    "receivedKBytesPerSec" : 2462.64845976175,
    "sentKBytesPerSec" : 28.186621760228313
  },
  "Total" : {
    "transaction" : "Total",
    "sampleCount" : 61513,
    "errorCount" : 17267,
    "errorPct" : 28.07049,
    "meanResTime" : 100.37031196657752,
    "medianResTime" : 4.0,
    "minResTime" : 0.0,
    "maxResTime" : 8338.0,
    "pct1ResTime" : 81.0,
    "pct2ResTime" : 114.0,
    "pct3ResTime" : 414.9900000000016,
    "throughput" : 1023.2043647493263,
    "receivedKBytesPerSec" : 50460.41679553648,
    "sentKBytesPerSec" : 747.234897669999
  },
  "Logout" : {
    "transaction" : "Logout",
    "sampleCount" : 7000,
    "errorCount" : 4069,
    "errorPct" : 58.12857,
    "meanResTime" : 21.080142857142842,
    "medianResTime" : 4.0,
    "minResTime" : 1.0,
    "maxResTime" : 715.0,
    "pct1ResTime" : 44.900000000000546,
    "pct2ResTime" : 127.0,