{
  "Login Welcome-1" : {
    "transaction" : "Login Welcome-1",
    "sampleCount" : 3000,
    "errorCount" : 373,
    "errorPct" : 12.433333,
    "meanResTime" : 39434.239666666675,
    "medianResTime" : 51038.0,
    "minResTime" : 54.0,
    "maxResTime" : 78352.0,
    "pct1ResTime" : 61214.9,
    "pct2ResTime" : 62125.85,
    "pct3ResTime" : 67617.11999999997,
    "throughput" : 16.87270109447588,
    "receivedKBytesPerSec" : 1761.8364304992351,
    "sentKBytesPerSec" : 8.90243145289423
  },
  "Login Welcome-0" : {
    "transaction" : "Login Welcome-0",
    "sampleCount" : 3000,
    "errorCount" : 0,
    "errorPct" : 0.0,
    "meanResTime" : 30651.264333333318,
    "medianResTime" : 34072.5,
    "minResTime" : 55.0,
    "maxResTime" : 56890.0,
    "pct1ResTime" : 50140.4,
    "pct2ResTime" : 51301.0,
    "pct3ResTime" : 53001.48999999999,
    "throughput" : 25.757927002034876,
    "receivedKBytesPerSec" : 66.2310759730057,
    "sentKBytesPerSec" : 12.853809275429514
  },
  "Login" : {
    "transaction" : "Login",
    "sampleCount" : 3000,
    "errorCount" : 1934,
    "errorPct" : 64.46667,
    "meanResTime" : 116341.64966666678,
    "medianResTime" : 136274.5,
    "minResTime" : 4294.0,
    "maxResTime" : 217957.0,
    "pct1ResTime" : 174652.80000000002,
    "pct2ResTime" : 182025.55,
    "pct3ResTime" : 191738.8399999999,
    "throughput" : 8.411702360323682,
    "receivedKBytesPerSec" : 1769.2309724883007,
    "sentKBytesPerSec" : 29.557114779956876
  },
  "Login-0" : {
    "transaction" : "Login-0",
    "sampleCount" : 2620,
    "errorCount" : 0,
    "errorPct" : 0.0,
    "meanResTime" : 42512.42404580153,
    "medianResTime" : 53871.5,
    "minResTime" : 874.0,
    "maxResTime" : 97111.0,
    "pct1ResTime" : 78703.50000000001,
    "pct2ResTime" : 83079.15,
    "pct3ResTime" : 87069.91,
    "throughput" : 10.032970946507417,
    "receivedKBytesPerSec" : 4.301244380387456,
    "sentKBytesPerSec" : 7.348367392461486
  },
  "Logout-2" : {
    "transaction" : "Logout-2",
    "sampleCount" : 2444,
    "errorCount" : 236,
    "errorPct" : 9.6563015,
    "meanResTime" : 24922.57815057283,
    "medianResTime" : 21301.0,
    "minResTime" : 2.0,
    "maxResTime" : 86413.0,
    "pct1ResTime" : 43081.5,
    "pct2ResTime" : 49027.0,
    "pct3ResTime" : 79182.90000000002,
    "throughput" : 6.986250464511334,
    "receivedKBytesPerSec" : 751.8459077444759,
    "sentKBytesPerSec" : 3.8030078895463513
  },
  "Login-1" : {
    "transaction" : "Login-1",
    "sampleCount" : 2620,
    "errorCount" : 208,
    "errorPct" : 7.9389315,
    "meanResTime" : 49677.68206106868,
    "medianResTime" : 54289.5,
    "minResTime" : 227.0,
    "maxResTime" : 90329.0,
    "pct1ResTime" : 77009.6,
    "pct2ResTime" : 79814.85,
    "pct3ResTime" : 83511.29,
    "throughput" : 8.743709201585883,
    "receivedKBytesPerSec" : 40.16434137259548,
    "sentKBytesPerSec" : 4.881613160116672
  },
  "Logout-1" : {
    "transaction" : "Logout-1",
    "sampleCount" : 2530,
    "errorCount" : 86,
    "errorPct" : 3.3992095,
    "meanResTime" : 38620.600000000035,
    "medianResTime" : 38922.0,
    "minResTime" : 3.0,
    "maxResTime" : 83989.0,
    "pct1ResTime" : 69459.7,
    "pct2ResTime" : 76988.35,
    "pct3ResTime" : 80370.01000000001,
    "throughput" : 6.888346170705742,
    "receivedKBytesPerSec" : 18.394116649581935,
    "sentKBytesPerSec" : 3.366087861808341
  },
  "Login-2" : {
    "transaction" : "Login-2",
    "sampleCount" : 2412,
    "errorCount" : 12,
    "errorPct" : 0.49751243,
    "meanResTime" : 203.8424543946927,
    "medianResTime" : 129.0,
    "minResTime" : 3.0,
    "maxResTime" : 5635.0,
    "pct1ResTime" : 298.0,
    "pct2ResTime" : 414.09999999999945,
    "pct3ResTime" : 1826.659999999998,
    "throughput" : 8.145566542389366,
    "receivedKBytesPerSec" : 48.50610988726394,
    "sentKBytesPerSec" : 4.661981783919598
  },
  "Logout-0" : {
    "transaction" : "Logout-0",
    "sampleCount" : 2530,
    "errorCount" : 0,
    "errorPct" : 0.0,
    "meanResTime" : 32730.4988142293,
    "medianResTime" : 33946.0,
    "minResTime" : 31.0,
    "maxResTime" : 88558.0,
    "pct1ResTime" : 70576.6,
    "pct2ResTime" : 78116.54999999999,
    "pct3ResTime" : 82496.67,
    "throughput" : 7.095221802803314,
    "receivedKBytesPerSec" : 3.1318752488936505,
    "sentKBytesPerSec" : 4.004920119160465
  },
  "Login-3" : {
    "transaction" : "Login-3",
    "sampleCount" : 2412,
    "errorCount" : 701,
    "errorPct" : 29.063019,
    "meanResTime" : 33967.02902155891,
    "medianResTime" : 40631.0,
    "minResTime" : 2.0,
    "maxResTime" : 85874.0,
    "pct1ResTime" : 61613.70000000001,
    "pct2ResTime" : 76413.75,
    "pct3ResTime" : 80554.09999999999,
    "throughput" : 7.121661721068249,
    "receivedKBytesPerSec" : 279.88165625876553,
    "sentKBytesPerSec" : 3.1376984698170864
  },
  "Login-4" : {
    "transaction" : "Login-4",
    "sampleCount" : 2412,
    "errorCount" : 805,
    "errorPct" : 33.374794,
    "meanResTime" : 32306.033167495858,
    "medianResTime" : 40123.5,
    "minResTime" : 2.0,
    "maxResTime" : 85409.0,
    "pct1ResTime" : 62049.700000000026,
    "pct2ResTime" : 76117.44999999998,
    "pct3ResTime" : 81058.92999999998,
    "throughput" : 7.013177329875205,
    "receivedKBytesPerSec" : 719.2360323883329,
    "sentKBytesPerSec" : 2.929466021199451
  },
  "Login-5" : {
    "transaction" : "Login-5",
    "sampleCount" : 2412,
    "errorCount" : 857,
    "errorPct" : 35.53068,
    "meanResTime" : 31235.393449419546,
    "medianResTime" : 39761.0,
    "minResTime" : 2.0,
    "maxResTime" : 103060.0,
    "pct1ResTime" : 61542.3,
    "pct2ResTime" : 76055.54999999999,
    "pct3ResTime" : 80671.35999999999,
    "throughput" : 7.125574964770944,
    "receivedKBytesPerSec" : 104.78664287966876,
    "sentKBytesPerSec" : 2.8935617932032294
  },
  "Login-6" : {
    "transaction" : "Login-6",
    "sampleCount" : 2412,
    "errorCount" : 863,
    "errorPct" : 35.779438,
    "meanResTime" : 31295.713101160836,
    "medianResTime" : 39890.0,
    "minResTime" : 3.0,
    "maxResTime" : 87178.0,
    "pct1ResTime" : 61599.200000000004,
    "pct2ResTime" : 76214.04999999999,
    "pct3ResTime" : 81206.31999999999,
    "throughput" : 7.053745328209717,
    "receivedKBytesPerSec" : 392.3350396288814,
    "sentKBytesPerSec" : 2.817950536232329
  },
  "Logout-4" : {
    "transaction" : "Logout-4",
    "sampleCount" : 2444,
    "errorCount" : 316,
    "errorPct" : 12.929624,
    "meanResTime" : 23514.151800327305,
    "medianResTime" : 20728.0,
    "minResTime" : 0.0,
    "maxResTime" : 85317.0,
    "pct1ResTime" : 42751.5,
    "pct2ResTime" : 47373.5,
    "pct3ResTime" : 78678.35000000006,
    "throughput" : 6.985052445054159,
    "receivedKBytesPerSec" : 225.39102132991798,
    "sentKBytesPerSec" : 3.6527104947269144
  },
  "Login-7" : {
    "transaction" : "Login-7",
    "sampleCount" : 2412,
    "errorCount" : 883,
    "errorPct" : 36.608624,
    "meanResTime" : 30802.298092869016,
    "medianResTime" : 39648.0,
    "minResTime" : 2.0,
    "maxResTime" : 103881.0,
    "pct1ResTime" : 61436.00000000003,
    "pct2ResTime" : 75927.09999999999,
    "pct3ResTime" : 80860.63999999998,
    "throughput" : 6.937234137404404,
    "receivedKBytesPerSec" : 38.44865333135359,
    "sentKBytesPerSec" : 2.7442105903192218
  },
  "Logout-3" : {
    "transaction" : "Logout-3",
    "sampleCount" : 2444,
    "errorCount" : 293,
    "errorPct" : 11.9885435,
    "meanResTime" : 23933.14034369893,
    "medianResTime" : 20965.0,
    "minResTime" : 0.0,
    "maxResTime" : 85835.0,
    "pct1ResTime" : 43086.0,
    "pct2ResTime" : 48356.25,
    "pct3ResTime" : 78928.40000000001,
    "throughput" : 6.986030796847711,