{
  "Session Test" : {
    "transaction" : "Session Test",
    "sampleCount" : 500,
    "errorCount" : 0,
    "errorPct" : 0.0,
    "meanResTime" : 286.7619999999997,
    "medianResTime" : 240.0,
    "minResTime" : 204.0,
    "maxResTime" : 3040.0,
    "pct1ResTime" : 364.0,
    "pct2ResTime" : 489.39999999999986,
    "pct3ResTime" : 1245.5300000000032,
    "throughput" : 3.471065200488726,
    "receivedKBytesPerSec" : 1331.5936720637392,
    "sentKBytesPerSec" : 16.006220582722424
  },
  "Login Welcome-1" : {
    "transaction" : "Login Welcome-1",
    "sampleCount" : 1,
    "errorCount" : 0,
    "errorPct" : 0.0,
    "meanResTime" : 265.0,
    "medianResTime" : 265.0,
    "minResTime" : 265.0,
    "maxResTime" : 265.0,
    "pct1ResTime" : 265.0,
    "pct2ResTime" : 265.0,
    "pct3ResTime" : 265.0,
    "throughput" : 3.7735849056603774,
    "receivedKBytesPerSec" : 448.44118514150944,
    "sentKBytesPerSec" : 2.2811025943396226
  },
  "Login Welcome-0" : {
    "transaction" : "Login Welcome-0",
    "sampleCount" : 1,
    "errorCount" : 0,
    "errorPct" : 0.0,
    "meanResTime" : 196.0,
    "medianResTime" : 196.0,
    "minResTime" : 196.0,
    "maxResTime" : 196.0,
    "pct1ResTime" : 196.0,
    "pct2ResTime" : 196.0,
    "pct3ResTime" : 196.0,
    "throughput" : 5.1020408163265305,
    "receivedKBytesPerSec" : 13.11882174744898,
    "sentKBytesPerSec" : 2.556002869897959
  },
  "Login-0" : {
    "transaction" : "Login-0",
    "sampleCount" : 1,
    "errorCount" : 0,
    "errorPct" : 0.0,
    "meanResTime" : 849.0,
    "medianResTime" : 849.0,
    "minResTime" : 849.0,
    "maxResTime" : 849.0,
    "pct1ResTime" : 849.0,
    "pct2ResTime" : 849.0,
    "pct3ResTime" : 849.0,
    "throughput" : 1.1778563015312131,
    "receivedKBytesPerSec" : 0.5072603798586572,
    "sentKBytesPerSec" : 0.854635968786808
  },
  "Login-1" : {
    "transaction" : "Login-1",
    "sampleCount" : 1,
    "errorCount" : 0,
    "errorPct" : 0.0,
    "meanResTime" : 115.0,
    "medianResTime" : 115.0,
    "minResTime" : 115.0,
    "maxResTime" : 115.0,
    "pct1ResTime" : 115.0,
    "pct2ResTime" : 115.0,
    "pct3ResTime" : 115.0,
    "throughput" : 8.695652173913043,
    "receivedKBytesPerSec" : 40.95618206521739,
    "sentKBytesPerSec" : 5.290421195652174
  },
  "Login-2" : {
    "transaction" : "Login-2",
    "sampleCount" : 1,
    "errorCount" : 0,
    "errorPct" : 0.0,
    "meanResTime" : 1346.0,
    "medianResTime" : 1346.0,
    "minResTime" : 1346.0,
    "maxResTime" : 1346.0,
    "pct1ResTime" : 1346.0,
    "pct2ResTime" : 1346.0,
    "pct3ResTime" : 1346.0,
    "throughput" : 0.7429420505200593,
    "receivedKBytesPerSec" : 4.4358864227340264,
    "sentKBytesPerSec" : 0.42733678491827637
  },
  "Login-3" : {
    "transaction" : "Login-3",
    "sampleCount" : 1,
    "errorCount" : 0,
    "errorPct" : 0.0,
    "meanResTime" : 1361.0,
    "medianResTime" : 1361.0,
    "minResTime" : 1361.0,
    "maxResTime" : 1361.0,
    "pct1ResTime" : 1361.0,
    "pct2ResTime" : 1361.0,
    "pct3ResTime" : 1361.0,
    "throughput" : 0.7347538574577516,
    "receivedKBytesPerSec" : 39.894120821087434,
    "sentKBytesPerSec" : 0.4577860947832476
  },
  "Login-4" : {
    "transaction" : "Login-4",
    "sampleCount" : 1,
    "errorCount" : 0,
    "errorPct" : 0.0,
    "meanResTime" : 1309.0,
    "medianResTime" : 1309.0,
    "minResTime" : 1309.0,
    "maxResTime" : 1309.0,
    "pct1ResTime" : 1309.0,
    "pct2ResTime" : 1309.0,
    "pct3ResTime" : 1309.0,
    "throughput" : 0.7639419404125286,
    "receivedKBytesPerSec" : 116.56605113636364,
    "sentKBytesPerSec" : 0.48044786096256686
  },
  "Session Test-5" : {
    "transaction" : "Session Test-5",
    "sampleCount" : 500,
    "errorCount" : 0,
    "errorPct" : 0.0,
    "meanResTime" : 109.37799999999997,
    "medianResTime" : 90.0,
    "minResTime" : 64.0,
    "maxResTime" : 2441.0,
    "pct1ResTime" : 133.0,
    "pct2ResTime" : 176.95,
    "pct3ResTime" : 571.7300000000021,
    "throughput" : 3.478212477043798,
    "receivedKBytesPerSec" : 296.0550725489906,
    "sentKBytesPerSec" : 2.004048204546719
  },
  "Login-5" : {
    "transaction" : "Login-5",
    "sampleCount" : 1,
    "errorCount" : 0,
    "errorPct" : 0.0,
    "meanResTime" : 841.0,
    "medianResTime" : 841.0,
    "minResTime" : 841.0,
    "maxResTime" : 841.0,
    "pct1ResTime" : 841.0,
    "pct2ResTime" : 841.0,
    "pct3ResTime" : 841.0,
    "throughput" : 1.1890606420927465,
    "receivedKBytesPerSec" : 25.36623996730083,
    "sentKBytesPerSec" : 0.7512912455410227
  },
  "Session Test-6" : {
    "transaction" : "Session Test-6",
    "sampleCount" : 500,
    "errorCount" : 0,
    "errorPct" : 0.0,
    "meanResTime" : 94.56599999999993,
    "medianResTime" : 84.0,
    "minResTime" : 59.0,
    "maxResTime" : 1110.0,
    "pct1ResTime" : 111.0,
    "pct2ResTime" : 123.0,
    "pct3ResTime" : 546.820000000002,
    "throughput" : 3.4784302539949774,
    "receivedKBytesPerSec" : 25.031395550565943,
    "sentKBytesPerSec" : 2.010967490590846
  },
  "Login-6" : {
    "transaction" : "Login-6",
    "sampleCount" : 1,
    "errorCount" : 0,
    "errorPct" : 0.0,
    "meanResTime" : 1593.0,
    "medianResTime" : 1593.0,
    "minResTime" : 1593.0,
    "maxResTime" : 1593.0,
    "pct1ResTime" : 1593.0,
    "pct2ResTime" : 1593.0,
    "pct3ResTime" : 1593.0,
    "throughput" : 0.6277463904582549,
    "receivedKBytesPerSec" : 53.43200721908349,
    "sentKBytesPerSec" : 0.3917284604519774
  },
  "Session Test-7" : {
    "transaction" : "Session Test-7",
    "sampleCount" : 500,
    "errorCount" : 0,
    "errorPct" : 0.0,
    "meanResTime" : 108.72599999999998,
    "medianResTime" : 92.0,
    "minResTime" : 62.0,
    "maxResTime" : 1299.0,
    "pct1ResTime" : 148.80000000000007,
    "pct2ResTime" : 193.95,
    "pct3ResTime" : 514.2100000000016,
    "throughput" : 3.4778979584738985,
    "receivedKBytesPerSec" : 198.93905092512088,
    "sentKBytesPerSec" : 2.014056141967795
  },
  "Login-7" : {
    "transaction" : "Login-7",
    "sampleCount" : 1,
    "errorCount" : 0,
    "errorPct" : 0.0,
    "meanResTime" : 189.0,
    "medianResTime" : 189.0,
    "minResTime" : 189.0,
    "maxResTime" : 189.0,
    "pct1ResTime" : 189.0,
    "pct2ResTime" : 189.0,
    "pct3ResTime" : 189.0,
    "throughput" : 5.291005291005291,
    "receivedKBytesPerSec" : 38.07560350529101,
    "sentKBytesPerSec" : 3.312045304232804
  },
  "Login-8" : {
    "transaction" : "Login-8",
    "sampleCount" : 1,
    "errorCount" : 0,
    "errorPct" : 0.0,
    "meanResTime" : 595.0,
    "medianResTime" : 595.0,
    "minResTime" : 595.0,
    "maxResTime" : 595.0,
    "pct1ResTime" : 595.0,
    "pct2ResTime" : 595.0,
    "pct3ResTime" : 595.0,
    "throughput" : 1.680672268907563,
    "receivedKBytesPerSec" : 96.13642331932773,
    "sentKBytesPerSec" : 1.053702731092437
  },
  "Session Test-1" : {
    "transaction" : "Session Test-1",
    "sampleCount" : 500,
    "errorCount" : 0,
    "errorPct" : 0.0,
    "meanResTime" : 64.41599999999994,
    "medianResTime" : 56.0,
    "minResTime" : 49.0,
    "maxResTime" : 874.0,
    "pct1ResTime" : 71.0,
    "pct2ResTime" : 93.89999999999998,
    "pct3ResTime" : 210.91000000000008,
    "throughput" : 3.477607684121939,
    "receivedKBytesPerSec" : 19.26529451859477,
    "sentKBytesPerSec" : 1.9663426260806667
  },
  "Session Test-2" : {
    "transaction" : "Session Test-2",
    "sampleCount" : 500,
    "errorCount" : 0,
    "errorPct" : 0.0,
    "meanResTime" : 99.01200000000003,
    "medianResTime" : 88.0,
    "minResTime" : 62.0,
    "maxResTime" : 1124.0,
    "pct1ResTime" : 123.0,
    "pct2ResTime" : 167.64999999999992,
    "pct3ResTime" : 323.4300000000005,
    "throughput" : 3.4784786525765092,
    "receivedKBytesPerSec" : 188.8653504284616,
    "sentKBytesPerSec" : 2.000804615593324
  },
  "Session Test-3" : {
    "transaction" : "Session Test-3",
    "sampleCount" : 500,
    "errorCount" : 0,
    "errorPct" : 0.0,
    "meanResTime" : 122.30199999999986,