{
  "Login Welcome-1" : {
    "transaction" : "Login Welcome-1",
    "sampleCount" : 3000,
    "errorCount" : 523,
    "errorPct" : 17.433332,
    "meanResTime" : 23286.932000000033,
    "medianResTime" : 25958.0,
    "minResTime" : 0.0,
    "maxResTime" : 56525.0,
    "pct1ResTime" : 44116.0,
    "pct2ResTime" : 45356.399999999994,
    "pct3ResTime" : 49719.87999999993,
    "throughput" : 21.21535708981875,
    "receivedKBytesPerSec" : 2089.6830533385014,
    "sentKBytesPerSec" : 10.554564185736915
  },
  "Login Welcome-0" : {
    "transaction" : "Login Welcome-0",
    "sampleCount" : 3000,
    "errorCount" : 0,
    "errorPct" : 0.0,
    "meanResTime" : 22321.759000000067,
    "medianResTime" : 24185.5,
    "minResTime" : 12.0,
    "maxResTime" : 42740.0,
    "pct1ResTime" : 38255.0,
    "pct2ResTime" : 39470.8,
    "pct3ResTime" : 40568.99,
    "throughput" : 29.393609829223124,
    "receivedKBytesPerSec" : 75.49335336997737,
    "sentKBytesPerSec" : 14.668100217512713
  },
  "Login" : {
    "transaction" : "Login",
    "sampleCount" : 3000,
    "errorCount" : 2419,
    "errorPct" : 80.63333,
    "meanResTime" : 68624.51300000006,
    "medianResTime" : 72559.5,
    "minResTime" : 0.0,
    "maxResTime" : 123487.0,
    "pct1ResTime" : 95145.10000000002,
    "pct2ResTime" : 103551.9,
    "pct3ResTime" : 114427.89999999989,
    "throughput" : 13.088491289609047,
    "receivedKBytesPerSec" : 2628.0922455392783,
    "sentKBytesPerSec" : 42.05106014734369
  },
  "Login-0" : {
    "transaction" : "Login-0",
    "sampleCount" : 2939,
    "errorCount" : 0,
    "errorPct" : 0.0,
    "meanResTime" : 13984.365090166706,
    "medianResTime" : 3821.0,
    "minResTime" : 220.0,
    "maxResTime" : 47920.0,
    "pct1ResTime" : 37539.0,
    "pct2ResTime" : 39465.0,
    "pct3ResTime" : 44433.2,
    "throughput" : 16.424683409896165,
    "receivedKBytesPerSec" : 6.078462756653143,
    "sentKBytesPerSec" : 12.029797419357543
  },
  "Logout-2" : {
    "transaction" : "Logout-2",
    "sampleCount" : 2281,
    "errorCount" : 621,
    "errorPct" : 27.224901,
    "meanResTime" : 15880.720736519086,
    "medianResTime" : 10034.0,
    "minResTime" : 0.0,
    "maxResTime" : 46123.0,
    "pct1ResTime" : 37681.0,
    "pct2ResTime" : 40428.3,
    "pct3ResTime" : 44422.57999999998,
    "throughput" : 9.631218490588346,
    "receivedKBytesPerSec" : 839.5547529136969,
    "sentKBytesPerSec" : 4.2232738700946655
  },
  "Login-1" : {
    "transaction" : "Login-1",
    "sampleCount" : 2939,
    "errorCount" : 4,
    "errorPct" : 0.13610071,
    "meanResTime" : 31090.040489962605,
    "medianResTime" : 34533.0,
    "minResTime" : 0.0,
    "maxResTime" : 48956.0,
    "pct1ResTime" : 42339.0,
    "pct2ResTime" : 44374.0,
    "pct3ResTime" : 46374.0,
    "throughput" : 14.00771162892671,
    "receivedKBytesPerSec" : 46.112816457393016,
    "sentKBytesPerSec" : 8.58252162342181
  },
  "Logout-1" : {
    "transaction" : "Logout-1",
    "sampleCount" : 2301,
    "errorCount" : 20,
    "errorPct" : 0.8691873,
    "meanResTime" : 26575.411125597588,
    "medianResTime" : 29241.0,
    "minResTime" : 0.0,
    "maxResTime" : 46566.0,
    "pct1ResTime" : 40270.8,
    "pct2ResTime" : 41181.0,
    "pct3ResTime" : 44754.66,
    "throughput" : 9.691318246717966,
    "receivedKBytesPerSec" : 25.6988627060616,
    "sentKBytesPerSec" : 4.859832768427614
  },
  "Login-2" : {
    "transaction" : "Login-2",
    "sampleCount" : 2935,
    "errorCount" : 662,
    "errorPct" : 22.555367,
    "meanResTime" : 14709.287904599643,
    "medianResTime" : 104.0,
    "minResTime" : 0.0,
    "maxResTime" : 46472.0,
    "pct1ResTime" : 38828.2,
    "pct2ResTime" : 40462.2,
    "pct3ResTime" : 41666.359999999986,
    "throughput" : 12.869928217810928,
    "receivedKBytesPerSec" : 697.9293634222718,
    "sentKBytesPerSec" : 6.153417300296864
  },
  "Logout-0" : {
    "transaction" : "Logout-0",
    "sampleCount" : 2301,
    "errorCount" : 0,
    "errorPct" : 0.0,
    "meanResTime" : 7489.674489352452,
    "medianResTime" : 1858.0,
    "minResTime" : 19.0,
    "maxResTime" : 49323.0,
    "pct1ResTime" : 32149.20000000001,
    "pct2ResTime" : 39363.600000000006,
    "pct3ResTime" : 44781.94,
    "throughput" : 9.97394896424376,
    "receivedKBytesPerSec" : 4.402563409998223,
    "sentKBytesPerSec" : 5.629826661457905
  },
  "Login-3" : {
    "transaction" : "Login-3",
    "sampleCount" : 2935,
    "errorCount" : 911,
    "errorPct" : 31.039183,
    "meanResTime" : 21872.40919931852,
    "medianResTime" : 29150.0,
    "minResTime" : 0.0,
    "maxResTime" : 53671.0,
    "pct1ResTime" : 40773.6,
    "pct2ResTime" : 42513.799999999996,
    "pct3ResTime" : 45701.2,
    "throughput" : 12.87986834887548,
    "receivedKBytesPerSec" : 664.4333901878771,
    "sentKBytesPerSec" : 5.625702825013714
  },
  "Login-4" : {
    "transaction" : "Login-4",
    "sampleCount" : 2935,
    "errorCount" : 926,
    "errorPct" : 31.550255,
    "meanResTime" : 21825.08551959112,
    "medianResTime" : 29061.0,
    "minResTime" : 0.0,
    "maxResTime" : 53382.0,
    "pct1ResTime" : 40816.6,
    "pct2ResTime" : 42679.0,
    "pct3ResTime" : 45619.03999999999,
    "throughput" : 12.873992780036758,
    "receivedKBytesPerSec" : 713.9002394751819,
    "sentKBytesPerSec" : 5.643586210243049
  },
  "Login-5" : {
    "transaction" : "Login-5",
    "sampleCount" : 998,
    "errorCount" : 264,
    "errorPct" : 26.452906,
    "meanResTime" : 20763.283567134262,
    "medianResTime" : 20582.0,
    "minResTime" : 0.0,
    "maxResTime" : 56581.0,
    "pct1ResTime" : 43366.8,
    "pct2ResTime" : 45001.99999999999,
    "pct3ResTime" : 48798.0,
    "throughput" : 5.412558437191544,
    "receivedKBytesPerSec" : 88.03985868131258,
    "sentKBytesPerSec" : 2.5074245570433766
  },
  "Login-6" : {
    "transaction" : "Login-6",
    "sampleCount" : 998,
    "errorCount" : 281,
    "errorPct" : 28.156313,
    "meanResTime" : 20058.55611222447,
    "medianResTime" : 19392.5,
    "minResTime" : 0.0,
    "maxResTime" : 74644.0,
    "pct1ResTime" : 42884.6,
    "pct2ResTime" : 45020.25,
    "pct3ResTime" : 50229.44,
    "throughput" : 5.4140265601944275,
    "receivedKBytesPerSec" : 334.39935154927684,
    "sentKBytesPerSec" : 2.419627278787106
  },
  "Logout-4" : {
    "transaction" : "Logout-4",
    "sampleCount" : 2281,
    "errorCount" : 669,
    "errorPct" : 29.32924,
    "meanResTime" : 15326.912757562475,
    "medianResTime" : 9604.0,
    "minResTime" : 0.0,
    "maxResTime" : 53511.0,
    "pct1ResTime" : 37176.200000000004,
    "pct2ResTime" : 40148.0,
    "pct3ResTime" : 43942.41999999999,
    "throughput" : 9.630771179463363,
    "receivedKBytesPerSec" : 256.664601486468,
    "sentKBytesPerSec" : 4.087671393738521
  },
  "Login-7" : {
    "transaction" : "Login-7",
    "sampleCount" : 998,
    "errorCount" : 298,
    "errorPct" : 29.85972,
    "meanResTime" : 19383.556112224465,
    "medianResTime" : 17814.0,
    "minResTime" : 0.0,
    "maxResTime" : 71797.0,
    "pct1ResTime" : 43013.5,
    "pct2ResTime" : 44653.299999999996,
    "pct3ResTime" : 50068.05,
    "throughput" : 5.41411467290176,
    "receivedKBytesPerSec" : 30.864414283524926,
    "sentKBytesPerSec" : 2.3697135415253916
  },
  "Logout-3" : {
    "transaction" : "Logout-3",
    "sampleCount" : 2281,
    "errorCount" : 608,
    "errorPct" : 26.654976,
    "meanResTime" : 15880.15519508989,
    "medianResTime" : 9869.0,
    "minResTime" : 0.0,
    "maxResTime" : 47232.0,
    "pct1ResTime" : 37691.8,
    "pct2ResTime" : 40242.700000000004,
    "pct3ResTime" : 44509.73999999999,
    "throughput" : 9.630893169285853,
    "receivedKBytesPerSec" : 607.9807960383399,
    "sentKBytesPerSec" : 4.187221696056865
  },
  "Login-8" : {
    "transaction" : "Login-8",
    "sampleCount" : 998,
    "errorCount" : 409,
    "errorPct" : 40.981964,
    "meanResTime" : 16221.795591182356,
    "medianResTime" : 11428.5,
    "minResTime" : 0.0,
    "maxResTime" : 78118.0,
    "pct1ResTime" : 41721.8,
    "pct2ResTime" : 44342.7,