{
  "Login Welcome-1" : {
    "transaction" : "Login Welcome-1",
    "sampleCount" : 3000,
    "errorCount" : 538,
    "errorPct" : 17.933332,
    "meanResTime" : 30877.071000000004,
    "medianResTime" : 36218.5,
    "minResTime" : 0.0,
    "maxResTime" : 77559.0,
    "pct1ResTime" : 55642.6,
    "pct2ResTime" : 56850.25,
    "pct3ResTime" : 59852.139999999985,
    "throughput" : 18.51966170751281,
    "receivedKBytesPerSec" : 1813.3785324807857,
    "sentKBytesPerSec" : 9.157671287579479
  },
  "Login Welcome-0" : {
    "transaction" : "Login Welcome-0",
    "sampleCount" : 3000,
    "errorCount" : 0,
    "errorPct" : 0.0,
    "meanResTime" : 28092.364666666665,
    "medianResTime" : 31061.0,
    "minResTime" : 46.0,
    "maxResTime" : 50249.0,
    "pct1ResTime" : 45465.7,
    "pct2ResTime" : 46591.1,
    "pct3ResTime" : 48275.95999999998,
    "throughput" : 27.35603884557516,
    "receivedKBytesPerSec" : 70.26013883189714,
    "sentKBytesPerSec" : 13.651304541102448
  },
  "Login" : {
    "transaction" : "Login",
    "sampleCount" : 3000,
    "errorCount" : 2481,
    "errorPct" : 82.7,
    "meanResTime" : 94941.54133333311,
    "medianResTime" : 97269.0,
    "minResTime" : 0.0,
    "maxResTime" : 161149.0,
    "pct1ResTime" : 130343.6,
    "pct2ResTime" : 149112.05,
    "pct3ResTime" : 154080.34999999998,
    "throughput" : 10.809096935981323,
    "receivedKBytesPerSec" : 2042.4480414591922,
    "sentKBytesPerSec" : 33.56386453589341
  },
  "Login-0" : {
    "transaction" : "Login-0",
    "sampleCount" : 2972,
    "errorCount" : 0,
    "errorPct" : 0.0,
    "meanResTime" : 22219.520861372795,
    "medianResTime" : 7137.5,
    "minResTime" : 206.0,
    "maxResTime" : 64410.0,
    "pct1ResTime" : 51117.50000000001,
    "pct2ResTime" : 55993.35,
    "pct3ResTime" : 60231.0,
    "throughput" : 13.56891749988586,
    "receivedKBytesPerSec" : 5.0170424713509565,
    "sentKBytesPerSec" : 9.938171996986714
  },
  "Logout-2" : {
    "transaction" : "Logout-2",
    "sampleCount" : 2122,
    "errorCount" : 347,
    "errorPct" : 16.352497,
    "meanResTime" : 21150.07163053726,
    "medianResTime" : 17393.5,
    "minResTime" : 0.0,
    "maxResTime" : 63577.0,
    "pct1ResTime" : 49742.700000000004,
    "pct2ResTime" : 54918.049999999996,
    "pct3ResTime" : 57365.93,
    "throughput" : 7.622208572649849,
    "receivedKBytesPerSec" : 760.7846038828993,
    "sentKBytesPerSec" : 3.8416607791660833
  },
  "Login-1" : {
    "transaction" : "Login-1",
    "sampleCount" : 2972,
    "errorCount" : 21,
    "errorPct" : 0.7065949,
    "meanResTime" : 42619.99259757747,
    "medianResTime" : 47099.5,
    "minResTime" : 0.0,
    "maxResTime" : 64571.0,
    "pct1ResTime" : 56623.8,
    "pct2ResTime" : 57709.35,
    "pct3ResTime" : 59170.35,
    "throughput" : 11.7004649478164,
    "receivedKBytesPerSec" : 38.43881670829938,
    "sentKBytesPerSec" : 7.128063891939986
  },
  "Logout-1" : {
    "transaction" : "Logout-1",
    "sampleCount" : 2166,
    "errorCount" : 44,
    "errorPct" : 2.0313942,
    "meanResTime" : 32355.501385041538,
    "medianResTime" : 34041.5,
    "minResTime" : 0.0,
    "maxResTime" : 66708.0,
    "pct1ResTime" : 54965.7,
    "pct2ResTime" : 56750.6,
    "pct3ResTime" : 57575.27,
    "throughput" : 7.795741495227538,
    "receivedKBytesPerSec" : 20.678293732274227,
    "sentKBytesPerSec" : 3.8634398934294065
  },
  "Login-2" : {
    "transaction" : "Login-2",
    "sampleCount" : 2951,
    "errorCount" : 693,
    "errorPct" : 23.483564,
    "meanResTime" : 19501.550660792996,
    "medianResTime" : 125.0,
    "minResTime" : 0.0,
    "maxResTime" : 59060.0,
    "pct1ResTime" : 54941.6,
    "pct2ResTime" : 56654.0,
    "pct3ResTime" : 57533.28,
    "throughput" : 10.838505894883756,
    "receivedKBytesPerSec" : 577.562171884756,
    "sentKBytesPerSec" : 5.1176652541594745
  },
  "Logout-0" : {
    "transaction" : "Logout-0",
    "sampleCount" : 2166,
    "errorCount" : 0,
    "errorPct" : 0.0,
    "meanResTime" : 9522.114035087712,
    "medianResTime" : 2203.5,
    "minResTime" : 22.0,
    "maxResTime" : 73962.0,
    "pct1ResTime" : 44171.799999999996,
    "pct2ResTime" : 53229.90000000001,
    "pct3ResTime" : 57736.86,
    "throughput" : 8.067670097102566,
    "receivedKBytesPerSec" : 3.56112000379918,
    "sentKBytesPerSec" : 4.553821597778597
  },
  "Login-3" : {
    "transaction" : "Login-3",
    "sampleCount" : 2951,
    "errorCount" : 1041,
    "errorPct" : 35.276176,
    "meanResTime" : 28302.032531345256,
    "medianResTime" : 33349.0,
    "minResTime" : 0.0,
    "maxResTime" : 72820.0,
    "pct1ResTime" : 55569.4,
    "pct2ResTime" : 56879.4,
    "pct3ResTime" : 58334.6,
    "throughput" : 10.822963313418494,
    "receivedKBytesPerSec" : 530.8022212678931,
    "sentKBytesPerSec" : 4.4401088943780005
  },
  "Login-4" : {
    "transaction" : "Login-4",
    "sampleCount" : 2951,
    "errorCount" : 1052,
    "errorPct" : 35.648933,
    "meanResTime" : 28153.106065740423,
    "medianResTime" : 33364.0,
    "minResTime" : 0.0,
    "maxResTime" : 76262.0,
    "pct1ResTime" : 55579.8,
    "pct2ResTime" : 56894.4,
    "pct3ResTime" : 57923.0,
    "throughput" : 10.80667369777934,
    "receivedKBytesPerSec" : 545.4373962327244,
    "sentKBytesPerSec" : 4.457286562701412
  },
  "Login-5" : {
    "transaction" : "Login-5",
    "sampleCount" : 1000,
    "errorCount" : 363,
    "errorPct" : 36.3,
    "meanResTime" : 25087.122999999978,
    "medianResTime" : 29742.5,
    "minResTime" : 0.0,
    "maxResTime" : 86659.0,
    "pct1ResTime" : 53713.9,
    "pct2ResTime" : 56330.65,
    "pct3ResTime" : 63923.020000000004,
    "throughput" : 4.266284407583748,
    "receivedKBytesPerSec" : 61.37330511852805,
    "sentKBytesPerSec" : 1.711784124142477
  },
  "Login-6" : {
    "transaction" : "Login-6",
    "sampleCount" : 1000,
    "errorCount" : 374,
    "errorPct" : 37.4,
    "meanResTime" : 24691.308000000026,
    "medianResTime" : 28037.5,
    "minResTime" : 0.0,
    "maxResTime" : 76228.0,
    "pct1ResTime" : 53451.6,
    "pct2ResTime" : 56289.55,
    "pct3ResTime" : 66004.71,
    "throughput" : 4.259488009541253,
    "receivedKBytesPerSec" : 230.45315960834006,
    "sentKBytesPerSec" : 1.6587128492780168
  },
  "Logout-4" : {
    "transaction" : "Logout-4",
    "sampleCount" : 2122,
    "errorCount" : 365,
    "errorPct" : 17.200754,
    "meanResTime" : 20980.941093308127,
    "medianResTime" : 17360.5,
    "minResTime" : 0.0,
    "maxResTime" : 59149.0,
    "pct1ResTime" : 49952.0,
    "pct2ResTime" : 54944.8,
    "pct3ResTime" : 57281.0,
    "throughput" : 7.622181193830416,
    "receivedKBytesPerSec" : 234.67354473743524,
    "sentKBytesPerSec" : 3.790363049258615
  },
  "Login-7" : {
    "transaction" : "Login-7",
    "sampleCount" : 1000,
    "errorCount" : 381,
    "errorPct" : 38.1,
    "meanResTime" : 24384.242,
    "medianResTime" : 26927.0,
    "minResTime" : 0.0,
    "maxResTime" : 84255.0,
    "pct1ResTime" : 53587.9,
    "pct2ResTime" : 56097.45,
    "pct3ResTime" : 69648.52000000002,
    "throughput" : 4.257801356535512,
    "receivedKBytesPerSec" : 22.506650652454834,
    "sentKBytesPerSec" : 1.6446630921537237
  },
  "Logout-3" : {
    "transaction" : "Logout-3",
    "sampleCount" : 2122,
    "errorCount" : 362,
    "errorPct" : 17.059378,
    "meanResTime" : 20972.858623939675,
    "medianResTime" : 17162.5,
    "minResTime" : 1.0,
    "maxResTime" : 60504.0,
    "pct1ResTime" : 49923.700000000004,
    "pct2ResTime" : 54796.35,
    "pct3ResTime" : 57338.86,
    "throughput" : 7.622235951665973,
    "receivedKBytesPerSec" : 541.559536735666,
    "sentKBytesPerSec" : 3.7474721260362935
  },
  "Login-8" : {
    "transaction" : "Login-8",
    "sampleCount" : 1000,
    "errorCount" : 472,
    "errorPct" : 47.2,
    "meanResTime" : 21880.569999999992,
    "medianResTime" : 18305.0,
    "minResTime" : 0.0,
    "maxResTime" : 93805.0,
    "pct1ResTime" : 52247.2,
    "pct2ResTime" : 56274.1,
    "pct3ResTime" : 76088.26000000001,