{
  "Show Contact Page-6" : {
    "transaction" : "Show Contact Page-6",
    "sampleCount" : 2596,
    "errorCount" : 1036,
    "errorPct" : 39.90755,
    "meanResTime" : 18184.951463790494,
    "medianResTime" : 9118.0,
    "minResTime" : 48.0,
    "maxResTime" : 54129.0,
    "pct1ResTime" : 42915.40000000001,
    "pct2ResTime" : 45579.15,
    "pct3ResTime" : 49899.93000000001,
    "throughput" : 18.499515421013623,
    "receivedKBytesPerSec" : 101.24210805443319,
    "sentKBytesPerSec" : 6.405194437318283
  },
  "Show Contact Page-5" : {
    "transaction" : "Show Contact Page-5",
    "sampleCount" : 2596,
    "errorCount" : 996,
    "errorPct" : 38.36672,
    "meanResTime" : 18676.660631741142,
    "medianResTime" : 10233.0,
    "minResTime" : 89.0,
    "maxResTime" : 58399.0,
    "pct1ResTime" : 43515.40000000001,
    "pct2ResTime" : 45728.6,
    "pct3ResTime" : 51599.39000000004,
    "throughput" : 18.48765827742882,
    "receivedKBytesPerSec" : 990.2776609391245,
    "sentKBytesPerSec" : 6.542964577190958
  },
  "Show Contact Page-4" : {
    "transaction" : "Show Contact Page-4",
    "sampleCount" : 2596,
    "errorCount" : 991,
    "errorPct" : 38.174114,
    "meanResTime" : 18726.113636363618,
    "medianResTime" : 10798.0,
    "minResTime" : 15.0,
    "maxResTime" : 54816.0,
    "pct1ResTime" : 44014.8,
    "pct2ResTime" : 45784.3,
    "pct3ResTime" : 49565.16000000002,
    "throughput" : 18.414481897627965,
    "receivedKBytesPerSec" : 263.10054409748824,
    "sentKBytesPerSec" : 6.626377229102826
  },
  "Show Contact Page-3" : {
    "transaction" : "Show Contact Page-3",
    "sampleCount" : 2596,
    "errorCount" : 874,
    "errorPct" : 33.66718,
    "meanResTime" : 20064.55392912171,
    "medianResTime" : 16514.5,
    "minResTime" : 0.0,
    "maxResTime" : 78042.0,
    "pct1ResTime" : 44204.700000000004,
    "pct2ResTime" : 46133.45,
    "pct3ResTime" : 49681.26000000001,
    "throughput" : 18.7132816723734,
    "receivedKBytesPerSec" : 1912.1638682082357,
    "sentKBytesPerSec" : 7.188415142367995
  },
  "Show Contact Page-7" : {
    "transaction" : "Show Contact Page-7",
    "sampleCount" : 2596,
    "errorCount" : 1311,
    "errorPct" : 50.50077,
    "meanResTime" : 16384.42989214175,
    "medianResTime" : 7816.5,
    "minResTime" : 1.0,
    "maxResTime" : 76250.0,
    "pct1ResTime" : 41517.4,
    "pct2ResTime" : 45527.35,
    "pct3ResTime" : 50632.46000000006,
    "throughput" : 18.205789946140033,
    "receivedKBytesPerSec" : 541.5451488118197,
    "sentKBytesPerSec" : 5.20110344330327
  },
  "Show Contact Page-2" : {
    "transaction" : "Show Contact Page-2",
    "sampleCount" : 2596,
    "errorCount" : 610,
    "errorPct" : 23.497688,
    "meanResTime" : 23179.441063174174,
    "medianResTime" : 23868.0,
    "minResTime" : 28.0,
    "maxResTime" : 55072.0,
    "pct1ResTime" : 44804.3,
    "pct2ResTime" : 46366.3,
    "pct3ResTime" : 49525.44000000001,
    "throughput" : 18.450604122245913,
    "receivedKBytesPerSec" : 778.8651538623845,
    "sentKBytesPerSec" : 8.091392923773988
  },
  "Show Contact Page-1" : {
    "transaction" : "Show Contact Page-1",
    "sampleCount" : 2596,
    "errorCount" : 0,
    "errorPct" : 0.0,
    "meanResTime" : 217.05238828967654,
    "medianResTime" : 115.0,
    "minResTime" : 75.0,
    "maxResTime" : 5228.0,
    "pct1ResTime" : 223.30000000000018,
    "pct2ResTime" : 619.1000000000013,
    "pct3ResTime" : 2603.4900000000166,
    "throughput" : 22.626445747953944,
    "receivedKBytesPerSec" : 135.09579033495157,
    "sentKBytesPerSec" : 11.931914749897588
  },
  "Show Contact Page-0" : {
    "transaction" : "Show Contact Page-0",
    "sampleCount" : 2596,
    "errorCount" : 0,
    "errorPct" : 0.0,
    "meanResTime" : 25353.69876733436,
    "medianResTime" : 25432.5,
    "minResTime" : 11.0,
    "maxResTime" : 55560.0,
    "pct1ResTime" : 46914.6,
    "pct2ResTime" : 49544.0,
    "pct3ResTime" : 52002.420000000006,
    "throughput" : 22.6185601143126,
    "receivedKBytesPerSec" : 134.6511156805172,
    "sentKBytesPerSec" : 11.331368494767933
  },
  "Send Email-2" : {
    "transaction" : "Send Email-2",
    "sampleCount" : 2154,
    "errorCount" : 640,
    "errorPct" : 29.712164,
    "meanResTime" : 16818.33194057569,
    "medianResTime" : 18278.5,
    "minResTime" : 3.0,
    "maxResTime" : 60019.0,
    "pct1ResTime" : 30190.5,
    "pct2ResTime" : 41778.25,
    "pct3ResTime" : 46714.49999999999,
    "throughput" : 12.356231177398538,
    "receivedKBytesPerSec" : 501.01521045461067,
    "sentKBytesPerSec" : 5.403061361680769
  },
  "Send Email-1" : {
    "transaction" : "Send Email-1",
    "sampleCount" : 2325,
    "errorCount" : 171,
    "errorPct" : 7.354839,
    "meanResTime" : 25201.727311827934,
    "medianResTime" : 24457.0,
    "minResTime" : 2.0,
    "maxResTime" : 51695.0,
    "pct1ResTime" : 40804.400000000016,
    "pct2ResTime" : 45090.69999999999,
    "pct3ResTime" : 48190.2,
    "throughput" : 13.322178992785968,
    "receivedKBytesPerSec" : 75.52039314036706,
    "sentKBytesPerSec" : 7.662793356530161
  },
  "Show Contact Page" : {
    "transaction" : "Show Contact Page",
    "sampleCount" : 5000,
    "errorCount" : 3871,
    "errorPct" : 77.42,
    "meanResTime" : 33252.09879999999,
    "medianResTime" : 8917.5,
    "minResTime" : 2439.0,
    "maxResTime" : 99686.0,
    "pct1ResTime" : 76821.8,
    "pct2ResTime" : 78586.95,
    "pct3ResTime" : 81095.97,
    "throughput" : 35.01106349606475,
    "receivedKBytesPerSec" : 4761.563634577276,
    "sentKBytesPerSec" : 58.10832023700739
  },
  "Send Email-4" : {
    "transaction" : "Send Email-4",
    "sampleCount" : 2154,
    "errorCount" : 838,
    "errorPct" : 38.904366,
    "meanResTime" : 15285.801764159698,
    "medianResTime" : 15980.0,
    "minResTime" : 3.0,
    "maxResTime" : 75208.0,
    "pct1ResTime" : 28612.0,
    "pct2ResTime" : 41652.75,
    "pct3ResTime" : 47623.44999999999,
    "throughput" : 12.36162043971558,
    "receivedKBytesPerSec" : 178.59457317545582,
    "sentKBytesPerSec" : 4.762777288176689
  },
  "Send Email-3" : {
    "transaction" : "Send Email-3",
    "sampleCount" : 2154,
    "errorCount" : 815,
    "errorPct" : 37.836582,
    "meanResTime" : 15394.074744661079,
    "medianResTime" : 16295.5,
    "minResTime" : 3.0,
    "maxResTime" : 59123.0,
    "pct1ResTime" : 28931.5,
    "pct2ResTime" : 41478.25,
    "pct3ResTime" : 47099.09999999999,
    "throughput" : 12.35991805959615,
    "receivedKBytesPerSec" : 1164.3134812639507,
    "sentKBytesPerSec" : 4.82125655580612
  },
  "Send Email-6" : {
    "transaction" : "Send Email-6",
    "sampleCount" : 2101,
    "errorCount" : 976,
    "errorPct" : 46.45407,
    "meanResTime" : 13840.362684435975,
    "medianResTime" : 12133.0,
    "minResTime" : 3.0,
    "maxResTime" : 75591.0,
    "pct1ResTime" : 28462.999999999996,
    "pct2ResTime" : 40755.79999999995,
    "pct3ResTime" : 48443.340000000004,
    "throughput" : 12.054137477982982,
    "receivedKBytesPerSec" : 61.357559089155295,
    "sentKBytesPerSec" : 4.027759325676862
  },
  "Send Email-5" : {
    "transaction" : "Send Email-5",
    "sampleCount" : 2101,
    "errorCount" : 910,
    "errorPct" : 43.31271,
    "meanResTime" : 14375.422179914352,
    "medianResTime" : 13918.0,
    "minResTime" : 3.0,
    "maxResTime" : 52939.0,
    "pct1ResTime" : 28983.399999999998,
    "pct2ResTime" : 40452.099999999984,
    "pct3ResTime" : 46832.68,
    "throughput" : 12.053860849909064,
    "receivedKBytesPerSec" : 595.5211033105089,
    "sentKBytesPerSec" : 4.2506109671631265
  },
  "Total" : {
    "transaction" : "Total",
    "sampleCount" : 48183,
    "errorCount" : 19240,
    "errorPct" : 39.931095,
    "meanResTime" : 20603.660938505083,
    "medianResTime" : 21702.5,