{
  "Welcome-3" : {
    "transaction" : "Welcome-3",
    "sampleCount" : 791,
    "errorCount" : 0,
    "errorPct" : 0.0,
    "meanResTime" : 35.122629582806624,
    "medianResTime" : 7.0,
    "minResTime" : 2.0,
    "maxResTime" : 3828.0,
    "pct1ResTime" : 56.0,
    "pct2ResTime" : 84.39999999999998,
    "pct3ResTime" : 171.3600000000007,
    "throughput" : 12.024200413474402,
    "receivedKBytesPerSec" : 684.9449553890383,
    "sentKBytesPerSec" : 7.2333080612306935
  },
  "Registration" : {
    "transaction" : "Registration",
    "sampleCount" : 5000,
    "errorCount" : 4209,
    "errorPct" : 84.18,
    "meanResTime" : 3535.0189999999993,
    "medianResTime" : 4404.5,
    "minResTime" : 77.0,
    "maxResTime" : 8373.0,
    "pct1ResTime" : 5291.0,
    "pct2ResTime" : 5636.849999999999,
    "pct3ResTime" : 6051.0,
    "throughput" : 74.7999102401077,
    "receivedKBytesPerSec" : 218.77543489135314,
    "sentKBytesPerSec" : 20.887611966115642
  },
  "Total" : {
    "transaction" : "Total",
    "sampleCount" : 13955,
    "errorCount" : 8418,
    "errorPct" : 60.322464,
    "meanResTime" : 3280.151845216764,
    "medianResTime" : 4430.0,
    "minResTime" : 2.0,
    "maxResTime" : 12088.0,
    "pct1ResTime" : 5261.0,
    "pct2ResTime" : 5599.799999999996,
    "pct3ResTime" : 7297.760000000015,
    "throughput" : 197.9208033130992,
    "receivedKBytesPerSec" : 6947.658061629531,
    "sentKBytesPerSec" : 77.6263863675044
  },
  "Welcome" : {
    "transaction" : "Welcome",
    "sampleCount" : 5000,
    "errorCount" : 4209,
    "errorPct" : 84.18,
    "meanResTime" : 4603.765400000012,
    "medianResTime" : 4764.0,
    "minResTime" : 272.0,
    "maxResTime" : 12088.0,
    "pct1ResTime" : 5332.0,
    "pct2ResTime" : 5634.9,
    "pct3ResTime" : 8530.669999999993,
    "throughput" : 74.89626866789496,
    "receivedKBytesPerSec" : 3625.5210117970987,
    "sentKBytesPerSec" : 25.80308109206249
  },
  "Welcome-0" : {
    "transaction" : "Welcome-0",
    "sampleCount" : 791,
    "errorCount" : 0,
    "errorPct" : 0.0,
    "meanResTime" : 1584.9039190897595,
    "medianResTime" : 1153.0,
    "minResTime" : 5.0,
    "maxResTime" : 6903.0,
    "pct1ResTime" : 4006.6000000000004,
    "pct2ResTime" : 4821.0,
    "pct3ResTime" : 6036.160000000001,
    "throughput" : 11.999393203883496,
    "receivedKBytesPerSec" : 40.19327997003944,
    "sentKBytesPerSec" : 6.03485107421875
  },
  "Welcome-1" : {
    "transaction" : "Welcome-1",
    "sampleCount" : 791,
    "errorCount" : 0,
    "errorPct" : 0.0,
    "meanResTime" : 1318.2882427307197,
    "medianResTime" : 349.0,
    "minResTime" : 82.0,
    "maxResTime" : 8955.0,
    "pct1ResTime" : 5154.0,
    "pct2ResTime" : 6030.8,
    "pct3ResTime" : 8663.840000000002,
    "throughput" : 12.00267063215077,
    "receivedKBytesPerSec" : 1711.3430649155184,
    "sentKBytesPerSec" : 6.470189637643774
  },
  "Welcome-2" : {
    "transaction" : "Welcome-2",
    "sampleCount" : 791,
    "errorCount" : 0,
    "errorPct" : 0.0,
    "meanResTime" : 1601.723135271809,
    "medianResTime" : 495.0,
    "minResTime" : 131.0,
    "maxResTime" : 8835.0,
    "pct1ResTime" : 5295.0,
    "pct2ResTime" : 6327.399999999999,
    "pct3ResTime" : 8666.000000000004,
    "throughput" : 11.999393203883496,
    "receivedKBytesPerSec" : 1060.9151006902305,
    "sentKBytesPerSec" : 6.409832111840109
  },
  "Registration-0" : {
    "transaction" : "Registration-0",
    "sampleCount" : 791,
    "errorCount" : 0,
    "errorPct" : 0.0,
    "meanResTime" : 1882.9671302149216,
    "medianResTime" : 1440.0,
    "minResTime" : 448.0,
    "maxResTime" : 7650.0,
    "pct1ResTime" : 3628.4000000000005,
    "pct2ResTime" : 4904.8,
    "pct3ResTime" : 5746.440000000064,
    "throughput" : 12.581917668766303,
    "receivedKBytesPerSec" : 44.233304304256535,
    "sentKBytesPerSec" : 10.050789700244957
  }
}