{
  "Show Contact Page-6" : {
    "transaction" : "Show Contact Page-6",
    "sampleCount" : 2776,
    "errorCount" : 1291,
    "errorPct" : 46.505764,
    "meanResTime" : 16708.70569164266,
    "medianResTime" : 6282.0,
    "minResTime" : 28.0,
    "maxResTime" : 56901.0,
    "pct1ResTime" : 42303.00000000001,
    "pct2ResTime" : 46519.65,
    "pct3ResTime" : 50876.03,
    "throughput" : 19.942958540773148,
    "receivedKBytesPerSec" : 103.44666080267534,
    "sentKBytesPerSec" : 6.1467936404879415
  },
  "Show Contact Page-5" : {
    "transaction" : "Show Contact Page-5",
    "sampleCount" : 2776,
    "errorCount" : 1274,
    "errorPct" : 45.89337,
    "meanResTime" : 16804.027737752207,
    "medianResTime" : 6316.0,
    "minResTime" : 28.0,
    "maxResTime" : 77350.0,
    "pct1ResTime" : 41908.90000000001,
    "pct2ResTime" : 46325.6,
    "pct3ResTime" : 51368.97000000001,
    "throughput" : 19.76813740849403,
    "receivedKBytesPerSec" : 936.4931033385436,
    "sentKBytesPerSec" : 6.141770604865127
  },
  "Show Contact Page-4" : {
    "transaction" : "Show Contact Page-4",
    "sampleCount" : 2776,
    "errorCount" : 1195,
    "errorPct" : 43.04755,
    "meanResTime" : 17763.818804034632,
    "medianResTime" : 7394.0,
    "minResTime" : 29.0,
    "maxResTime" : 57375.0,
    "pct1ResTime" : 43354.100000000006,
    "pct2ResTime" : 46839.45,
    "pct3ResTime" : 52031.94,
    "throughput" : 19.940093523061122,
    "receivedKBytesPerSec" : 266.9491257914802,
    "sentKBytesPerSec" : 6.609763220368202
  },
  "Show Contact Page-3" : {
    "transaction" : "Show Contact Page-3",
    "sampleCount" : 2776,
    "errorCount" : 1075,
    "errorPct" : 38.724785,
    "meanResTime" : 19128.547550432235,
    "medianResTime" : 10832.5,
    "minResTime" : 25.0,
    "maxResTime" : 56806.0,
    "pct1ResTime" : 44280.0,
    "pct2ResTime" : 46607.950000000004,
    "pct3ResTime" : 50942.86,
    "throughput" : 19.947400945633273,
    "receivedKBytesPerSec" : 1887.2259918572963,
    "sentKBytesPerSec" : 7.078250131587457
  },
  "Show Contact Page-7" : {
    "transaction" : "Show Contact Page-7",
    "sampleCount" : 2776,
    "errorCount" : 1565,
    "errorPct" : 56.37608,
    "meanResTime" : 14817.898775216154,
    "medianResTime" : 5680.0,
    "minResTime" : 0.0,
    "maxResTime" : 63949.0,
    "pct1ResTime" : 39167.10000000001,
    "pct2ResTime" : 46124.950000000004,
    "pct3ResTime" : 52034.9,
    "throughput" : 19.872432726517815,
    "receivedKBytesPerSec" : 527.7330928732882,
    "sentKBytesPerSec" : 5.003377152518773
  },
  "Show Contact Page-2" : {
    "transaction" : "Show Contact Page-2",
    "sampleCount" : 2776,
    "errorCount" : 791,
    "errorPct" : 28.494236,
    "meanResTime" : 22444.71181556189,
    "medianResTime" : 23817.0,
    "minResTime" : 22.0,
    "maxResTime" : 55918.0,
    "pct1ResTime" : 45487.6,
    "pct2ResTime" : 47182.45,
    "pct3ResTime" : 50393.19,
    "throughput" : 20.03825748005919,
    "receivedKBytesPerSec" : 794.403518289602,
    "sentKBytesPerSec" : 8.213705866297326
  },
  "Show Contact Page-1" : {
    "transaction" : "Show Contact Page-1",
    "sampleCount" : 2776,
    "errorCount" : 0,
    "errorPct" : 0.0,
    "meanResTime" : 265.94920749279567,
    "medianResTime" : 123.0,
    "minResTime" : 75.0,
    "maxResTime" : 5068.0,
    "pct1ResTime" : 385.3000000000002,
    "pct2ResTime" : 897.7000000000016,
    "pct3ResTime" : 3302.46,
    "throughput" : 25.201768481448195,
    "receivedKBytesPerSec" : 150.47227782770923,
    "sentKBytesPerSec" : 13.289995097638696
  },
  "Show Contact Page-0" : {
    "transaction" : "Show Contact Page-0",
    "sampleCount" : 2776,
    "errorCount" : 0,
    "errorPct" : 0.0,
    "meanResTime" : 26159.943443804037,
    "medianResTime" : 28343.0,
    "minResTime" : 14.0,
    "maxResTime" : 53563.0,
    "pct1ResTime" : 45709.0,
    "pct2ResTime" : 47778.8,
    "pct3ResTime" : 50445.17,
    "throughput" : 25.183021418268577,
    "receivedKBytesPerSec" : 149.9176743806301,
    "sentKBytesPerSec" : 12.616103503488066
  },
  "Send Email-2" : {
    "transaction" : "Send Email-2",
    "sampleCount" : 2449,
    "errorCount" : 948,
    "errorPct" : 38.70968,
    "meanResTime" : 15247.683135973848,
    "medianResTime" : 15225.0,
    "minResTime" : 2.0,
    "maxResTime" : 54033.0,
    "pct1ResTime" : 30196.0,
    "pct2ResTime" : 39872.0,
    "pct3ResTime" : 47110.5,
    "throughput" : 13.830376000993935,
    "receivedKBytesPerSec" : 498.8003283143629,
    "sentKBytesPerSec" : 5.2758993944622015
  },
  "Send Email-1" : {
    "transaction" : "Send Email-1",
    "sampleCount" : 2617,
    "errorCount" : 168,
    "errorPct" : 6.4195642,
    "meanResTime" : 26677.002292701534,
    "medianResTime" : 27125.0,
    "minResTime" : 3.0,
    "maxResTime" : 56582.0,
    "pct1ResTime" : 38589.4,
    "pct2ResTime" : 44714.3,
    "pct3ResTime" : 48028.50000000001,
    "throughput" : 14.837956138162522,
    "receivedKBytesPerSec" : 82.95079301490598,
    "sentKBytesPerSec" : 8.616619807849318
  },
  "Show Contact Page" : {
    "transaction" : "Show Contact Page",
    "sampleCount" : 5000,
    "errorCount" : 3921,
    "errorPct" : 78.42,
    "meanResTime" : 35524.6256,
    "medianResTime" : 14803.0,
    "minResTime" : 3100.0,
    "maxResTime" : 101207.0,
    "pct1ResTime" : 77179.9,
    "pct2ResTime" : 79136.8,
    "pct3ResTime" : 81874.78,
    "throughput" : 35.55681979803727,
    "receivedKBytesPerSec" : 4755.505730481528,
    "sentKBytesPerSec" : 59.129317653516566
  },
  "Send Email-4" : {
    "transaction" : "Send Email-4",
    "sampleCount" : 2449,
    "errorCount" : 1195,
    "errorPct" : 48.795425,
    "meanResTime" : 13455.261331155558,
    "medianResTime" : 10485.0,
    "minResTime" : 2.0,
    "maxResTime" : 71929.0,
    "pct1ResTime" : 29840.0,
    "pct2ResTime" : 40155.0,
    "pct3ResTime" : 47530.0,
    "throughput" : 13.83318835504242,
    "receivedKBytesPerSec" : 173.8858511749596,
    "sentKBytesPerSec" : 4.4676804909115555
  },
  "Send Email-3" : {
    "transaction" : "Send Email-3",
    "sampleCount" : 2449,
    "errorCount" : 1094,
    "errorPct" : 44.671295,
    "meanResTime" : 14117.208248264575,
    "medianResTime" : 14171.0,
    "minResTime" : 2.0,
    "maxResTime" : 51401.0,
    "pct1ResTime" : 29958.0,
    "pct2ResTime" : 39332.0,
    "pct3ResTime" : 46775.5,
    "throughput" : 13.829282616552222,
    "receivedKBytesPerSec" : 1159.7941970411603,
    "sentKBytesPerSec" : 4.802035216954283
  },
  "Send Email-6" : {
    "transaction" : "Send Email-6",
    "sampleCount" : 2313,
    "errorCount" : 1240,
    "errorPct" : 53.61003,
    "meanResTime" : 12446.047989623847,
    "medianResTime" : 4894.0,
    "minResTime" : 3.0,
    "maxResTime" : 65184.0,
    "pct1ResTime" : 29624.199999999997,
    "pct2ResTime" : 37174.39999999995,
    "pct3ResTime" : 47362.3,
    "throughput" : 13.060712833717306,
    "receivedKBytesPerSec" : 62.06708795123831,
    "sentKBytesPerSec" : 3.7808711006318605
  },
  "Send Email-5" : {
    "transaction" : "Send Email-5",
    "sampleCount" : 2313,
    "errorCount" : 1195,
    "errorPct" : 51.664505,
    "meanResTime" : 12912.627756160817,
    "medianResTime" : 5336.0,
    "minResTime" : 2.0,
    "maxResTime" : 64069.0,
    "pct1ResTime" : 29957.0,
    "pct2ResTime" : 39337.09999999999,
    "pct3ResTime" : 47111.74,
    "throughput" : 13.059606687331675,
    "receivedKBytesPerSec" : 555.0674535054994,
    "sentKBytesPerSec" : 3.9267725289507713
  },
  "Total" : {
    "transaction" : "Total",
    "sampleCount" : 51728,
    "errorCount" : 22545,
    "errorPct" : 43.583744,
    "meanResTime" : 20546.776987318262,
    "medianResTime" : 22234.5,
    "minResTime" : 0.0,
    "maxResTime" : 119229.0,
    "pct1ResTime" : 53454.000000000015,