{
  "Login Welcome-1" : {
    "transaction" : "Login Welcome-1",
    "sampleCount" : 1000,
    "errorCount" : 0,
    "errorPct" : 0.0,
    "meanResTime" : 45.73799999999998,
    "medianResTime" : 14.0,
    "minResTime" : 4.0,
    "maxResTime" : 1913.0,
    "pct1ResTime" : 138.89999999999998,
    "pct2ResTime" : 201.8499999999998,
    "pct3ResTime" : 318.97,
    "throughput" : 16.160832606095866,
    "receivedKBytesPerSec" : 1920.5034755890624,
    "sentKBytesPerSec" : 9.737532927696435
  },
  "Login Welcome-0" : {
    "transaction" : "Login Welcome-0",
    "sampleCount" : 1000,
    "errorCount" : 0,
    "errorPct" : 0.0,
    "meanResTime" : 26.25499999999999,
    "medianResTime" : 7.0,
    "minResTime" : 2.0,
    "maxResTime" : 1207.0,
    "pct1ResTime" : 75.79999999999995,
    "pct2ResTime" : 122.94999999999993,
    "pct3ResTime" : 226.99,
    "throughput" : 16.661112962345886,
    "receivedKBytesPerSec" : 42.84053752915695,
    "sentKBytesPerSec" : 8.31428586304565
  },
  "Login" : {
    "transaction" : "Login",
    "sampleCount" : 1000,
    "errorCount" : 2,
    "errorPct" : 0.2,
    "meanResTime" : 909.5629999999999,
    "medianResTime" : 483.0,
    "minResTime" : 368.0,
    "maxResTime" : 5327.0,
    "pct1ResTime" : 2216.899999999999,
    "pct2ResTime" : 3087.1499999999987,
    "pct3ResTime" : 5103.64,
    "throughput" : 16.034634811192173,
    "receivedKBytesPerSec" : 6233.684273656097,
    "sentKBytesPerSec" : 90.7853933245811
  },
  "Login-0" : {
    "transaction" : "Login-0",
    "sampleCount" : 1000,
    "errorCount" : 0,
    "errorPct" : 0.0,
    "meanResTime" : 514.505,
    "medianResTime" : 343.0,
    "minResTime" : 245.0,
    "maxResTime" : 3003.0,
    "pct1ResTime" : 933.4999999999999,
    "pct2ResTime" : 1317.0999999999988,
    "pct3ResTime" : 2175.55,
    "throughput" : 16.080014150412453,
    "receivedKBytesPerSec" : 6.8936779414365885,
    "sentKBytesPerSec" : 11.77735411407162
  },
  "Logout-2" : {
    "transaction" : "Logout-2",
    "sampleCount" : 1000,
    "errorCount" : 0,
    "errorPct" : 0.0,
    "meanResTime" : 63.323999999999984,
    "medianResTime" : 13.0,
    "minResTime" : 4.0,
    "maxResTime" : 2094.0,
    "pct1ResTime" : 129.79999999999995,
    "pct2ResTime" : 213.5499999999994,
    "pct3ResTime" : 1207.7500000000002,
    "throughput" : 17.416141279738063,
    "receivedKBytesPerSec" : 2069.6804845605907,
    "sentKBytesPerSec" : 10.493905439060923
  },
  "Login-1" : {
    "transaction" : "Login-1",
    "sampleCount" : 1000,
    "errorCount" : 0,
    "errorPct" : 0.0,
    "meanResTime" : 64.85799999999998,
    "medianResTime" : 13.0,
    "minResTime" : 3.0,
    "maxResTime" : 2129.0,
    "pct1ResTime" : 173.89999999999998,
    "pct2ResTime" : 303.7999999999997,
    "pct3ResTime" : 677.3500000000006,
    "throughput" : 16.235084016559785,
    "receivedKBytesPerSec" : 76.4666115350272,
    "sentKBytesPerSec" : 9.845690599886355
  },
  "Logout-1" : {
    "transaction" : "Logout-1",
    "sampleCount" : 1000,
    "errorCount" : 0,
    "errorPct" : 0.0,
    "meanResTime" : 29.739000000000015,
    "medianResTime" : 6.0,
    "minResTime" : 1.0,
    "maxResTime" : 1712.0,
    "pct1ResTime" : 77.0,
    "pct2ResTime" : 122.89999999999986,
    "pct3ResTime" : 265.62000000000035,
    "throughput" : 17.395539783599485,
    "receivedKBytesPerSec" : 46.17292688654629,
    "sentKBytesPerSec" : 8.799696882719271
  },
  "Login-2" : {
    "transaction" : "Login-2",
    "sampleCount" : 1000,
    "errorCount" : 0,
    "errorPct" : 0.0,
    "meanResTime" : 304.2820000000004,
    "medianResTime" : 122.0,
    "minResTime" : 79.0,
    "maxResTime" : 4304.0,
    "pct1ResTime" : 298.0,
    "pct2ResTime" : 1710.2499999999895,
    "pct3ResTime" : 3970.1100000000006,
    "throughput" : 16.217706491947908,
    "receivedKBytesPerSec" : 96.83111083180616,
    "sentKBytesPerSec" : 9.328348753669255
  },
  "Logout-0" : {
    "transaction" : "Logout-0",
    "sampleCount" : 1000,
    "errorCount" : 0,
    "errorPct" : 0.0,
    "meanResTime" : 72.28900000000004,
    "medianResTime" : 16.0,
    "minResTime" : 2.0,
    "maxResTime" : 2019.0,
    "pct1ResTime" : 217.89999999999998,
    "pct2ResTime" : 305.94999999999993,
    "pct3ResTime" : 617.4800000000005,
    "throughput" : 17.37861040631191,
    "receivedKBytesPerSec" : 7.671027249661117,
    "sentKBytesPerSec" : 9.809410952000277
  },
  "Login-3" : {
    "transaction" : "Login-3",
    "sampleCount" : 1000,
    "errorCount" : 0,
    "errorPct" : 0.0,
    "meanResTime" : 43.61000000000001,
    "medianResTime" : 14.0,
    "minResTime" : 4.0,
    "maxResTime" : 883.0,
    "pct1ResTime" : 115.0,
    "pct2ResTime" : 207.79999999999973,
    "pct3ResTime" : 437.96000000000004,
    "throughput" : 16.228233881306696,
    "receivedKBytesPerSec" : 881.1265386394249,
    "sentKBytesPerSec" : 10.079254637217831
  },
  "Login-4" : {
    "transaction" : "Login-4",
    "sampleCount" : 1000,
    "errorCount" : 0,
    "errorPct" : 0.0,
    "meanResTime" : 44.508999999999986,
    "medianResTime" : 15.0,
    "minResTime" : 4.0,
    "maxResTime" : 886.0,
    "pct1ResTime" : 111.0,
    "pct2ResTime" : 216.8499999999998,
    "pct3ResTime" : 411.99,
    "throughput" : 16.228760609552246,
    "receivedKBytesPerSec" : 2476.2648036725686,
    "sentKBytesPerSec" : 10.174672179035687
  },
  "Login-5" : {
    "transaction" : "Login-5",
    "sampleCount" : 1000,
    "errorCount" : 1,
    "errorPct" : 0.1,
    "meanResTime" : 43.75900000000001,
    "medianResTime" : 13.0,
    "minResTime" : 0.0,
    "maxResTime" : 850.0,
    "pct1ResTime" : 121.79999999999995,
    "pct2ResTime" : 201.0,
    "pct3ResTime" : 436.7500000000002,
    "throughput" : 16.22849724115547,
    "receivedKBytesPerSec" : 345.88344515782217,
    "sentKBytesPerSec" : 10.21182943342259
  },
  "Login-6" : {
    "transaction" : "Login-6",
    "sampleCount" : 1000,
    "errorCount" : 0,
    "errorPct" : 0.0,
    "meanResTime" : 46.27099999999998,
    "medianResTime" : 15.0,
    "minResTime" : 4.0,
    "maxResTime" : 952.0,
    "pct1ResTime" : 114.0,
    "pct2ResTime" : 196.94999999999993,
    "pct3ResTime" : 440.93000000000006,
    "throughput" : 16.23271216154795,
    "receivedKBytesPerSec" : 1381.6828046880073,
    "sentKBytesPerSec" : 10.097888327056685
  },
  "Logout-4" : {
    "transaction" : "Logout-4",
    "sampleCount" : 1000,
    "errorCount" : 0,
    "errorPct" : 0.0,
    "meanResTime" : 59.31599999999996,
    "medianResTime" : 12.0,
    "minResTime" : 3.0,
    "maxResTime" : 2092.0,
    "pct1ResTime" : 116.89999999999998,
    "pct2ResTime" : 214.79999999999973,
    "pct3ResTime" : 963.0300000000018,
    "throughput" : 17.416444606997928,
    "receivedKBytesPerSec" : 638.6086383388194,
    "sentKBytesPerSec" : 10.460071712210668
  },
  "Login-7" : {
    "transaction" : "Login-7",
    "sampleCount" : 1000,
    "errorCount" : 0,
    "errorPct" : 0.0,
    "meanResTime" : 43.390000000000015,
    "medianResTime" : 13.0,
    "minResTime" : 3.0,
    "maxResTime" : 934.0,
    "pct1ResTime" : 108.89999999999998,
    "pct2ResTime" : 189.74999999999966,
    "pct3ResTime" : 448.94000000000005,
    "throughput" : 16.228233881306696,
    "receivedKBytesPerSec" : 116.7830619837393,
    "sentKBytesPerSec" : 10.126798291166972
  },
  "Logout-3" : {
    "transaction" : "Logout-3",
    "sampleCount" : 1000,
    "errorCount" : 0,
    "errorPct" : 0.0,
    "meanResTime" : 62.183,
    "medianResTime" : 13.0,
    "minResTime" : 4.0,
    "maxResTime" : 2104.0,
    "pct1ResTime" : 121.89999999999998,
    "pct2ResTime" : 219.89999999999986,
    "pct3ResTime" : 1295.7700000000002,
    "throughput" : 17.416444606997928,
    "receivedKBytesPerSec" : 1483.0510780779211,
    "sentKBytesPerSec" : 10.324005738718498
  },