{
  "Welcome-3" : {
    "transaction" : "Welcome-3",
    "sampleCount" : 4741,
    "errorCount" : 2371,
    "errorPct" : 50.010548,
    "meanResTime" : 23404.67812697737,
    "medianResTime" : 8112.0,
    "minResTime" : 32.0,
    "maxResTime" : 95419.0,
    "pct1ResTime" : 63050.8,
    "pct2ResTime" : 66982.6,
    "pct3ResTime" : 70630.77999999998,
    "throughput" : 24.617062152759747,
    "receivedKBytesPerSec" : 486.6521770260008,
    "sentKBytesPerSec" : 7.390771441274209
  },
  "Registration-4" : {
    "transaction" : "Registration-4",
    "sampleCount" : 3308,
    "errorCount" : 1089,
    "errorPct" : 32.920193,
    "meanResTime" : 23880.20012091896,
    "medianResTime" : 28210.5,
    "minResTime" : 3.0,
    "maxResTime" : 74254.0,
    "pct1ResTime" : 42400.99999999999,
    "pct2ResTime" : 50795.84999999988,
    "pct3ResTime" : 68723.88999999997,
    "throughput" : 13.645795090318828,
    "receivedKBytesPerSec" : 347.61246121127056,
    "sentKBytesPerSec" : 5.935519957181574
  },
  "Registration" : {
    "transaction" : "Registration",
    "sampleCount" : 10000,
    "errorCount" : 7907,
    "errorPct" : 79.07,
    "meanResTime" : 36180.44500000003,
    "medianResTime" : 4843.0,
    "minResTime" : 4017.0,
    "maxResTime" : 170506.0,
    "pct1ResTime" : 111030.0,
    "pct2ResTime" : 117400.54999999997,
    "pct3ResTime" : 144886.27,
    "throughput" : 40.88023318085006,
    "receivedKBytesPerSec" : 2371.830276865212,
    "sentKBytesPerSec" : 37.252751239693076
  },
  "Total" : {
    "transaction" : "Total",
    "sampleCount" : 55946,
    "errorCount" : 25215,
    "errorPct" : 45.070248,
    "meanResTime" : 32918.34821077467,
    "medianResTime" : 36764.0,
    "minResTime" : 3.0,
    "maxResTime" : 170506.0,
    "pct1ResTime" : 108407.00000000001,
    "pct2ResTime" : 112869.9,
    "pct3ResTime" : 140588.88,
    "throughput" : 227.29248682665627,
    "receivedKBytesPerSec" : 10777.893533330489,
    "sentKBytesPerSec" : 134.34015907041086
  },
  "Welcome" : {
    "transaction" : "Welcome",
    "sampleCount" : 10000,
    "errorCount" : 8028,
    "errorPct" : 80.28,
    "meanResTime" : 42052.21980000001,
    "medianResTime" : 8371.5,
    "minResTime" : 450.0,
    "maxResTime" : 146192.0,
    "pct1ResTime" : 108605.0,
    "pct2ResTime" : 110903.84999999999,
    "pct3ResTime" : 117918.52999999998,
    "throughput" : 51.85807482083035,
    "receivedKBytesPerSec" : 3953.820576814125,
    "sentKBytesPerSec" : 38.482084574686
  },
  "Registration-3" : {
    "transaction" : "Registration-3",
    "sampleCount" : 3308,
    "errorCount" : 1073,
    "errorPct" : 32.436516,
    "meanResTime" : 24143.70374848844,
    "medianResTime" : 28349.5,
    "minResTime" : 3.0,
    "maxResTime" : 74466.0,
    "pct1ResTime" : 42880.7,
    "pct2ResTime" : 54847.84999999988,
    "pct3ResTime" : 68979.38,
    "throughput" : 13.646470605221797,
    "receivedKBytesPerSec" : 796.8982974333971,
    "sentKBytesPerSec" : 5.906582215035044
  },
  "Welcome-0" : {
    "transaction" : "Welcome-0",
    "sampleCount" : 4741,
    "errorCount" : 0,
    "errorPct" : 0.0,
    "meanResTime" : 35531.52161991139,
    "medianResTime" : 36258.0,
    "minResTime" : 24.0,
    "maxResTime" : 97417.0,
    "pct1ResTime" : 63497.600000000006,
    "pct2ResTime" : 68446.7,
    "pct3ResTime" : 88610.62,
    "throughput" : 31.92549595291646,
    "receivedKBytesPerSec" : 125.23898168248574,
    "sentKBytesPerSec" : 16.14981142930735
  },
  "Registration-2" : {
    "transaction" : "Registration-2",
    "sampleCount" : 3308,
    "errorCount" : 1060,
    "errorPct" : 32.04353,
    "meanResTime" : 24273.404171704944,
    "medianResTime" : 28514.0,
    "minResTime" : 3.0,
    "maxResTime" : 73630.0,
    "pct1ResTime" : 43155.1,
    "pct2ResTime" : 54866.34999999999,
    "pct3ResTime" : 69336.11,
    "throughput" : 13.646470605221797,
    "receivedKBytesPerSec" : 1113.6983880673824,
    "sentKBytesPerSec" : 6.031501256151843
  },
  "Welcome-1" : {
    "transaction" : "Welcome-1",
    "sampleCount" : 4741,
    "errorCount" : 1376,
    "errorPct" : 29.023413,
    "meanResTime" : 35311.69563383246,
    "medianResTime" : 40873.0,
    "minResTime" : 23.0,
    "maxResTime" : 91199.0,
    "pct1ResTime" : 66781.8,
    "pct2ResTime" : 68938.0,
    "pct3ResTime" : 71635.48,
    "throughput" : 24.618851777999335,
    "receivedKBytesPerSec" : 2097.07464621922,
    "sentKBytesPerSec" : 10.528539097875644
  },
  "Registration-1" : {
    "transaction" : "Registration-1",
    "sampleCount" : 3529,
    "errorCount" : 221,
    "errorPct" : 6.2623973,
    "meanResTime" : 36775.6752621138,
    "medianResTime" : 36461.0,
    "minResTime" : 3.0,
    "maxResTime" : 75731.0,
    "pct1ResTime" : 59790.0,
    "pct2ResTime" : 65445.0,
    "pct3ResTime" : 70392.9,
    "throughput" : 14.499780181853293,
    "receivedKBytesPerSec" : 55.909439963195865,
    "sentKBytesPerSec" : 8.504021953053417
  },
  "Welcome-2" : {
    "transaction" : "Welcome-2",
    "sampleCount" : 4741,
    "errorCount" : 2090,
    "errorPct" : 44.083527,
    "meanResTime" : 26700.741404766864,
    "medianResTime" : 9845.0,
    "minResTime" : 22.0,
    "maxResTime" : 92526.0,
    "pct1ResTime" : 65406.6,
    "pct2ResTime" : 67454.5,
    "pct3ResTime" : 70888.9,
    "throughput" : 24.622431809211207,
    "receivedKBytesPerSec" : 1203.6153911135145,
    "sentKBytesPerSec" : 8.161302027611297
  },
  "Registration-0" : {
    "transaction" : "Registration-0",
    "sampleCount" : 3529,
    "errorCount" : 0,
    "errorPct" : 0.0,
    "meanResTime" : 33143.92774156978,
    "medianResTime" : 40756.0,
    "minResTime" : 73.0,
    "maxResTime" : 78084.0,
    "pct1ResTime" : 62031.0,
    "pct2ResTime" : 67163.0,
    "pct3ResTime" : 70872.5,
    "throughput" : 16.554241056769463,
    "receivedKBytesPerSec" : 6.19482127318485,
    "sentKBytesPerSec" : 12.713150805899296
  }
}