{
  "Login Welcome-1" : {
    "transaction" : "Login Welcome-1",
    "sampleCount" : 3000,
    "errorCount" : 539,
    "errorPct" : 17.966667,
    "meanResTime" : 29972.946666666696,
    "medianResTime" : 37161.5,
    "minResTime" : 0.0,
    "maxResTime" : 65837.0,
    "pct1ResTime" : 52753.7,
    "pct2ResTime" : 54142.149999999994,
    "pct3ResTime" : 58892.77,
    "throughput" : 19.291115798137767,
    "receivedKBytesPerSec" : 1888.1600575839807,
    "sentKBytesPerSec" : 9.535268228898735
  },
  "Login Welcome-0" : {
    "transaction" : "Login Welcome-0",
    "sampleCount" : 3000,
    "errorCount" : 0,
    "errorPct" : 0.0,
    "meanResTime" : 28606.397666666708,
    "medianResTime" : 31534.0,
    "minResTime" : 42.0,
    "maxResTime" : 51719.0,
    "pct1ResTime" : 46012.4,
    "pct2ResTime" : 48061.549999999996,
    "pct3ResTime" : 49515.99,
    "throughput" : 27.017534379812496,
    "receivedKBytesPerSec" : 69.39073771377625,
    "sentKBytesPerSec" : 13.482382878988464
  },
  "Login" : {
    "transaction" : "Login",
    "sampleCount" : 3000,
    "errorCount" : 2498,
    "errorPct" : 83.26667,
    "meanResTime" : 85957.90933333304,
    "medianResTime" : 87444.0,
    "minResTime" : 0.0,
    "maxResTime" : 147502.0,
    "pct1ResTime" : 114948.9,
    "pct2ResTime" : 130101.04999999997,
    "pct3ResTime" : 138642.99999999997,
    "throughput" : 11.453004504848439,
    "receivedKBytesPerSec" : 2082.0570938239675,
    "sentKBytesPerSec" : 34.9340013159025
  },
  "Login-0" : {
    "transaction" : "Login-0",
    "sampleCount" : 2985,
    "errorCount" : 0,
    "errorPct" : 0.0,
    "meanResTime" : 19432.43517587943,
    "medianResTime" : 6441.0,
    "minResTime" : 190.0,
    "maxResTime" : 61026.0,
    "pct1ResTime" : 46003.2,
    "pct2ResTime" : 49491.59999999999,
    "pct3ResTime" : 55585.96,
    "throughput" : 14.713711108482196,
    "receivedKBytesPerSec" : 5.438408362169249,
    "sentKBytesPerSec" : 10.776643878282858
  },
  "Logout-2" : {
    "transaction" : "Logout-2",
    "sampleCount" : 2101,
    "errorCount" : 530,
    "errorPct" : 25.226084,
    "meanResTime" : 17500.847691575425,
    "medianResTime" : 10492.0,
    "minResTime" : 0.0,
    "maxResTime" : 65985.0,
    "pct1ResTime" : 44105.799999999996,
    "pct2ResTime" : 49603.9,
    "pct3ResTime" : 52507.84,
    "throughput" : 8.481281436448922,
    "receivedKBytesPerSec" : 759.0203851557895,
    "sentKBytesPerSec" : 3.8211740062953634
  },
  "Login-1" : {
    "transaction" : "Login-1",
    "sampleCount" : 2985,
    "errorCount" : 13,
    "errorPct" : 0.43551087,
    "meanResTime" : 38835.01507537681,
    "medianResTime" : 42712.0,
    "minResTime" : 1.0,
    "maxResTime" : 58363.0,
    "pct1ResTime" : 51025.4,
    "pct2ResTime" : 52518.5,
    "pct3ResTime" : 55186.939999999995,
    "throughput" : 12.63048325879162,
    "receivedKBytesPerSec" : 41.44505002607549,
    "sentKBytesPerSec" : 7.716018519155175
  },
  "Logout-1" : {
    "transaction" : "Logout-1",
    "sampleCount" : 2147,
    "errorCount" : 46,
    "errorPct" : 2.1425245,
    "meanResTime" : 30122.48253376806,
    "medianResTime" : 33014.0,
    "minResTime" : 0.0,
    "maxResTime" : 56360.0,
    "pct1ResTime" : 49670.4,
    "pct2ResTime" : 50377.6,
    "pct3ResTime" : 52325.28,
    "throughput" : 8.332524789940427,
    "receivedKBytesPerSec" : 22.099601984408046,
    "sentKBytesPerSec" : 4.124776538819785
  },
  "Login-2" : {
    "transaction" : "Login-2",
    "sampleCount" : 2972,
    "errorCount" : 779,
    "errorPct" : 26.211306,
    "meanResTime" : 16688.25403768504,
    "medianResTime" : 112.0,
    "minResTime" : 0.0,
    "maxResTime" : 53840.0,
    "pct1ResTime" : 49079.50000000001,
    "pct2ResTime" : 51126.09999999999,
    "pct3ResTime" : 52486.78,
    "throughput" : 11.649922190122654,
    "receivedKBytesPerSec" : 587.3573472821911,
    "sentKBytesPerSec" : 5.296506683172683
  },
  "Logout-0" : {
    "transaction" : "Logout-0",
    "sampleCount" : 2147,
    "errorCount" : 0,
    "errorPct" : 0.0,
    "meanResTime" : 9415.565440149046,
    "medianResTime" : 2064.0,
    "minResTime" : 19.0,
    "maxResTime" : 63031.0,
    "pct1ResTime" : 41225.200000000004,
    "pct2ResTime" : 49547.8,
    "pct3ResTime" : 53693.28,
    "throughput" : 8.513557453625499,
    "receivedKBytesPerSec" : 3.7579374697643804,
    "sentKBytesPerSec" : 4.805504109565955
  },
  "Login-3" : {
    "transaction" : "Login-3",
    "sampleCount" : 2972,
    "errorCount" : 1112,
    "errorPct" : 37.415882,
    "meanResTime" : 25300.323014804795,
    "medianResTime" : 32388.0,
    "minResTime" : 0.0,
    "maxResTime" : 66223.0,
    "pct1ResTime" : 50298.0,
    "pct2ResTime" : 51967.4,
    "pct3ResTime" : 54371.78,
    "throughput" : 11.597550934398914,
    "receivedKBytesPerSec" : 550.8468683722357,
    "sentKBytesPerSec" : 4.600564707466216
  },
  "Login-4" : {
    "transaction" : "Login-4",
    "sampleCount" : 2972,
    "errorCount" : 1141,
    "errorPct" : 38.391655,
    "meanResTime" : 24847.34017496633,
    "medianResTime" : 31861.0,
    "minResTime" : 0.0,
    "maxResTime" : 71655.0,
    "pct1ResTime" : 50258.0,
    "pct2ResTime" : 51897.75,
    "pct3ResTime" : 53912.77,
    "throughput" : 11.660251958741854,
    "receivedKBytesPerSec" : 560.797074049662,
    "sentKBytesPerSec" : 4.605069409297599
  },
  "Login-5" : {
    "transaction" : "Login-5",
    "sampleCount" : 999,
    "errorCount" : 394,
    "errorPct" : 39.439438,
    "meanResTime" : 23299.981981981982,
    "medianResTime" : 27115.0,
    "minResTime" : 0.0,
    "maxResTime" : 66600.0,
    "pct1ResTime" : 50259.0,
    "pct2ResTime" : 52113.0,
    "pct3ResTime" : 58845.0,
    "throughput" : 4.519053305829986,
    "receivedKBytesPerSec" : 62.280690454743876,
    "sentKBytesPerSec" : 1.7238406143130496
  },
  "Login-6" : {
    "transaction" : "Login-6",
    "sampleCount" : 999,
    "errorCount" : 408,
    "errorPct" : 40.84084,
    "meanResTime" : 22809.379379379363,
    "medianResTime" : 25312.0,
    "minResTime" : 0.0,
    "maxResTime" : 65749.0,
    "pct1ResTime" : 50230.0,
    "pct2ResTime" : 52051.0,
    "pct3ResTime" : 60014.0,
    "throughput" : 4.519298626567505,
    "receivedKBytesPerSec" : 231.58679239641577,
    "sentKBytesPerSec" : 1.6631541659315456
  },
  "Logout-4" : {
    "transaction" : "Logout-4",
    "sampleCount" : 2101,
    "errorCount" : 554,
    "errorPct" : 26.368397,
    "meanResTime" : 17428.224178962406,
    "medianResTime" : 10438.0,
    "minResTime" : 1.0,
    "maxResTime" : 64380.0,
    "pct1ResTime" : 43914.99999999999,
    "pct2ResTime" : 49848.2,
    "pct3ResTime" : 52633.96,
    "throughput" : 8.480494056388624,
    "receivedKBytesPerSec" : 234.58788112524974,
    "sentKBytesPerSec" : 3.750253063886254
  },
  "Login-7" : {
    "transaction" : "Login-7",
    "sampleCount" : 999,
    "errorCount" : 410,
    "errorPct" : 41.041042,
    "meanResTime" : 22859.903903903927,
    "medianResTime" : 25380.0,
    "minResTime" : 0.0,
    "maxResTime" : 86921.0,
    "pct1ResTime" : 50013.0,
    "pct2ResTime" : 52059.0,
    "pct3ResTime" : 59172.0,
    "throughput" : 4.507349822683836,
    "receivedKBytesPerSec" : 23.14404393368917,
    "sentKBytesPerSec" : 1.6583338808665482
  },
  "Logout-3" : {
    "transaction" : "Logout-3",
    "sampleCount" : 2101,
    "errorCount" : 565,
    "errorPct" : 26.891956,
    "meanResTime" : 17208.433603046145,
    "medianResTime" : 10194.0,
    "minResTime" : 0.0,
    "maxResTime" : 64752.0,
    "pct1ResTime" : 43913.6,
    "pct2ResTime" : 49590.799999999996,
    "pct3ResTime" : 52462.38,
    "throughput" : 8.479433036290843,
    "receivedKBytesPerSec" : 533.6153428714342,
    "sentKBytesPerSec" : 3.67469004261914
  },
  "Login-8" : {
    "transaction" : "Login-8",
    "sampleCount" : 999,
    "errorCount" : 486,
    "errorPct" : 48.648647,
    "meanResTime" : 20756.47947947948,
    "medianResTime" : 17820.0,
    "minResTime" : 0.0,
    "maxResTime" : 86900.0,
    "pct1ResTime" : 49648.0,
    "pct2ResTime" : 51716.0,