{
  "Login-0" : {
    "transaction" : "Login-0",
    "sampleCount" : 267,
    "errorCount" : 0,
    "errorPct" : 0.0,
    "meanResTime" : 7172.632958801499,
    "medianResTime" : 4781.0,
    "minResTime" : 732.0,
    "maxResTime" : 33760.0,
    "pct1ResTime" : 17775.600000000002,
    "pct2ResTime" : 22198.8,
    "pct3ResTime" : 30561.839999999986,
    "throughput" : 2.0649172873019186,
    "receivedKBytesPerSec" : 1.256292451161226,
    "sentKBytesPerSec" : 1.6353983593768127
  },
  "Login-1" : {
    "transaction" : "Login-1",
    "sampleCount" : 267,
    "errorCount" : 49,
    "errorPct" : 18.35206,
    "meanResTime" : 13080.344569288383,
    "medianResTime" : 2880.0,
    "minResTime" : 12.0,
    "maxResTime" : 47710.0,
    "pct1ResTime" : 37317.00000000002,
    "pct2ResTime" : 41366.799999999996,
    "pct3ResTime" : 46653.08,
    "throughput" : 1.8608087200144963,
    "receivedKBytesPerSec" : 95.82251545882527,
    "sentKBytesPerSec" : 1.241144878681544
  },
  "Login-2" : {
    "transaction" : "Login-2",
    "sampleCount" : 218,
    "errorCount" : 1,
    "errorPct" : 0.4587156,
    "meanResTime" : 244.0688073394497,
    "medianResTime" : 181.0,
    "minResTime" : 78.0,
    "maxResTime" : 708.0,
    "pct1ResTime" : 482.5,
    "pct2ResTime" : 546.3,
    "pct3ResTime" : 661.86,
    "throughput" : 1.6324818966743797,
    "receivedKBytesPerSec" : 9.73014993513131,
    "sentKBytesPerSec" : 0.9346886139067988
  },
  "Login-3" : {
    "transaction" : "Login-3",
    "sampleCount" : 218,
    "errorCount" : 49,
    "errorPct" : 22.477064,
    "meanResTime" : 2109.0183486238543,
    "medianResTime" : 1390.0,
    "minResTime" : 3.0,
    "maxResTime" : 18340.0,
    "pct1ResTime" : 4605.0,
    "pct2ResTime" : 4710.9,
    "pct3ResTime" : 16032.040000000003,
    "throughput" : 1.6013163113899131,
    "receivedKBytesPerSec" : 68.13744658453187,
    "sentKBytesPerSec" : 0.8546661406991435
  },
  "Welcome-3" : {
    "transaction" : "Welcome-3",
    "sampleCount" : 434,
    "errorCount" : 76,
    "errorPct" : 17.51152,
    "meanResTime" : 2819.214285714286,
    "medianResTime" : 1594.5,
    "minResTime" : 3.0,
    "maxResTime" : 24720.0,
    "pct1ResTime" : 6254.5,
    "pct2ResTime" : 10064.0,
    "pct3ResTime" : 17380.84999999996,
    "throughput" : 4.432053756522983,
    "receivedKBytesPerSec" : 210.48974305704482,
    "sentKBytesPerSec" : 2.1992726427907643
  },
  "Login-4" : {
    "transaction" : "Login-4",
    "sampleCount" : 218,
    "errorCount" : 62,
    "errorPct" : 28.440367,
    "meanResTime" : 2611.376146788991,
    "medianResTime" : 1966.5,
    "minResTime" : 5.0,
    "maxResTime" : 22996.0,
    "pct1ResTime" : 4664.4,
    "pct2ResTime" : 6440.649999999998,
    "pct3ResTime" : 15119.900000000001,
    "throughput" : 1.6059168459203819,
    "receivedKBytesPerSec" : 176.38743987020067,
    "sentKBytesPerSec" : 0.7979226673689483
  },
  "Save Poll-0" : {
    "transaction" : "Save Poll-0",
    "sampleCount" : 781,
    "errorCount" : 0,
    "errorPct" : 0.0,
    "meanResTime" : 4741.436619718299,
    "medianResTime" : 3408.0,
    "minResTime" : 3.0,
    "maxResTime" : 31954.0,
    "pct1ResTime" : 10399.800000000007,
    "pct2ResTime" : 12071.999999999998,
    "pct3ResTime" : 17780.15999999999,
    "throughput" : 3.7677593651253103,
    "receivedKBytesPerSec" : 1.1627069915816388,
    "sentKBytesPerSec" : 3.057158622186844
  },
  "Login-5" : {
    "transaction" : "Login-5",
    "sampleCount" : 218,
    "errorCount" : 83,
    "errorPct" : 38.073395,
    "meanResTime" : 2693.4357798165156,
    "medianResTime" : 2939.5,
    "minResTime" : 2.0,
    "maxResTime" : 14865.0,
    "pct1ResTime" : 4638.2,
    "pct2ResTime" : 4949.2,
    "pct3ResTime" : 8785.980000000001,
    "throughput" : 1.601681030365815,
    "receivedKBytesPerSec" : 22.676652720837282,
    "sentKBytesPerSec" : 0.6915945496925213
  },
  "Show New Poll Form-0" : {
    "transaction" : "Show New Poll Form-0",
    "sampleCount" : 855,
    "errorCount" : 0,
    "errorPct" : 0.0,
    "meanResTime" : 8740.270175438623,
    "medianResTime" : 7540.0,
    "minResTime" : 1.0,
    "maxResTime" : 37498.0,
    "pct1ResTime" : 23676.999999999996,
    "pct2ResTime" : 27881.39999999998,
    "pct3ResTime" : 34064.439999999995,
    "throughput" : 4.145153079776016,
    "receivedKBytesPerSec" : 1.1901123100138173,
    "sentKBytesPerSec" : 2.4377488455385063
  },
  "Login-6" : {
    "transaction" : "Login-6",
    "sampleCount" : 218,
    "errorCount" : 87,
    "errorPct" : 39.908257,
    "meanResTime" : 2942.1376146789003,
    "medianResTime" : 3175.5,
    "minResTime" : 4.0,
    "maxResTime" : 20027.0,
    "pct1ResTime" : 4694.6,
    "pct2ResTime" : 5800.899999999997,
    "pct3ResTime" : 14781.050000000001,
    "throughput" : 1.6016692626443707,
    "receivedKBytesPerSec" : 20.550036838852236,
    "sentKBytesPerSec" : 0.6651571041011549
  },
  "Show New Poll Form-1" : {
    "transaction" : "Show New Poll Form-1",
    "sampleCount" : 855,
    "errorCount" : 56,
    "errorPct" : 6.5497074,
    "meanResTime" : 7695.326315789468,
    "medianResTime" : 6461.0,
    "minResTime" : 3.0,
    "maxResTime" : 82057.0,
    "pct1ResTime" : 17489.399999999998,
    "pct2ResTime" : 22573.999999999996,
    "pct3ResTime" : 30561.599999999988,
    "throughput" : 4.122965641952984,
    "receivedKBytesPerSec" : 71.8985599382158,
    "sentKBytesPerSec" : 2.4256988396624473
  },
  "Save Poll-2" : {
    "transaction" : "Save Poll-2",
    "sampleCount" : 59,
    "errorCount" : 0,
    "errorPct" : 0.0,
    "meanResTime" : 1063.7796610169491,
    "medianResTime" : 248.0,
    "minResTime" : 53.0,
    "maxResTime" : 6581.0,
    "pct1ResTime" : 3411.0,
    "pct2ResTime" : 3684.0,
    "pct3ResTime" : 6581.0,
    "throughput" : 0.29178886355656003,
    "receivedKBytesPerSec" : 12.876646992040099,
    "sentKBytesPerSec" : 0.18421297063318184
  },
  "Show New Poll Form-2" : {
    "transaction" : "Show New Poll Form-2",
    "sampleCount" : 799,
    "errorCount" : 0,
    "errorPct" : 0.0,
    "meanResTime" : 7385.188986232797,
    "medianResTime" : 4898.0,
    "minResTime" : 7.0,
    "maxResTime" : 41062.0,
    "pct1ResTime" : 18743.0,
    "pct2ResTime" : 25767.0,
    "pct3ResTime" : 32178.0,
    "throughput" : 3.854838087151183,
    "receivedKBytesPerSec" : 148.30760388221756,
    "sentKBytesPerSec" : 2.164487703657513
  },
  "Save Poll-1" : {
    "transaction" : "Save Poll-1",
    "sampleCount" : 781,
    "errorCount" : 5,
    "errorPct" : 0.64020485,
    "meanResTime" : 18486.74519846348,
    "medianResTime" : 5971.0,
    "minResTime" : 7.0,
    "maxResTime" : 169329.0,
    "pct1ResTime" : 42199.600000000006,
    "pct2ResTime" : 60334.7,
    "pct3ResTime" : 162530.13999999998,
    "throughput" : 3.4829065546428346,
    "receivedKBytesPerSec" : 50.98752584447105,
    "sentKBytesPerSec" : 2.23080586391468
  },
  "Login-7" : {
    "transaction" : "Login-7",
    "sampleCount" : 81,
    "errorCount" : 43,
    "errorPct" : 53.08642,
    "meanResTime" : 4294.925925925927,
    "medianResTime" : 4009.0,
    "minResTime" : 25.0,
    "maxResTime" : 22824.0,
    "pct1ResTime" : 6096.199999999999,
    "pct2ResTime" : 14873.199999999993,
    "pct3ResTime" : 22824.0,
    "throughput" : 0.6607067114750889,
    "receivedKBytesPerSec" : 11.731853570365264,
    "sentKBytesPerSec" : 0.21447637208799633
  },
  "Polls-0" : {
    "transaction" : "Polls-0",
    "sampleCount" : 664,
    "errorCount" : 0,
    "errorPct" : 0.0,
    "meanResTime" : 34134.3388554217,
    "medianResTime" : 15913.5,
    "minResTime" : 2.0,
    "maxResTime" : 169159.0,
    "pct1ResTime" : 150618.0,
    "pct2ResTime" : 162670.25,
    "pct3ResTime" : 168323.2,
    "throughput" : 3.236687659640845,
    "receivedKBytesPerSec" : 18.067624882401972,
    "sentKBytesPerSec" : 1.7905327799929807
  },
  "Polls-2" : {
    "transaction" : "Polls-2",
    "sampleCount" : 472,
    "errorCount" : 8,
    "errorPct" : 1.6949153,
    "meanResTime" : 487.3156779661019,
    "medianResTime" : 136.0,
    "minResTime" : 3.0,