{
  "Save Poll" : {
    "transaction" : "Save Poll",
    "sampleCount" : 5000,
    "errorCount" : 4126,
    "errorPct" : 82.52,
    "meanResTime" : 42818.017200000024,
    "medianResTime" : 4085.0,
    "minResTime" : 1822.0,
    "maxResTime" : 575623.0,
    "pct1ResTime" : 116688.5,
    "pct2ResTime" : 182332.75,
    "pct3ResTime" : 484671.21999999863,
    "throughput" : 7.423453063733314,
    "receivedKBytesPerSec" : 634.2040958716692,
    "sentKBytesPerSec" : 7.9541545633450665
  },
  "Polls" : {
    "transaction" : "Polls",
    "sampleCount" : 5000,
    "errorCount" : 4030,
    "errorPct" : 80.6,
    "meanResTime" : 262013.02139999982,
    "medianResTime" : 257677.5,
    "minResTime" : 391.0,
    "maxResTime" : 522325.0,
    "pct1ResTime" : 494793.0,
    "pct2ResTime" : 508313.7,
    "pct3ResTime" : 516747.20999999996,
    "throughput" : 8.963480985767784,
    "receivedKBytesPerSec" : 2484.755835898383,
    "sentKBytesPerSec" : 19.84370609294861
  },
  "Save Poll-0" : {
    "transaction" : "Save Poll-0",
    "sampleCount" : 1287,
    "errorCount" : 0,
    "errorPct" : 0.0,
    "meanResTime" : 52119.45143745141,
    "medianResTime" : 14965.0,
    "minResTime" : 91.0,
    "maxResTime" : 494517.0,
    "pct1ResTime" : 148770.4000000001,
    "pct2ResTime" : 306515.1999999989,
    "pct3ResTime" : 484005.87999999983,
    "throughput" : 2.033374516935308,
    "receivedKBytesPerSec" : 0.7423743765187112,
    "sentKBytesPerSec" : 1.6164818868514768
  },
  "Show New Poll Form-0" : {
    "transaction" : "Show New Poll Form-0",
    "sampleCount" : 1244,
    "errorCount" : 0,
    "errorPct" : 0.0,
    "meanResTime" : 54296.740353697765,
    "medianResTime" : 7722.0,
    "minResTime" : 23.0,
    "maxResTime" : 489921.0,
    "pct1ResTime" : 195315.0,
    "pct2ResTime" : 372935.0,
    "pct3ResTime" : 482023.55,
    "throughput" : 2.1732408366627824,
    "receivedKBytesPerSec" : 3.5866963026954126,
    "sentKBytesPerSec" : 1.1057211678723726
  },
  "Save Poll-2" : {
    "transaction" : "Save Poll-2",
    "sampleCount" : 1145,
    "errorCount" : 124,
    "errorPct" : 10.829695,
    "meanResTime" : 42122.44454148467,
    "medianResTime" : 39672.0,
    "minResTime" : 78.0,
    "maxResTime" : 488725.0,
    "pct1ResTime" : 60619.2,
    "pct2ResTime" : 61940.8,
    "pct3ResTime" : 336062.88,
    "throughput" : 1.7016811718266989,
    "receivedKBytesPerSec" : 92.52976421033819,
    "sentKBytesPerSec" : 0.9494352801048949
  },
  "Show New Poll Form-1" : {
    "transaction" : "Show New Poll Form-1",
    "sampleCount" : 31,
    "errorCount" : 0,
    "errorPct" : 0.0,
    "meanResTime" : 148.38709677419354,
    "medianResTime" : 123.0,
    "minResTime" : 70.0,
    "maxResTime" : 275.0,
    "pct1ResTime" : 267.8,
    "pct2ResTime" : 273.8,
    "pct3ResTime" : 275.0,
    "throughput" : 5.341144038594074,
    "receivedKBytesPerSec" : 740.9905210845968,
    "sentKBytesPerSec" : 2.894858341230186
  },
  "Save Poll-1" : {
    "transaction" : "Save Poll-1",
    "sampleCount" : 1287,
    "errorCount" : 142,
    "errorPct" : 11.033411,
    "meanResTime" : 58616.98679098686,
    "medianResTime" : 46207.0,
    "minResTime" : 66.0,
    "maxResTime" : 492490.0,
    "pct1ResTime" : 88338.40000000008,
    "pct2ResTime" : 223614.59999999963,
    "pct3ResTime" : 484820.79999999993,
    "throughput" : 1.9328909861498673,
    "receivedKBytesPerSec" : 70.30371031857032,
    "sentKBytesPerSec" : 1.0576833543092805
  },
  "Polls-0" : {
    "transaction" : "Polls-0",
    "sampleCount" : 4652,
    "errorCount" : 0,
    "errorPct" : 0.0,
    "meanResTime" : 214623.00300945813,
    "medianResTime" : 202676.0,
    "minResTime" : 4.0,
    "maxResTime" : 493412.0,
    "pct1ResTime" : 436721.5,
    "pct2ResTime" : 464939.54999999993,
    "pct3ResTime" : 486772.0,
    "throughput" : 8.415446650011848,
    "receivedKBytesPerSec" : 356.6976850257465,
    "sentKBytesPerSec" : 4.199505115386772
  },
  "Total" : {
    "transaction" : "Total",
    "sampleCount" : 67184,
    "errorCount" : 33569,
    "errorPct" : 49.965767,
    "meanResTime" : 58115.2504167662,
    "medianResTime" : 25972.5,
    "minResTime" : 0.0,
    "maxResTime" : 575623.0,
    "pct1ResTime" : 431065.2,
    "pct2ResTime" : 472505.05000000005,
    "pct3ResTime" : 510617.89,
    "throughput" : 98.74728637506743,
    "receivedKBytesPerSec" : 5348.39929027317,
    "sentKBytesPerSec" : 49.99617248209779
  },
  "Polls-2" : {
    "transaction" : "Polls-2",
    "sampleCount" : 4652,
    "errorCount" : 0,
    "errorPct" : 0.0,
    "meanResTime" : 375.0670679277748,
    "medianResTime" : 104.0,
    "minResTime" : 71.0,
    "maxResTime" : 7616.0,
    "pct1ResTime" : 451.6999999999998,
    "pct2ResTime" : 2259.549999999982,
    "pct3ResTime" : 5617.280000000006,
    "throughput" : 8.4162840260666,
    "receivedKBytesPerSec" : 50.25113333532342,
    "sentKBytesPerSec" : 4.438274779371058
  },
  "Show New Poll Form" : {
    "transaction" : "Show New Poll Form",
    "sampleCount" : 5000,
    "errorCount" : 3756,
    "errorPct" : 75.12,
    "meanResTime" : 17178.374399999993,
    "medianResTime" : 4082.0,
    "minResTime" : 23.0,
    "maxResTime" : 491759.0,
    "pct1ResTime" : 14463.800000000034,
    "pct2ResTime" : 36953.39999999995,
    "pct3ResTime" : 427611.97,
    "throughput" : 8.734890822599608,
    "receivedKBytesPerSec" : 29.17381540140317,
    "sentKBytesPerSec" : 1.1404065321915666
  },
  "Save Poll-8" : {
    "transaction" : "Save Poll-8",
    "sampleCount" : 31,
    "errorCount" : 0,
    "errorPct" : 0.0,
    "meanResTime" : 53765.87096774193,
    "medianResTime" : 57738.0,
    "minResTime" : 28202.0,
    "maxResTime" : 61564.0,
    "pct1ResTime" : 61247.6,
    "pct2ResTime" : 61563.4,
    "pct3ResTime" : 61564.0,
    "throughput" : 0.2776807388099141,
    "receivedKBytesPerSec" : 15.88366366704288,
    "sentKBytesPerSec" : 0.17355046175619632
  },
  "Polls-1" : {
    "transaction" : "Polls-1",
    "sampleCount" : 4652,
    "errorCount" : 0,
    "errorPct" : 0.0,
    "meanResTime" : 410.0616938951005,
    "medianResTime" : 103.0,
    "minResTime" : 69.0,
    "maxResTime" : 9072.0,
    "pct1ResTime" : 489.0,
    "pct2ResTime" : 2377.0499999999984,
    "pct3ResTime" : 6710.650000000024,
    "throughput" : 8.416436294162772,
    "receivedKBytesPerSec" : 1167.6275852877682,
    "sentKBytesPerSec" : 4.561642718027674
  },
  "Save Poll-7" : {
    "transaction" : "Save Poll-7",
    "sampleCount" : 1007,
    "errorCount" : 118,
    "errorPct" : 11.717974,
    "meanResTime" : 43181.18470705065,
    "medianResTime" : 43482.0,
    "minResTime" : 384.0,
    "maxResTime" : 495008.0,
    "pct1ResTime" : 61120.2,
    "pct2ResTime" : 62457.8,
    "pct3ResTime" : 276310.759999999,
    "throughput" : 1.4968212985630813,
    "receivedKBytesPerSec" : 73.78083634657804,
    "sentKBytesPerSec" : 0.8277031248374231
  },
  "Polls-4" : {
    "transaction" : "Polls-4",
    "sampleCount" : 4652,
    "errorCount" : 3421,
    "errorPct" : 73.53826,
    "meanResTime" : 31192.399398108304,
    "medianResTime" : 4082.0,
    "minResTime" : 3.0,
    "maxResTime" : 475329.0,
    "pct1ResTime" : 74062.5,
    "pct2ResTime" : 244469.19999999925,
    "pct3ResTime" : 454527.88,
    "throughput" : 8.367959994963394,
    "receivedKBytesPerSec" : 355.57981108233054,
    "sentKBytesPerSec" : 1.139589924203587
  },
  "Polls-3" : {
    "transaction" : "Polls-3",
    "sampleCount" : 4652,
    "errorCount" : 3387,
    "errorPct" : 72.807396,
    "meanResTime" : 34443.165520206414,
    "medianResTime" : 4083.0,
    "minResTime" : 2.0,
    "maxResTime" : 473016.0,
    "pct1ResTime" : 94417.89999999994,
    "pct2ResTime" : 276229.84999999945,
    "pct3ResTime" : 458310.42000000004,
    "throughput" : 8.36811051949921,