{
  "Login Welcome-1" : {
    "transaction" : "Login Welcome-1",
    "sampleCount" : 2467,
    "errorCount" : 67,
    "errorPct" : 2.7158492,
    "meanResTime" : 2.2950952573976524,
    "medianResTime" : 2.0,
    "minResTime" : 1.0,
    "maxResTime" : 55.0,
    "pct1ResTime" : 3.0,
    "pct2ResTime" : 3.0,
    "pct3ResTime" : 9.0,
    "throughput" : 41.313594801889,
    "receivedKBytesPerSec" : 4769.169908464723,
    "sentKBytesPerSec" : 21.62652393073651
  },
  "Login Welcome-0" : {
    "transaction" : "Login Welcome-0",
    "sampleCount" : 2467,
    "errorCount" : 0,
    "errorPct" : 0.0,
    "meanResTime" : 1.3749493311714645,
    "medianResTime" : 1.0,
    "minResTime" : 0.0,
    "maxResTime" : 55.0,
    "pct1ResTime" : 2.0,
    "pct2ResTime" : 3.0,
    "pct3ResTime" : 4.0,
    "throughput" : 41.25280090966858,
    "receivedKBytesPerSec" : 83.83503778615264,
    "sentKBytesPerSec" : 20.58611451644594
  },
  "Login" : {
    "transaction" : "Login",
    "sampleCount" : 3000,
    "errorCount" : 659,
    "errorPct" : 21.966667,
    "meanResTime" : 109.50566666666609,
    "medianResTime" : 90.0,
    "minResTime" : 2.0,
    "maxResTime" : 2267.0,
    "pct1ResTime" : 101.0,
    "pct2ResTime" : 106.0,
    "pct3ResTime" : 1689.9699999999993,
    "throughput" : 50.52886882705653,
    "receivedKBytesPerSec" : 15784.160179935407,
    "sentKBytesPerSec" : 240.70400399178064
  },
  "Login-0" : {
    "transaction" : "Login-0",
    "sampleCount" : 2570,
    "errorCount" : 0,
    "errorPct" : 0.0,
    "meanResTime" : 1.5856031128404655,
    "medianResTime" : 1.0,
    "minResTime" : 0.0,
    "maxResTime" : 223.0,
    "pct1ResTime" : 2.0,
    "pct2ResTime" : 3.0,
    "pct3ResTime" : 5.0,
    "throughput" : 43.3557703662466,
    "receivedKBytesPerSec" : 8.594942758152403,
    "sentKBytesPerSec" : 27.647771532381867
  },
  "Logout-2" : {
    "transaction" : "Logout-2",
    "sampleCount" : 187,
    "errorCount" : 82,
    "errorPct" : 43.850266,
    "meanResTime" : 2.721925133689838,
    "medianResTime" : 3.0,
    "minResTime" : 1.0,
    "maxResTime" : 18.0,
    "pct1ResTime" : 3.200000000000017,
    "pct2ResTime" : 5.0,
    "pct3ResTime" : 11.840000000000032,
    "throughput" : 16.499029468854772,
    "receivedKBytesPerSec" : 356.0012324642668,
    "sentKBytesPerSec" : 5.506368421342862
  },
  "Login-1" : {
    "transaction" : "Login-1",
    "sampleCount" : 2570,
    "errorCount" : 0,
    "errorPct" : 0.0,
    "meanResTime" : 1.3906614785992204,
    "medianResTime" : 1.0,
    "minResTime" : 0.0,
    "maxResTime" : 96.0,
    "pct1ResTime" : 2.0,
    "pct2ResTime" : 2.0,
    "pct3ResTime" : 3.0,
    "throughput" : 43.36089083853552,
    "receivedKBytesPerSec" : 210.6221396785895,
    "sentKBytesPerSec" : 28.413239992829425
  },
  "Logout-1" : {
    "transaction" : "Logout-1",
    "sampleCount" : 304,
    "errorCount" : 73,
    "errorPct" : 24.013159,
    "meanResTime" : 2.6513157894736845,
    "medianResTime" : 3.0,
    "minResTime" : 1.0,
    "maxResTime" : 11.0,
    "pct1ResTime" : 3.0,
    "pct2ResTime" : 3.75,
    "pct3ResTime" : 6.0,
    "throughput" : 5.321383559725529,
    "receivedKBytesPerSec" : 410.8949625730815,
    "sentKBytesPerSec" : 2.4986550213993137
  },
  "Login-2" : {
    "transaction" : "Login-2",
    "sampleCount" : 2570,
    "errorCount" : 24,
    "errorPct" : 0.93385214,
    "meanResTime" : 123.05097276264618,
    "medianResTime" : 88.0,
    "minResTime" : 3.0,
    "maxResTime" : 2183.0,
    "pct1ResTime" : 99.0,
    "pct2ResTime" : 104.44999999999982,
    "pct3ResTime" : 1699.29,
    "throughput" : 43.29733645568341,
    "receivedKBytesPerSec" : 257.19830064272116,
    "sentKBytesPerSec" : 24.67185446745961
  },
  "Logout-0" : {
    "transaction" : "Logout-0",
    "sampleCount" : 2654,
    "errorCount" : 0,
    "errorPct" : 0.0,
    "meanResTime" : 1.640919366993217,
    "medianResTime" : 1.0,
    "minResTime" : 1.0,
    "maxResTime" : 99.0,
    "pct1ResTime" : 2.0,
    "pct2ResTime" : 3.0,
    "pct3ResTime" : 4.0,
    "throughput" : 46.02285535921757,
    "receivedKBytesPerSec" : 93.52886914309744,
    "sentKBytesPerSec" : 27.407118943676625
  },
  "Login-3" : {
    "transaction" : "Login-3",
    "sampleCount" : 2570,
    "errorCount" : 162,
    "errorPct" : 6.303502,
    "meanResTime" : 4.552918287937753,
    "medianResTime" : 4.0,
    "minResTime" : 2.0,
    "maxResTime" : 148.0,
    "pct1ResTime" : 5.0,
    "pct2ResTime" : 7.0,
    "pct3ResTime" : 27.579999999999927,
    "throughput" : 43.359427723039545,
    "receivedKBytesPerSec" : 2202.816800881951,
    "sentKBytesPerSec" : 26.621312550614117
  },
  "Login-4" : {
    "transaction" : "Login-4",
    "sampleCount" : 2570,
    "errorCount" : 158,
    "errorPct" : 6.14786,
    "meanResTime" : 4.7715953307392915,
    "medianResTime" : 4.0,
    "minResTime" : 1.0,
    "maxResTime" : 242.0,
    "pct1ResTime" : 5.0,
    "pct2ResTime" : 7.0,
    "pct3ResTime" : 20.579999999999927,
    "throughput" : 43.3652807775378,
    "receivedKBytesPerSec" : 6206.862941931442,
    "sentKBytesPerSec" : 26.907605692325863
  },
  "Login-5" : {
    "transaction" : "Login-5",
    "sampleCount" : 2570,
    "errorCount" : 161,
    "errorPct" : 6.264591,
    "meanResTime" : 4.680155642023344,
    "medianResTime" : 4.0,
    "minResTime" : 2.0,
    "maxResTime" : 247.0,
    "pct1ResTime" : 5.0,
    "pct2ResTime" : 7.0,
    "pct3ResTime" : 26.289999999999964,
    "throughput" : 43.362354052777214,
    "receivedKBytesPerSec" : 864.0126667742289,
    "sentKBytesPerSec" : 26.99140451002227
  },
  "Login-6" : {
    "transaction" : "Login-6",
    "sampleCount" : 2570,
    "errorCount" : 162,
    "errorPct" : 6.303502,
    "meanResTime" : 4.866536964980545,
    "medianResTime" : 4.0,
    "minResTime" : 2.0,
    "maxResTime" : 242.0,
    "pct1ResTime" : 5.0,
    "pct2ResTime" : 7.0,
    "pct3ResTime" : 28.0,
    "throughput" : 43.362354052777214,
    "receivedKBytesPerSec" : 3454.9261076276407,
    "sentKBytesPerSec" : 26.662785989066613
  },
  "Login-7" : {
    "transaction" : "Login-7",
    "sampleCount" : 2570,
    "errorCount" : 172,
    "errorPct" : 6.692607,
    "meanResTime" : 4.571206225680933,
    "medianResTime" : 4.0,
    "minResTime" : 2.0,
    "maxResTime" : 173.0,
    "pct1ResTime" : 5.0,
    "pct2ResTime" : 6.449999999999818,
    "pct3ResTime" : 28.289999999999964,
    "throughput" : 43.36454905930988,
    "receivedKBytesPerSec" : 288.3407681599595,
    "sentKBytesPerSec" : 26.632432190162827
  },
  "Login-8" : {
    "transaction" : "Login-8",
    "sampleCount" : 2570,
    "errorCount" : 184,
    "errorPct" : 7.159533,
    "meanResTime" : 3.92568093385214,
    "medianResTime" : 3.0,
    "minResTime" : 0.0,
    "maxResTime" : 232.0,
    "pct1ResTime" : 4.0,
    "pct2ResTime" : 5.0,
    "pct3ResTime" : 18.289999999999964,
    "throughput" : 43.37186735296599,
    "receivedKBytesPerSec" : 2301.015901875369,
    "sentKBytesPerSec" : 26.542953917390935
  },
  "Total" : {
    "transaction" : "Total",
    "sampleCount" : 42676,
    "errorCount" : 3105,
    "errorPct" : 7.275752,
    "meanResTime" : 17.845393195238476,
    "medianResTime" : 3.0,
    "minResTime" : 0.0,
    "maxResTime" : 2267.0,
    "pct1ResTime" : 81.0,
    "pct2ResTime" : 89.0,
    "pct3ResTime" : 97.0,
    "throughput" : 712.3827329482857,
    "receivedKBytesPerSec" : 45021.461308263155,
    "sentKBytesPerSec" : 664.20882298935
  },
  "Logout" : {
    "transaction" : "Logout",
    "sampleCount" : 3000,
    "errorCount" : 501,
    "errorPct" : 16.7,
    "meanResTime" : 2.0756666666666654,
    "medianResTime" : 2.0,
    "minResTime" : 1.0,
    "maxResTime" : 99.0,
    "pct1ResTime" : 4.0,
    "pct2ResTime" : 5.0,
    "pct3ResTime" : 7.0,
    "throughput" : 52.02011444425178,
    "receivedKBytesPerSec" : 585.2935140129183,
    "sentKBytesPerSec" : 30.963042689006414
  },
  "Login Welcome-2" : {
    "transaction" : "Login Welcome-2",
    "sampleCount" : 2467,
    "errorCount" : 50,
    "errorPct" : 2.0267532,
    "meanResTime" : 2.2111876773408983,