{
  "Registration-3" : {
    "transaction" : "Registration-3",
    "sampleCount" : 2981,
    "errorCount" : 6,
    "errorPct" : 0.20127474,
    "meanResTime" : 88546.76853404887,
    "medianResTime" : 85911.0,
    "minResTime" : 631.0,
    "maxResTime" : 306362.0,
    "pct1ResTime" : 111853.0,
    "pct2ResTime" : 119951.70000000001,
    "pct3ResTime" : 151178.13999999998,
    "throughput" : 4.735895578348013,
    "receivedKBytesPerSec" : 402.8364482525761,
    "sentKBytesPerSec" : 3.84462296230189
  },
  "Registration-2" : {
    "transaction" : "Registration-2",
    "sampleCount" : 2981,
    "errorCount" : 5,
    "errorPct" : 0.16772895,
    "meanResTime" : 88475.0801744378,
    "medianResTime" : 86690.0,
    "minResTime" : 360.0,
    "maxResTime" : 175564.0,
    "pct1ResTime" : 111844.20000000001,
    "pct2ResTime" : 120103.90000000002,
    "pct3ResTime" : 149766.3399999999,
    "throughput" : 4.736979265982736,
    "receivedKBytesPerSec" : 561.1128229684103,
    "sentKBytesPerSec" : 3.8849606693466114
  },
  "Registration-1" : {
    "transaction" : "Registration-1",
    "sampleCount" : 2986,
    "errorCount" : 5,
    "errorPct" : 0.16744809,
    "meanResTime" : 95080.03315472184,
    "medianResTime" : 95870.0,
    "minResTime" : 4592.0,
    "maxResTime" : 195056.0,
    "pct1ResTime" : 135159.30000000002,
    "pct2ResTime" : 148133.05000000002,
    "pct3ResTime" : 161943.06000000003,
    "throughput" : 4.716526639845962,
    "receivedKBytesPerSec" : 18.872150176790772,
    "sentKBytesPerSec" : 3.752984602973023
  },
  "Registration-0" : {
    "transaction" : "Registration-0",
    "sampleCount" : 2986,
    "errorCount" : 0,
    "errorPct" : 0.0,
    "meanResTime" : 102790.08975217697,
    "medianResTime" : 108686.5,
    "minResTime" : 1905.0,
    "maxResTime" : 185844.0,
    "pct1ResTime" : 141245.80000000002,
    "pct2ResTime" : 150024.65,
    "pct3ResTime" : 163296.16,
    "throughput" : 4.985241281671141,
    "receivedKBytesPerSec" : 2.3103214090736066,
    "sentKBytesPerSec" : 4.677651680682441
  },
  "Welcome-3" : {
    "transaction" : "Welcome-3",
    "sampleCount" : 2982,
    "errorCount" : 11,
    "errorPct" : 0.36887994,
    "meanResTime" : 84577.68846411823,
    "medianResTime" : 92287.0,
    "minResTime" : 405.0,
    "maxResTime" : 335431.0,
    "pct1ResTime" : 138355.80000000002,
    "pct2ResTime" : 149552.4,
    "pct3ResTime" : 159577.69,
    "throughput" : 8.474190944949019,
    "receivedKBytesPerSec" : 310.03372816624136,
    "sentKBytesPerSec" : 6.526621848820093
  },
  "Registration-5" : {
    "transaction" : "Registration-5",
    "sampleCount" : 4,
    "errorCount" : 0,
    "errorPct" : 0.0,
    "meanResTime" : 77462.5,
    "medianResTime" : 96023.0,
    "minResTime" : 4871.0,
    "maxResTime" : 112933.0,
    "pct1ResTime" : 112933.0,
    "pct2ResTime" : 112933.0,
    "pct3ResTime" : 112933.0,
    "throughput" : 0.022830659292363713,
    "receivedKBytesPerSec" : 0.8362620788456818,
    "sentKBytesPerSec" : 0.01870597963505191
  },
  "Registration-4" : {
    "transaction" : "Registration-4",
    "sampleCount" : 2981,
    "errorCount" : 4,
    "errorPct" : 0.13418315,
    "meanResTime" : 88420.4018785642,
    "medianResTime" : 85840.0,
    "minResTime" : 478.0,
    "maxResTime" : 174827.0,
    "pct1ResTime" : 111697.2,
    "pct2ResTime" : 118705.80000000002,
    "pct3ResTime" : 148882.18,
    "throughput" : 4.73984891632203,
    "receivedKBytesPerSec" : 173.75122332145588,
    "sentKBytesPerSec" : 3.880873346677574
  },
  "Registration" : {
    "transaction" : "Registration",
    "sampleCount" : 3000,
    "errorCount" : 56,
    "errorPct" : 1.8666667,
    "meanResTime" : 290098.37733333383,
    "medianResTime" : 287784.5,
    "minResTime" : 117.0,
    "maxResTime" : 570972.0,
    "pct1ResTime" : 363036.7,
    "pct2ResTime" : 372117.3,
    "pct3ResTime" : 388301.0499999999,
    "throughput" : 4.70021997029461,
    "receivedKBytesPerSec" : 1143.0303039093687,
    "sentKBytesPerSec" : 19.573576460044997
  },
  "Total" : {
    "transaction" : "Total",
    "sampleCount" : 32847,
    "errorCount" : 153,
    "errorPct" : 0.46579596,
    "meanResTime" : 107744.03823789103,
    "medianResTime" : 103548.0,
    "minResTime" : 117.0,
    "maxResTime" : 570972.0,
    "pct1ResTime" : 261057.9,
    "pct2ResTime" : 326242.95000000007,
    "pct3ResTime" : 368915.99,
    "throughput" : 51.23249981283222,
    "receivedKBytesPerSec" : 4547.822221574771,
    "sentKBytesPerSec" : 65.23314610219205
  },
  "Welcome" : {
    "transaction" : "Welcome",
    "sampleCount" : 3000,
    "errorCount" : 41,
    "errorPct" : 1.3666667,
    "meanResTime" : 133422.77033333312,
    "medianResTime" : 136929.5,
    "minResTime" : 2123.0,
    "maxResTime" : 454425.0,
    "pct1ResTime" : 231718.0,
    "pct2ResTime" : 250004.44999999998,
    "pct3ResTime" : 270010.39999999997,
    "throughput" : 5.958280122581684,
    "receivedKBytesPerSec" : 1446.7698561391885,
    "sentKBytesPerSec" : 16.728453307441296
  },
  "Welcome-0" : {
    "transaction" : "Welcome-0",
    "sampleCount" : 2982,
    "errorCount" : 0,
    "errorPct" : 0.0,
    "meanResTime" : 43747.659624413245,
    "medianResTime" : 40036.5,
    "minResTime" : 453.0,
    "maxResTime" : 128933.0,
    "pct1ResTime" : 88636.7,
    "pct2ResTime" : 95031.5,
    "pct3ResTime" : 103682.92000000001,
    "throughput" : 15.865415309966162,
    "receivedKBytesPerSec" : 68.55999646360053,
    "sentKBytesPerSec" : 8.196098338839942
  },
  "Welcome-1" : {
    "transaction" : "Welcome-1",
    "sampleCount" : 2982,
    "errorCount" : 10,
    "errorPct" : 0.33534542,
    "meanResTime" : 84304.43058350107,
    "medianResTime" : 91772.5,
    "minResTime" : 452.0,
    "maxResTime" : 375425.0,
    "pct1ResTime" : 137195.5,
    "pct2ResTime" : 149323.65,
    "pct3ResTime" : 159998.71000000002,
    "throughput" : 6.413510095578936,
    "receivedKBytesPerSec" : 760.0820464900173,
    "sentKBytesPerSec" : 4.963557707611042
  },
  "Welcome-2" : {
    "transaction" : "Welcome-2",
    "sampleCount" : 2982,
    "errorCount" : 15,
    "errorPct" : 0.5030181,
    "meanResTime" : 84510.2598926895,
    "medianResTime" : 91727.5,
    "minResTime" : 449.0,
    "maxResTime" : 394508.0,
    "pct1ResTime" : 136957.6,
    "pct2ResTime" : 149397.5,
    "pct3ResTime" : 162445.09000000003,
    "throughput" : 5.939316201865049,
    "receivedKBytesPerSec" : 503.7942739661467,
    "sentKBytesPerSec" : 4.532600014340401
  }
}