{
  "Save Poll-0" : {
    "transaction" : "Save Poll-0",
    "sampleCount" : 2288,
    "errorCount" : 0,
    "errorPct" : 0.0,
    "meanResTime" : 72.81381118881119,
    "medianResTime" : 17.0,
    "minResTime" : 3.0,
    "maxResTime" : 1458.0,
    "pct1ResTime" : 182.0,
    "pct2ResTime" : 363.5499999999997,
    "pct3ResTime" : 920.4400000000005,
    "throughput" : 39.20560667591974,
    "receivedKBytesPerSec" : 14.421026400169639,
    "sentKBytesPerSec" : 31.07307449900615
  },
  "Show New Poll Form-0" : {
    "transaction" : "Show New Poll Form-0",
    "sampleCount" : 2001,
    "errorCount" : 0,
    "errorPct" : 0.0,
    "meanResTime" : 44.79310344827588,
    "medianResTime" : 9.0,
    "minResTime" : 1.0,
    "maxResTime" : 1460.0,
    "pct1ResTime" : 86.79999999999995,
    "pct2ResTime" : 181.89999999999986,
    "pct3ResTime" : 1154.2800000000034,
    "throughput" : 34.360189573459714,
    "receivedKBytesPerSec" : 56.707734745260666,
    "sentKBytesPerSec" : 17.482088640402843
  },
  "Save Poll-2" : {
    "transaction" : "Save Poll-2",
    "sampleCount" : 2288,
    "errorCount" : 362,
    "errorPct" : 15.821678,
    "meanResTime" : 68.1241258741258,
    "medianResTime" : 20.0,
    "minResTime" : 2.0,
    "maxResTime" : 1030.0,
    "pct1ResTime" : 171.0,
    "pct2ResTime" : 241.09999999999945,
    "pct3ResTime" : 546.1100000000001,
    "throughput" : 39.40275888198116,
    "receivedKBytesPerSec" : 1738.9907281136445,
    "sentKBytesPerSec" : 20.30868907361324
  },
  "Show New Poll Form-1" : {
    "transaction" : "Show New Poll Form-1",
    "sampleCount" : 553,
    "errorCount" : 77,
    "errorPct" : 13.92405,
    "meanResTime" : 168.69077757685346,
    "medianResTime" : 126.0,
    "minResTime" : 2.0,
    "maxResTime" : 1263.0,
    "pct1ResTime" : 242.0,
    "pct2ResTime" : 765.6999999999991,
    "pct3ResTime" : 956.7200000000012,
    "throughput" : 9.961092297715973,
    "receivedKBytesPerSec" : 1193.2644206737698,
    "sentKBytesPerSec" : 4.647097796130845
  },
  "Save Poll-1" : {
    "transaction" : "Save Poll-1",
    "sampleCount" : 2288,
    "errorCount" : 0,
    "errorPct" : 0.0,
    "meanResTime" : 85.64903846153838,
    "medianResTime" : 30.0,
    "minResTime" : 3.0,
    "maxResTime" : 1900.0,
    "pct1ResTime" : 199.0,
    "pct2ResTime" : 361.29999999999836,
    "pct3ResTime" : 815.2200000000003,
    "throughput" : 39.15729664048193,
    "receivedKBytesPerSec" : 1587.102820126517,
    "sentKBytesPerSec" : 23.937956735294623
  },
  "Polls-0" : {
    "transaction" : "Polls-0",
    "sampleCount" : 1548,
    "errorCount" : 0,
    "errorPct" : 0.0,
    "meanResTime" : 81.9618863049095,
    "medianResTime" : 22.0,
    "minResTime" : 3.0,
    "maxResTime" : 1372.0,
    "pct1ResTime" : 130.10000000000014,
    "pct2ResTime" : 455.59999999999945,
    "pct3ResTime" : 1070.08,
    "throughput" : 25.190802427950725,
    "receivedKBytesPerSec" : 1081.7081076284358,
    "sentKBytesPerSec" : 12.570800820979317
  },
  "Polls-2" : {
    "transaction" : "Polls-2",
    "sampleCount" : 1548,
    "errorCount" : 78,
    "errorPct" : 5.0387597,
    "meanResTime" : 423.54328165374676,
    "medianResTime" : 148.0,
    "minResTime" : 4.0,
    "maxResTime" : 5040.0,
    "pct1ResTime" : 802.1000000000001,
    "pct2ResTime" : 3049.7999999999993,
    "pct3ResTime" : 4289.26,
    "throughput" : 24.764037753959368,
    "receivedKBytesPerSec" : 143.83159631958887,
    "sentKBytesPerSec" : 12.401140817469205
  },
  "Save Poll-8" : {
    "transaction" : "Save Poll-8",
    "sampleCount" : 546,
    "errorCount" : 276,
    "errorPct" : 50.54945,
    "meanResTime" : 26.093406593406577,
    "medianResTime" : 12.0,
    "minResTime" : 2.0,
    "maxResTime" : 1232.0,
    "pct1ResTime" : 42.0,
    "pct2ResTime" : 82.94999999999993,
    "pct3ResTime" : 270.38999999999555,
    "throughput" : 9.886110557859096,
    "receivedKBytesPerSec" : 267.19060496976226,
    "sentKBytesPerSec" : 3.0549648961596265
  },
  "Polls-1" : {
    "transaction" : "Polls-1",
    "sampleCount" : 1548,
    "errorCount" : 100,
    "errorPct" : 6.4599485,
    "meanResTime" : 438.2842377260973,
    "medianResTime" : 144.0,
    "minResTime" : 3.0,
    "maxResTime" : 5787.0,
    "pct1ResTime" : 862.700000000001,
    "pct2ResTime" : 2889.2999999999997,
    "pct3ResTime" : 4499.0599999999995,
    "throughput" : 24.764830101746977,
    "receivedKBytesPerSec" : 3218.0592446666824,
    "sentKBytesPerSec" : 12.55526792570551
  },
  "Save Poll-7" : {
    "transaction" : "Save Poll-7",
    "sampleCount" : 2001,
    "errorCount" : 789,
    "errorPct" : 39.430286,
    "meanResTime" : 44.032983508245884,
    "medianResTime" : 14.0,
    "minResTime" : 2.0,
    "maxResTime" : 1529.0,
    "pct1ResTime" : 78.59999999999991,
    "pct2ResTime" : 200.6999999999996,
    "pct3ResTime" : 595.6200000000003,
    "throughput" : 34.45959909072122,
    "receivedKBytesPerSec" : 1024.1888248206844,
    "sentKBytesPerSec" : 13.039315839834332
  },
  "Polls-4" : {
    "transaction" : "Polls-4",
    "sampleCount" : 1548,
    "errorCount" : 353,
    "errorPct" : 22.803617,
    "meanResTime" : 20.418604651162795,
    "medianResTime" : 8.0,
    "minResTime" : 3.0,
    "maxResTime" : 1304.0,
    "pct1ResTime" : 27.0,
    "pct2ResTime" : 49.0,
    "pct3ResTime" : 346.51,
    "throughput" : 25.00201889687475,
    "receivedKBytesPerSec" : 2959.7050896390215,
    "sentKBytesPerSec" : 9.933051486917549
  },
  "Polls-3" : {
    "transaction" : "Polls-3",
    "sampleCount" : 1548,
    "errorCount" : 295,
    "errorPct" : 19.056847,
    "meanResTime" : 16.582041343669243,
    "medianResTime" : 6.0,
    "minResTime" : 2.0,
    "maxResTime" : 579.0,
    "pct1ResTime" : 23.100000000000136,
    "pct2ResTime" : 45.09999999999991,
    "pct3ResTime" : 261.15999999999985,
    "throughput" : 25.089954293494117,
    "receivedKBytesPerSec" : 1115.0146175726927,
    "sentKBytesPerSec" : 10.332793531597458
  },
  "Save Poll-9" : {
    "transaction" : "Save Poll-9",
    "sampleCount" : 62,
    "errorCount" : 40,
    "errorPct" : 64.51613,
    "meanResTime" : 17.564516129032256,
    "medianResTime" : 10.0,
    "minResTime" : 2.0,
    "maxResTime" : 168.0,
    "pct1ResTime" : 32.10000000000001,
    "pct2ResTime" : 47.049999999999926,
    "pct3ResTime" : 168.0,
    "throughput" : 1.2263628451618007,
    "receivedKBytesPerSec" : 26.93385490841839,
    "sentKBytesPerSec" : 0.2719756309834639
  },
  "Polls-6" : {
    "transaction" : "Polls-6",
    "sampleCount" : 1548,
    "errorCount" : 385,
    "errorPct" : 24.870802,
    "meanResTime" : 20.591731266149853,
    "medianResTime" : 8.0,
    "minResTime" : 2.0,
    "maxResTime" : 1514.0,
    "pct1ResTime" : 30.0,
    "pct2ResTime" : 51.549999999999955,
    "pct3ResTime" : 312.66999999999985,
    "throughput" : 25.006865580020353,
    "receivedKBytesPerSec" : 1615.18819955717,
    "sentKBytesPerSec" : 9.577200165985493
  },
  "Save Poll-4" : {
    "transaction" : "Save Poll-4",
    "sampleCount" : 2288,
    "errorCount" : 613,
    "errorPct" : 26.791958,
    "meanResTime" : 40.590909090909086,
    "medianResTime" : 14.0,
    "minResTime" : 3.0,
    "maxResTime" : 1102.0,
    "pct1ResTime" : 76.09999999999991,
    "pct2ResTime" : 175.0,
    "pct3ResTime" : 502.1100000000001,
    "throughput" : 39.4047947092863,
    "receivedKBytesPerSec" : 1435.2029993304802,
    "sentKBytesPerSec" : 18.198719166566203
  },
  "Polls-5" : {
    "transaction" : "Polls-5",
    "sampleCount" : 1548,
    "errorCount" : 368,
    "errorPct" : 23.77261,
    "meanResTime" : 17.22674418604651,
    "medianResTime" : 6.0,
    "minResTime" : 1.0,
    "maxResTime" : 632.0,
    "pct1ResTime" : 25.0,
    "pct2ResTime" : 46.0,
    "pct3ResTime" : 283.51,
    "throughput" : 24.99596318424027,