{
  "Login Welcome-1" : {
    "transaction" : "Login Welcome-1",
    "sampleCount" : 911,
    "errorCount" : 35,
    "errorPct" : 3.841932,
    "meanResTime" : 32045.900109769485,
    "medianResTime" : 32424.0,
    "minResTime" : 341.0,
    "maxResTime" : 178172.0,
    "pct1ResTime" : 48844.0,
    "pct2ResTime" : 59824.399999999994,
    "pct3ResTime" : 152292.04,
    "throughput" : 4.126298243945302,
    "receivedKBytesPerSec" : 474.1956013210609,
    "sentKBytesPerSec" : 2.474229036729037
  },
  "Login Welcome-0" : {
    "transaction" : "Login Welcome-0",
    "sampleCount" : 911,
    "errorCount" : 0,
    "errorPct" : 0.0,
    "meanResTime" : 17754.052689352375,
    "medianResTime" : 18593.0,
    "minResTime" : 193.0,
    "maxResTime" : 61757.0,
    "pct1ResTime" : 34425.8,
    "pct2ResTime" : 36060.2,
    "pct3ResTime" : 44713.119999999995,
    "throughput" : 8.131024634059264,
    "receivedKBytesPerSec" : 20.90721470847465,
    "sentKBytesPerSec" : 4.07345277077383
  },
  "Login" : {
    "transaction" : "Login",
    "sampleCount" : 1000,
    "errorCount" : 285,
    "errorPct" : 28.5,
    "meanResTime" : 136780.20100000023,
    "medianResTime" : 145255.0,
    "minResTime" : 3875.0,
    "maxResTime" : 259676.0,
    "pct1ResTime" : 174223.2,
    "pct2ResTime" : 185819.79999999993,
    "pct3ResTime" : 211645.94,
    "throughput" : 3.1047897591614584,
    "receivedKBytesPerSec" : 1029.5500032939879,
    "sentKBytesPerSec" : 15.19149676189833
  },
  "Login-0" : {
    "transaction" : "Login-0",
    "sampleCount" : 942,
    "errorCount" : 0,
    "errorPct" : 0.0,
    "meanResTime" : 52059.219745222916,
    "medianResTime" : 53133.5,
    "minResTime" : 1430.0,
    "maxResTime" : 123656.0,
    "pct1ResTime" : 78375.40000000001,
    "pct2ResTime" : 85102.34999999999,
    "pct3ResTime" : 96221.87999999998,
    "throughput" : 2.9500649828539216,
    "receivedKBytesPerSec" : 1.2529323023503438,
    "sentKBytesPerSec" : 2.1484894911764245
  },
  "Logout-2" : {
    "transaction" : "Logout-2",
    "sampleCount" : 993,
    "errorCount" : 2,
    "errorPct" : 0.20140988,
    "meanResTime" : 17030.70795568981,
    "medianResTime" : 15647.0,
    "minResTime" : 111.0,
    "maxResTime" : 81942.0,
    "pct1ResTime" : 33179.6,
    "pct2ResTime" : 38135.8,
    "pct3ResTime" : 56491.73999999994,
    "throughput" : 3.192207541710869,
    "receivedKBytesPerSec" : 378.99752391945543,
    "sentKBytesPerSec" : 1.9353310749991963
  },
  "Login-1" : {
    "transaction" : "Login-1",
    "sampleCount" : 942,
    "errorCount" : 32,
    "errorPct" : 3.3970275,
    "meanResTime" : 43665.32484076434,
    "medianResTime" : 42099.0,
    "minResTime" : 620.0,
    "maxResTime" : 155502.0,
    "pct1ResTime" : 56944.700000000004,
    "pct2ResTime" : 66509.99999999996,
    "pct3ResTime" : 150717.34,
    "throughput" : 2.9950305385014038,
    "receivedKBytesPerSec" : 12.773742775720857,
    "sentKBytesPerSec" : 1.7960595238473742
  },
  "Logout-1" : {
    "transaction" : "Logout-1",
    "sampleCount" : 995,
    "errorCount" : 2,
    "errorPct" : 0.20100503,
    "meanResTime" : 22590.196984924612,
    "medianResTime" : 16451.0,
    "minResTime" : 76.0,
    "maxResTime" : 122971.0,
    "pct1ResTime" : 42791.0,
    "pct2ResTime" : 52519.6,
    "pct3ResTime" : 63412.159999999945,
    "throughput" : 3.18026509667047,
    "receivedKBytesPerSec" : 8.431095396566272,
    "sentKBytesPerSec" : 1.6151438001211376
  },
  "Login-2" : {
    "transaction" : "Login-2",
    "sampleCount" : 910,
    "errorCount" : 0,
    "errorPct" : 0.0,
    "meanResTime" : 4447.461538461537,
    "medianResTime" : 111.0,
    "minResTime" : 83.0,
    "maxResTime" : 71720.0,
    "pct1ResTime" : 16736.7,
    "pct2ResTime" : 32598.49999999998,
    "pct3ResTime" : 58436.92999999997,
    "throughput" : 2.9954804454378174,
    "receivedKBytesPerSec" : 66.11437838843152,
    "sentKBytesPerSec" : 1.75675232931522
  },
  "Logout-0" : {
    "transaction" : "Logout-0",
    "sampleCount" : 995,
    "errorCount" : 0,
    "errorPct" : 0.0,
    "meanResTime" : 27130.066331658254,
    "medianResTime" : 26871.0,
    "minResTime" : 99.0,
    "maxResTime" : 107365.0,
    "pct1ResTime" : 48109.2,
    "pct2ResTime" : 53023.6,
    "pct3ResTime" : 63301.51999999996,
    "throughput" : 3.1655335435205187,
    "receivedKBytesPerSec" : 1.4012320228713777,
    "sentKBytesPerSec" : 1.7929779836346689
  },
  "Login-3" : {
    "transaction" : "Login-3",
    "sampleCount" : 910,
    "errorCount" : 2,
    "errorPct" : 0.21978022,
    "meanResTime" : 37283.64615384618,
    "medianResTime" : 33998.5,
    "minResTime" : 508.0,
    "maxResTime" : 151851.0,
    "pct1ResTime" : 55027.899999999994,
    "pct2ResTime" : 57117.149999999994,
    "pct3ResTime" : 74676.48999999998,
    "throughput" : 2.881251286272896,
    "receivedKBytesPerSec" : 170.03241716897273,
    "sentKBytesPerSec" : 1.8017776786138333
  },
  "Login-4" : {
    "transaction" : "Login-4",
    "sampleCount" : 910,
    "errorCount" : 6,
    "errorPct" : 0.6593407,
    "meanResTime" : 37487.93846153846,
    "medianResTime" : 34339.5,
    "minResTime" : 747.0,
    "maxResTime" : 153545.0,
    "pct1ResTime" : 54089.5,
    "pct2ResTime" : 56973.549999999996,
    "pct3ResTime" : 75955.98999999996,
    "throughput" : 2.894043041734645,
    "receivedKBytesPerSec" : 389.48814147974645,
    "sentKBytesPerSec" : 1.825224844882473
  },
  "Login-5" : {
    "transaction" : "Login-5",
    "sampleCount" : 780,
    "errorCount" : 2,
    "errorPct" : 0.25641027,
    "meanResTime" : 38913.78076923077,
    "medianResTime" : 35598.5,
    "minResTime" : 952.0,
    "maxResTime" : 152570.0,
    "pct1ResTime" : 54874.1,
    "pct2ResTime" : 57536.4,
    "pct3ResTime" : 73062.77999999993,
    "throughput" : 2.5182248451937417,
    "receivedKBytesPerSec" : 54.6066268711137,
    "sentKBytesPerSec" : 1.5976849028788476
  },
  "Login-6" : {
    "transaction" : "Login-6",
    "sampleCount" : 774,
    "errorCount" : 3,
    "errorPct" : 0.3875969,
    "meanResTime" : 39332.51937984497,
    "medianResTime" : 35606.0,
    "minResTime" : 883.0,
    "maxResTime" : 179462.0,
    "pct1ResTime" : 54599.0,
    "pct2ResTime" : 56559.25,
    "pct3ResTime" : 85264.0,
    "throughput" : 2.565275319665122,
    "receivedKBytesPerSec" : 219.61183367367147,
    "sentKBytesPerSec" : 1.632643599696078
  },
  "Logout-4" : {
    "transaction" : "Logout-4",
    "sampleCount" : 993,
    "errorCount" : 1,
    "errorPct" : 0.10070494,
    "meanResTime" : 16826.649546827786,
    "medianResTime" : 15566.0,
    "minResTime" : 78.0,
    "maxResTime" : 65840.0,
    "pct1ResTime" : 33182.600000000006,
    "pct2ResTime" : 38753.29999999999,
    "pct3ResTime" : 55639.86,
    "throughput" : 3.192546224404171,
    "receivedKBytesPerSec" : 116.94564272096247,
    "sentKBytesPerSec" : 1.9236338090404037
  },
  "Login-7" : {
    "transaction" : "Login-7",
    "sampleCount" : 774,
    "errorCount" : 7,
    "errorPct" : 0.9043928,
    "meanResTime" : 39390.46511627902,
    "medianResTime" : 35372.0,
    "minResTime" : 597.0,
    "maxResTime" : 169609.0,
    "pct1ResTime" : 55120.0,
    "pct2ResTime" : 60911.0,
    "pct3ResTime" : 82619.25,
    "throughput" : 2.458391563969,
    "receivedKBytesPerSec" : 18.31525536780587,
    "sentKBytesPerSec" : 1.5430456739931395
  },
  "Logout-3" : {
    "transaction" : "Logout-3",
    "sampleCount" : 993,
    "errorCount" : 0,
    "errorPct" : 0.0,
    "meanResTime" : 17123.846928499504,
    "medianResTime" : 15603.0,
    "minResTime" : 88.0,
    "maxResTime" : 140704.0,
    "pct1ResTime" : 33146.4,
    "pct2ResTime" : 38527.69999999996,
    "pct3ResTime" : 55882.55999999997,
    "throughput" : 3.1914073045624587,
    "receivedKBytesPerSec" : 272.2640387623012,
    "sentKBytesPerSec" : 1.9056226106627712
  },
  "Login-8" : {
    "transaction" : "Login-8",
    "sampleCount" : 774,
    "errorCount" : 43,
    "errorPct" : 5.5555553,
    "meanResTime" : 38792.78811369511,
    "medianResTime" : 35646.0,
    "minResTime" : 155.0,