{
  "Session Test" : {
    "transaction" : "Session Test",
    "sampleCount" : 7000,
    "errorCount" : 0,
    "errorPct" : 0.0,
    "meanResTime" : 2408.6407142857106,
    "medianResTime" : 2387.0,
    "minResTime" : 77.0,
    "maxResTime" : 7250.0,
    "pct1ResTime" : 3725.9000000000005,
    "pct2ResTime" : 4154.95,
    "pct3ResTime" : 4987.859999999997,
    "throughput" : 23.211857943429386,
    "receivedKBytesPerSec" : 8904.694245298562,
    "sentKBytesPerSec" : 106.6748080876745
  },
  "Login Welcome-1" : {
    "transaction" : "Login Welcome-1",
    "sampleCount" : 70,
    "errorCount" : 0,
    "errorPct" : 0.0,
    "meanResTime" : 321.34285714285716,
    "medianResTime" : 285.0,
    "minResTime" : 15.0,
    "maxResTime" : 1076.0,
    "pct1ResTime" : 744.5999999999999,
    "pct2ResTime" : 956.9,
    "pct3ResTime" : 1076.0,
    "throughput" : 1.1463007238070284,
    "receivedKBytesPerSec" : 136.2228406048374,
    "sentKBytesPerSec" : 0.6906909634657583
  },
  "Login Welcome-0" : {
    "transaction" : "Login Welcome-0",
    "sampleCount" : 70,
    "errorCount" : 0,
    "errorPct" : 0.0,
    "meanResTime" : 341.0571428571428,
    "medianResTime" : 257.5,
    "minResTime" : 11.0,
    "maxResTime" : 1578.0,
    "pct1ResTime" : 776.4,
    "pct2ResTime" : 1142.8000000000004,
    "pct3ResTime" : 1578.0,
    "throughput" : 1.1524720525527254,
    "receivedKBytesPerSec" : 2.9633387835657485,
    "sentKBytesPerSec" : 0.5751105652875418
  },
  "Login-0" : {
    "transaction" : "Login-0",
    "sampleCount" : 70,
    "errorCount" : 0,
    "errorPct" : 0.0,
    "meanResTime" : 1156.285714285714,
    "medianResTime" : 951.0,
    "minResTime" : 229.0,
    "maxResTime" : 3594.0,
    "pct1ResTime" : 2077.4,
    "pct2ResTime" : 2144.65,
    "pct3ResTime" : 3594.0,
    "throughput" : 1.1126299392821948,
    "receivedKBytesPerSec" : 0.47699662436023776,
    "sentKBytesPerSec" : 0.8149145063102012
  },
  "Login-1" : {
    "transaction" : "Login-1",
    "sampleCount" : 70,
    "errorCount" : 0,
    "errorPct" : 0.0,
    "meanResTime" : 479.78571428571416,
    "medianResTime" : 369.5,
    "minResTime" : 13.0,
    "maxResTime" : 1989.0,
    "pct1ResTime" : 1092.1999999999998,
    "pct2ResTime" : 1294.3500000000006,
    "pct3ResTime" : 1989.0,
    "throughput" : 1.106981892939037,
    "receivedKBytesPerSec" : 5.213841474262671,
    "sentKBytesPerSec" : 0.6713239799952558
  },
  "Login-2" : {
    "transaction" : "Login-2",
    "sampleCount" : 70,
    "errorCount" : 0,
    "errorPct" : 0.0,
    "meanResTime" : 159.25714285714284,
    "medianResTime" : 107.0,
    "minResTime" : 78.0,
    "maxResTime" : 1426.0,
    "pct1ResTime" : 132.9,
    "pct2ResTime" : 713.0500000000013,
    "pct3ResTime" : 1426.0,
    "throughput" : 1.1053911505542746,
    "receivedKBytesPerSec" : 6.599962396961754,
    "sentKBytesPerSec" : 0.6358158082778006
  },
  "Login-3" : {
    "transaction" : "Login-3",
    "sampleCount" : 70,
    "errorCount" : 0,
    "errorPct" : 0.0,
    "meanResTime" : 360.7714285714286,
    "medianResTime" : 275.5,
    "minResTime" : 26.0,
    "maxResTime" : 1576.0,
    "pct1ResTime" : 798.8,
    "pct2ResTime" : 1016.2500000000002,
    "pct3ResTime" : 1576.0,
    "throughput" : 1.1047979797979797,
    "receivedKBytesPerSec" : 59.98599890506629,
    "sentKBytesPerSec" : 0.6861831202651515
  },
  "Login-4" : {
    "transaction" : "Login-4",
    "sampleCount" : 70,
    "errorCount" : 0,
    "errorPct" : 0.0,
    "meanResTime" : 308.52857142857147,
    "medianResTime" : 264.5,
    "minResTime" : 18.0,
    "maxResTime" : 985.0,
    "pct1ResTime" : 613.5,
    "pct2ResTime" : 722.3500000000001,
    "pct3ResTime" : 985.0,
    "throughput" : 1.0953930896344517,
    "receivedKBytesPerSec" : 167.14051179308024,
    "sentKBytesPerSec" : 0.6867601206497246
  },
  "Session Test-5" : {
    "transaction" : "Session Test-5",
    "sampleCount" : 7000,
    "errorCount" : 0,
    "errorPct" : 0.0,
    "meanResTime" : 532.6762857142849,
    "medianResTime" : 459.5,
    "minResTime" : 18.0,
    "maxResTime" : 3146.0,
    "pct1ResTime" : 1018.9000000000005,
    "pct2ResTime" : 1240.0,
    "pct3ResTime" : 1698.9599999999991,
    "throughput" : 23.214783173925156,
    "receivedKBytesPerSec" : 1975.9769582654164,
    "sentKBytesPerSec" : 13.330363775652335
  },
  "Login-5" : {
    "transaction" : "Login-5",
    "sampleCount" : 70,
    "errorCount" : 0,
    "errorPct" : 0.0,
    "meanResTime" : 314.6142857142857,
    "medianResTime" : 262.5,
    "minResTime" : 11.0,
    "maxResTime" : 1597.0,
    "pct1ResTime" : 605.5,
    "pct2ResTime" : 805.0000000000002,
    "pct3ResTime" : 1597.0,
    "throughput" : 1.098780353807274,
    "receivedKBytesPerSec" : 23.44028987199209,
    "sentKBytesPerSec" : 0.6921028595758708
  },
  "Session Test-6" : {
    "transaction" : "Session Test-6",
    "sampleCount" : 7000,
    "errorCount" : 0,
    "errorPct" : 0.0,
    "meanResTime" : 540.3035714285691,
    "medianResTime" : 473.0,
    "minResTime" : 18.0,
    "maxResTime" : 2829.0,
    "pct1ResTime" : 1039.0,
    "pct2ResTime" : 1253.0,
    "pct3ResTime" : 1728.9899999999998,
    "throughput" : 23.214860163631602,
    "receivedKBytesPerSec" : 167.06084428300903,
    "sentKBytesPerSec" : 13.375749508342425
  },
  "Login-6" : {
    "transaction" : "Login-6",
    "sampleCount" : 70,
    "errorCount" : 0,
    "errorPct" : 0.0,
    "meanResTime" : 362.5571428571428,
    "medianResTime" : 335.5,
    "minResTime" : 19.0,
    "maxResTime" : 1114.0,
    "pct1ResTime" : 673.4,
    "pct2ResTime" : 802.9,
    "pct3ResTime" : 1114.0,
    "throughput" : 1.0882407810459547,
    "receivedKBytesPerSec" : 92.62799460543499,
    "sentKBytesPerSec" : 0.6769622827405012
  },
  "Session Test-7" : {
    "transaction" : "Session Test-7",
    "sampleCount" : 7000,
    "errorCount" : 0,
    "errorPct" : 0.0,
    "meanResTime" : 524.7924285714255,
    "medianResTime" : 457.5,
    "minResTime" : 18.0,
    "maxResTime" : 3431.0,
    "pct1ResTime" : 1008.9000000000005,
    "pct2ResTime" : 1231.8999999999996,
    "pct3ResTime" : 1658.8999999999978,
    "throughput" : 23.216015070510355,
    "receivedKBytesPerSec" : 1327.9832683008528,
    "sentKBytesPerSec" : 13.399086822921502
  },
  "Login-7" : {
    "transaction" : "Login-7",
    "sampleCount" : 70,
    "errorCount" : 0,
    "errorPct" : 0.0,
    "meanResTime" : 356.71428571428584,
    "medianResTime" : 312.5,
    "minResTime" : 18.0,
    "maxResTime" : 1770.0,
    "pct1ResTime" : 687.5,
    "pct2ResTime" : 838.1500000000001,
    "pct3ResTime" : 1770.0,
    "throughput" : 1.1051119320514036,
    "receivedKBytesPerSec" : 7.952704909459758,
    "sentKBytesPerSec" : 0.6896157466609832
  },
  "Login-8" : {
    "transaction" : "Login-8",
    "sampleCount" : 70,
    "errorCount" : 0,
    "errorPct" : 0.0,
    "meanResTime" : 379.8571428571429,
    "medianResTime" : 279.0,
    "minResTime" : 21.0,
    "maxResTime" : 2087.0,
    "pct1ResTime" : 789.5999999999999,
    "pct2ResTime" : 1026.7500000000005,
    "pct3ResTime" : 2087.0,
    "throughput" : 1.0919925744504937,
    "receivedKBytesPerSec" : 62.46325493736643,
    "sentKBytesPerSec" : 0.6824953590315587
  },
  "Session Test-1" : {
    "transaction" : "Session Test-1",
    "sampleCount" : 7000,
    "errorCount" : 0,
    "errorPct" : 0.0,
    "meanResTime" : 677.8445714285701,
    "medianResTime" : 592.0,
    "minResTime" : 13.0,
    "maxResTime" : 4093.0,
    "pct1ResTime" : 1309.9000000000005,
    "pct2ResTime" : 1585.9499999999998,
    "pct3ResTime" : 2192.899999999998,
    "throughput" : 23.215707084107187,
    "receivedKBytesPerSec" : 128.6159241095118,
    "sentKBytesPerSec" : 13.081506823759618
  },
  "Session Test-2" : {
    "transaction" : "Session Test-2",
    "sampleCount" : 7000,
    "errorCount" : 0,
    "errorPct" : 0.0,
    "meanResTime" : 510.79271428571514,
    "medianResTime" : 436.0,
    "minResTime" : 17.0,
    "maxResTime" : 2894.0,
    "pct1ResTime" : 1011.9000000000005,
    "pct2ResTime" : 1238.9499999999998,